ticker,forecast_date,horizon_weeks,predicted_return,sharpe_ratio_3m,latest_date
A,2025-11-21 05:00:00,1,-0.026113037,0.3628956466639322,2025-11-14 05:00:00
AAPL,2025-11-21 05:00:00,1,-0.02655305,0.4549544681829668,2025-11-14 05:00:00
ABBV,2025-11-21 05:00:00,1,-0.027224056,0.3636564291672795,2025-11-14 05:00:00
ABNB,2025-11-21 05:00:00,1,-0.028395353,-0.1871703414977284,2025-11-14 05:00:00
ABT,2025-11-21 05:00:00,1,-0.027576769,0.0622993571978608,2025-11-14 05:00:00
ACGL,2025-11-21 05:00:00,1,-0.028128687,-0.0072738044438882,2025-11-14 05:00:00
ACN,2025-11-21 05:00:00,1,-0.025225906,-0.2730130312929993,2025-11-14 05:00:00
ADBE,2025-11-21 05:00:00,1,-0.024268584,-0.2079771045583132,2025-11-14 05:00:00
ADI,2025-11-21 05:00:00,1,-0.026560318,-0.1729136001718302,2025-11-14 05:00:00
ADM,2025-11-21 05:00:00,1,-0.029825475,-0.2164974113357676,2025-11-14 05:00:00
ADP,2025-11-21 05:00:00,1,-0.030015199,-0.6472246059235082,2025-11-14 05:00:00
ADSK,2025-11-21 05:00:00,1,-0.02617122,0.0240397287157634,2025-11-14 05:00:00
AEE,2025-11-21 05:00:00,1,-0.028450947,0.2012698180023851,2025-11-14 05:00:00
AEP,2025-11-21 05:00:00,1,-0.029020812,0.256129185068669,2025-11-14 05:00:00
AES,2025-11-21 05:00:00,1,-0.050993524,-0.0363198833760121,2025-11-14 05:00:00
AFL,2025-11-21 05:00:00,1,-0.027418401,0.2722812469168186,2025-11-14 05:00:00
AIG,2025-11-21 05:00:00,1,-0.0240166,-0.1540331323231766,2025-11-14 05:00:00
AIZ,2025-11-21 05:00:00,1,-0.024636466,0.2107562213303451,2025-11-14 05:00:00
AJG,2025-11-21 05:00:00,1,-0.028068392,-0.2671103743941286,2025-11-14 05:00:00
AKAM,2025-11-21 05:00:00,1,-0.02550038,0.214785828655724,2025-11-14 05:00:00
ALB,2025-11-21 05:00:00,1,-0.030185983,0.3821862995998362,2025-11-14 05:00:00
ALGN,2025-11-21 05:00:00,1,-0.0251233,-0.2680875678660505,2025-11-14 05:00:00
ALL,2025-11-21 05:00:00,1,-0.026965484,0.140976871685381,2025-11-14 05:00:00
ALLE,2025-11-21 05:00:00,1,-0.049525503,-0.1025859427697816,2025-11-14 05:00:00
AMAT,2025-11-21 05:00:00,1,-0.0497211,0.2989926227438172,2025-11-14 05:00:00
AMCR,2025-11-21 05:00:00,1,-0.026843436,-0.069323743200022,2025-11-14 05:00:00
AMD,2025-11-21 05:00:00,1,-0.031099934,0.0013822107618483,2025-11-14 05:00:00
AME,2025-11-21 05:00:00,1,-0.0323412,0.0195745750020996,2025-11-14 05:00:00
AMGN,2025-11-21 05:00:00,1,-0.027266758,0.3103767835315777,2025-11-14 05:00:00
AMP,2025-11-21 05:00:00,1,-0.027275505,-0.3937649478166642,2025-11-14 05:00:00
AMT,2025-11-21 05:00:00,1,-0.027954422,-0.2872091904834708,2025-11-14 05:00:00
AMZN,2025-11-21 05:00:00,1,-0.042380057,-0.0755616801669138,2025-11-14 05:00:00
ANET,2025-11-21 05:00:00,1,-0.044947974,-0.174474216273772,2025-11-14 05:00:00
AON,2025-11-21 05:00:00,1,-0.02755782,-0.1196479286651135,2025-11-14 05:00:00
AOS,2025-11-21 05:00:00,1,-0.029351301,-0.24625404111497,2025-11-14 05:00:00
APA,2025-11-21 05:00:00,1,-0.02606069,0.1469325217249281,2025-11-14 05:00:00
APD,2025-11-21 05:00:00,1,-0.027476681,-0.2559286320833062,2025-11-14 05:00:00
APH,2025-11-21 05:00:00,1,-0.04333637,0.3766096054104905,2025-11-14 05:00:00
APO,2025-11-21 05:00:00,1,-0.040906396,-0.1544836101373262,2025-11-14 05:00:00
APTV,2025-11-21 05:00:00,1,-0.042649608,0.0480363605934072,2025-11-14 05:00:00
ARE,2025-11-21 05:00:00,1,-0.04407265,-0.3499933268095815,2025-11-14 05:00:00
ATO,2025-11-21 05:00:00,1,-0.028450947,0.3113784699235786,2025-11-14 05:00:00
AVB,2025-11-21 05:00:00,1,-0.030253652,-0.1438169856536322,2025-11-14 05:00:00
AVGO,2025-11-21 05:00:00,1,-0.05087553,0.0494625530516285,2025-11-14 05:00:00
AVY,2025-11-21 05:00:00,1,-0.024764743,0.0216889025882564,2025-11-14 05:00:00
AWK,2025-11-21 05:00:00,1,-0.02788329,-0.1011782324248007,2025-11-14 05:00:00
AXON,2025-11-21 05:00:00,1,-0.042187538,-0.4106084865413034,2025-11-14 05:00:00
AXP,2025-11-21 05:00:00,1,-0.030932296,0.2750684478754654,2025-11-14 05:00:00
AZO,2025-11-21 05:00:00,1,-0.040622994,-0.1323445791533123,2025-11-14 05:00:00
BA,2025-11-21 05:00:00,1,-0.032527212,-0.4228782839607335,2025-11-14 05:00:00
BAC,2025-11-21 05:00:00,1,-0.030737557,0.2080518034455365,2025-11-14 05:00:00
BALL,2025-11-21 05:00:00,1,-0.024726659,-0.1182722691064765,2025-11-14 05:00:00
BAX,2025-11-21 05:00:00,1,-0.028944867,-0.2505715330857861,2025-11-14 05:00:00
BBY,2025-11-21 05:00:00,1,-0.043325458,-0.025344310565635,2025-11-14 05:00:00
BDX,2025-11-21 05:00:00,1,-0.026585653,-0.0264024522372994,2025-11-14 05:00:00
BEN,2025-11-21 05:00:00,1,-0.024257885,-0.4122678299442824,2025-11-14 05:00:00
BG,2025-11-21 05:00:00,1,-0.033518445,0.1257342721751644,2025-11-14 05:00:00
BIIB,2025-11-21 05:00:00,1,-0.025741415,0.2519854381502777,2025-11-14 05:00:00
BK,2025-11-21 05:00:00,1,-0.024310997,0.3182743761084259,2025-11-14 05:00:00
BKNG,2025-11-21 05:00:00,1,-0.025940105,-0.5502780919931333,2025-11-14 05:00:00
BKR,2025-11-21 05:00:00,1,-0.032439176,0.0505533574519701,2025-11-14 05:00:00
BLDR,2025-11-21 05:00:00,1,-0.044935446,-0.3664551419138562,2025-11-14 05:00:00
BLK,2025-11-21 05:00:00,1,-0.043909296,-0.328900723710535,2025-11-14 05:00:00
BMY,2025-11-21 05:00:00,1,-0.02741277,0.1316782992235913,2025-11-14 05:00:00
BR,2025-11-21 05:00:00,1,-0.024379283,-0.4798560393098453,2025-11-14 05:00:00
BRO,2025-11-21 05:00:00,1,-0.027843682,-0.292316973382802,2025-11-14 05:00:00
BSX,2025-11-21 05:00:00,1,-0.024622584,-0.0218538460795851,2025-11-14 05:00:00
BX,2025-11-21 05:00:00,1,-0.047984004,-0.3798553282472933,2025-11-14 05:00:00
BXP,2025-11-21 05:00:00,1,-0.032940984,0.1554489987866977,2025-11-14 05:00:00
C,2025-11-21 05:00:00,1,-0.02704734,0.0807924648938423,2025-11-14 05:00:00
CAG,2025-11-21 05:00:00,1,-0.027146898,-0.3477067122689182,2025-11-14 05:00:00
CAH,2025-11-21 05:00:00,1,-0.026902173,0.6388781686485808,2025-11-14 05:00:00
CARR,2025-11-21 05:00:00,1,-0.041183777,-0.6446672481686971,2025-11-14 05:00:00
CAT,2025-11-21 05:00:00,1,-0.04513324,0.3825420184720848,2025-11-14 05:00:00
CB,2025-11-21 05:00:00,1,-0.024773844,0.2581639730012525,2025-11-14 05:00:00
CBOE,2025-11-21 05:00:00,1,-0.027576769,0.1473881749646373,2025-11-14 05:00:00
CBRE,2025-11-21 05:00:00,1,-0.025972135,-0.1066842954346938,2025-11-14 05:00:00
CCI,2025-11-21 05:00:00,1,-0.024399249,-0.1110396530765288,2025-11-14 05:00:00
CCL,2025-11-21 05:00:00,1,-0.04377698,-0.4429288888602722,2025-11-14 05:00:00
CDNS,2025-11-21 05:00:00,1,-0.044003572,-0.2455505533358213,2025-11-14 05:00:00
CDW,2025-11-21 05:00:00,1,-0.025849566,-0.2519197434849595,2025-11-14 05:00:00
CEG,2025-11-21 05:00:00,1,-0.059271704,-0.0502668706301392,2025-11-14 05:00:00
CF,2025-11-21 05:00:00,1,-0.02515462,-0.1347901057805011,2025-11-14 05:00:00
CFG,2025-11-21 05:00:00,1,-0.027164578,0.0086589271684149,2025-11-14 05:00:00
CHD,2025-11-21 05:00:00,1,-0.034160543,-0.273962528000798,2025-11-14 05:00:00
CHRW,2025-11-21 05:00:00,1,-0.028365495,0.2627449555244271,2025-11-14 05:00:00
CHTR,2025-11-21 05:00:00,1,-0.04746026,-0.5692306996561793,2025-11-14 05:00:00
CI,2025-11-21 05:00:00,1,-0.027155073,-0.0613283642799538,2025-11-14 05:00:00
CINF,2025-11-21 05:00:00,1,-0.025824333,0.2108079523601912,2025-11-14 05:00:00
CL,2025-11-21 05:00:00,1,-0.026972633,-0.2535821070728323,2025-11-14 05:00:00
CLX,2025-11-21 05:00:00,1,-0.03788295,-0.362682127946061,2025-11-14 05:00:00
CMCSA,2025-11-21 05:00:00,1,-0.027099337,-0.3965276838051992,2025-11-14 05:00:00
CME,2025-11-21 05:00:00,1,-0.025436083,0.3009838895619032,2025-11-14 05:00:00
CMG,2025-11-21 05:00:00,1,-0.03261052,-0.3461803773242506,2025-11-14 05:00:00
CMI,2025-11-21 05:00:00,1,-0.032134034,0.2856934715326187,2025-11-14 05:00:00
CMS,2025-11-21 05:00:00,1,-0.027576769,0.3304312249762132,2025-11-14 05:00:00
CNC,2025-11-21 05:00:00,1,-0.040654726,0.3404289636445092,2025-11-14 05:00:00
CNP,2025-11-21 05:00:00,1,-0.02653015,0.2453287833686958,2025-11-14 05:00:00
COF,2025-11-21 05:00:00,1,-0.030796284,-0.1067295149528836,2025-11-14 05:00:00
COIN,2025-11-21 05:00:00,1,-0.054940294,-0.1453409850355559,2025-11-14 05:00:00
COO,2025-11-21 05:00:00,1,-0.029465185,-0.2057033235516228,2025-11-14 05:00:00
COP,2025-11-21 05:00:00,1,-0.025569508,-0.1770022170062969,2025-11-14 05:00:00
COR,2025-11-21 05:00:00,1,-0.024633294,0.7007779847223152,2025-11-14 05:00:00
COST,2025-11-21 05:00:00,1,-0.026772702,-0.0708166565536659,2025-11-14 05:00:00
CPAY,2025-11-21 05:00:00,1,-0.027722588,-0.3675379047862643,2025-11-14 05:00:00
CPB,2025-11-21 05:00:00,1,-0.027265593,-0.0604122663690814,2025-11-14 05:00:00
CPRT,2025-11-21 05:00:00,1,-0.026875822,-0.515665850912754,2025-11-14 05:00:00
CPT,2025-11-21 05:00:00,1,-0.024902642,-0.0817715381080566,2025-11-14 05:00:00
CRL,2025-11-21 05:00:00,1,-0.027381077,0.0905834224152061,2025-11-14 05:00:00
CRM,2025-11-21 05:00:00,1,-0.025322434,-0.1084354447454155,2025-11-14 05:00:00
CRWD,2025-11-21 05:00:00,1,-0.044234946,0.2876269870497362,2025-11-14 05:00:00
CSCO,2025-11-21 05:00:00,1,-0.025097268,0.3210467965961932,2025-11-14 05:00:00
CSGP,2025-11-21 05:00:00,1,-0.026584588,-0.4497679480655374,2025-11-14 05:00:00
CSX,2025-11-21 05:00:00,1,-0.03526958,-0.0407518394653648,2025-11-14 05:00:00
CTAS,2025-11-21 05:00:00,1,-0.025229676,-0.3348980927169945,2025-11-14 05:00:00
CTRA,2025-11-21 05:00:00,1,-0.031285558,0.1613848703342393,2025-11-14 05:00:00
CTSH,2025-11-21 05:00:00,1,-0.025822401,0.0305299277240057,2025-11-14 05:00:00
CTVA,2025-11-21 05:00:00,1,-0.024399249,-0.2145665320014767,2025-11-14 05:00:00
CVS,2025-11-21 05:00:00,1,-0.027051747,0.564779781077684,2025-11-14 05:00:00
CVX,2025-11-21 05:00:00,1,-0.02614455,-0.061613356743659,2025-11-14 05:00:00
CZR,2025-11-21 05:00:00,1,-0.034934342,-0.3608632573733664,2025-11-14 05:00:00
D,2025-11-21 05:00:00,1,-0.030455807,0.085973407938768,2025-11-14 05:00:00
DAL,2025-11-21 05:00:00,1,-0.028408943,-0.1508006958155285,2025-11-14 05:00:00
DASH,2025-11-21 05:00:00,1,-0.053198975,-0.3845125616471455,2025-11-14 05:00:00
DAY,2025-11-21 05:00:00,1,-0.028806195,-0.0261740927056501,2025-11-14 05:00:00
DD,2025-11-21 05:00:00,1,-0.026014522,0.3305761807031999,2025-11-14 05:00:00
DDOG,2025-11-21 05:00:00,1,-0.041150495,0.4490288226011202,2025-11-14 05:00:00
DE,2025-11-21 05:00:00,1,-0.024840863,-0.2014058248190563,2025-11-14 05:00:00
DECK,2025-11-21 05:00:00,1,-0.048068233,-0.3778074506379167,2025-11-14 05:00:00
DELL,2025-11-21 05:00:00,1,-0.043985527,-0.1111450406337145,2025-11-14 05:00:00
DG,2025-11-21 05:00:00,1,-0.02668035,-0.1703425992879158,2025-11-14 05:00:00
DGX,2025-11-21 05:00:00,1,-0.032078404,0.2468428438957667,2025-11-14 05:00:00
DHI,2025-11-21 05:00:00,1,-0.033675414,-0.1977374189313972,2025-11-14 05:00:00
DHR,2025-11-21 05:00:00,1,-0.024494434,0.1345370271054476,2025-11-14 05:00:00
DIS,2025-11-21 05:00:00,1,-0.04353806,-0.4684799185973609,2025-11-14 05:00:00
DLR,2025-11-21 05:00:00,1,-0.04743287,-0.0791018152313136,2025-11-14 05:00:00
DLTR,2025-11-21 05:00:00,1,-0.03191689,-0.1902561992924366,2025-11-14 05:00:00
DOC,2025-11-21 05:00:00,1,-0.03740868,0.0308020387249756,2025-11-14 05:00:00
DOV,2025-11-21 05:00:00,1,-0.025489645,-0.1065877264112418,2025-11-14 05:00:00
DOW,2025-11-21 05:00:00,1,-0.024954315,-0.0844003957680212,2025-11-14 05:00:00
DPZ,2025-11-21 05:00:00,1,-0.02719446,-0.2691171824942053,2025-11-14 05:00:00
DRI,2025-11-21 05:00:00,1,-0.039076474,-0.3307608449374809,2025-11-14 05:00:00
DTE,2025-11-21 05:00:00,1,-0.029387325,-0.0077180711656002,2025-11-14 05:00:00
DUK,2025-11-21 05:00:00,1,-0.029387325,0.0895373362454057,2025-11-14 05:00:00
DVA,2025-11-21 05:00:00,1,-0.025053693,-0.1869434146374664,2025-11-14 05:00:00
DVN,2025-11-21 05:00:00,1,-0.024836045,-0.0248765001153767,2025-11-14 05:00:00
DXCM,2025-11-21 05:00:00,1,-0.024999049,-0.3203354686233522,2025-11-14 05:00:00
EA,2025-11-21 05:00:00,1,-0.029020812,0.3097168950673699,2025-11-14 05:00:00
EBAY,2025-11-21 05:00:00,1,-0.029484238,-0.1899770097783032,2025-11-14 05:00:00
ECL,2025-11-21 05:00:00,1,-0.027732085,-0.2387175874467072,2025-11-14 05:00:00
ED,2025-11-21 05:00:00,1,-0.02764485,0.0680140556410931,2025-11-14 05:00:00
EFX,2025-11-21 05:00:00,1,-0.033710226,-0.3980175462691591,2025-11-14 05:00:00
EG,2025-11-21 05:00:00,1,-0.027766028,-0.0255669483410184,2025-11-14 05:00:00
EIX,2025-11-21 05:00:00,1,-0.024727924,0.230131672160857,2025-11-14 05:00:00
EL,2025-11-21 05:00:00,1,-0.033634152,-0.1897070103338585,2025-11-14 05:00:00
ELV,2025-11-21 05:00:00,1,-0.02882074,0.1458310883270961,2025-11-14 05:00:00
EMN,2025-11-21 05:00:00,1,-0.02509206,-0.232083859046394,2025-11-14 05:00:00
EMR,2025-11-21 05:00:00,1,-0.033780456,-0.1566914376673365,2025-11-14 05:00:00
ENPH,2025-11-21 05:00:00,1,-0.05738048,-0.37488931432347,2025-11-14 05:00:00
EOG,2025-11-21 05:00:00,1,-0.02721803,-0.2926783702260247,2025-11-14 05:00:00
EPAM,2025-11-21 05:00:00,1,-0.025277127,0.0519179513330684,2025-11-14 05:00:00
EQIX,2025-11-21 05:00:00,1,-0.043862164,0.0554257610476112,2025-11-14 05:00:00
EQR,2025-11-21 05:00:00,1,-0.027477201,-0.193133400134649,2025-11-14 05:00:00
EQT,2025-11-21 05:00:00,1,-0.03221951,0.2145769245403636,2025-11-14 05:00:00
ERIE,2025-11-21 05:00:00,1,-0.026496282,-0.5073234799365656,2025-11-14 05:00:00
ES,2025-11-21 05:00:00,1,-0.025842275,0.7725290199071412,2025-11-14 05:00:00
ESS,2025-11-21 05:00:00,1,-0.03227624,0.0462579678651171,2025-11-14 05:00:00
ETN,2025-11-21 05:00:00,1,-0.05018615,-0.1949409310909997,2025-11-14 05:00:00
ETR,2025-11-21 05:00:00,1,-0.035024278,0.2383438207175731,2025-11-14 05:00:00
EVRG,2025-11-21 05:00:00,1,-0.028947474,0.2488352029218149,2025-11-14 05:00:00
EW,2025-11-21 05:00:00,1,-0.024774294,0.1826943337208795,2025-11-14 05:00:00
EXC,2025-11-21 05:00:00,1,-0.030751634,0.1304017072734688,2025-11-14 05:00:00
EXE,2025-11-21 05:00:00,1,-0.025399406,0.3504920420407681,2025-11-14 05:00:00
EXPD,2025-11-21 05:00:00,1,-0.029687304,0.2560806674085086,2025-11-14 05:00:00
EXPE,2025-11-21 05:00:00,1,-0.026417421,0.3355109785106761,2025-11-14 05:00:00
EXR,2025-11-21 05:00:00,1,-0.030583639,-0.0534937268561879,2025-11-14 05:00:00
F,2025-11-21 05:00:00,1,-0.026778435,0.1979646348716374,2025-11-14 05:00:00
FANG,2025-11-21 05:00:00,1,-0.024911584,-0.0182310980397827,2025-11-14 05:00:00
FAST,2025-11-21 05:00:00,1,-0.030513033,-0.6616784988757894,2025-11-14 05:00:00
FCX,2025-11-21 05:00:00,1,-0.035053074,-0.1722524309050328,2025-11-14 05:00:00
FDS,2025-11-21 05:00:00,1,-0.027257554,-0.4129573599160263,2025-11-14 05:00:00
FDX,2025-11-21 05:00:00,1,-0.024972057,0.3054235006925887,2025-11-14 05:00:00
FE,2025-11-21 05:00:00,1,-0.028132558,0.3184016545453776,2025-11-14 05:00:00
FFIV,2025-11-21 05:00:00,1,-0.04342663,-0.4210861496047587,2025-11-14 05:00:00
FI,2025-11-21 05:00:00,1,-0.028272716,-0.3783588562146641,2025-11-14 05:00:00
FICO,2025-11-21 05:00:00,1,-0.034785178,0.239911523642566,2025-11-14 05:00:00
FIS,2025-11-21 05:00:00,1,-0.02585301,-0.1854849407133767,2025-11-14 05:00:00
FITB,2025-11-21 05:00:00,1,-0.031287514,-0.1201510931400482,2025-11-14 05:00:00
FOX,2025-11-21 05:00:00,1,-0.028837414,0.1353567657428007,2025-11-14 05:00:00
FOXA,2025-11-21 05:00:00,1,-0.030561574,0.1431727993424941,2025-11-14 05:00:00
FRT,2025-11-21 05:00:00,1,-0.025823327,0.1138811463975775,2025-11-14 05:00:00
FSLR,2025-11-21 05:00:00,1,-0.054983,0.3968310073708393,2025-11-14 05:00:00
FTNT,2025-11-21 05:00:00,1,-0.032686636,0.0814712687880093,2025-11-14 05:00:00
FTV,2025-11-21 05:00:00,1,-0.024282595,0.2060956989999058,2025-11-14 05:00:00
GD,2025-11-21 05:00:00,1,-0.027119001,0.2070665481424876,2025-11-14 05:00:00
GDDY,2025-11-21 05:00:00,1,-0.028441478,-0.5241256083458329,2025-11-14 05:00:00
GE,2025-11-21 05:00:00,1,-0.03906541,0.3065791408625534,2025-11-14 05:00:00
GEHC,2025-11-21 05:00:00,1,-0.025236268,-0.072896155135626,2025-11-14 05:00:00
GEN,2025-11-21 05:00:00,1,-0.024966486,-0.4807229318413151,2025-11-14 05:00:00
GEV,2025-11-21 05:00:00,1,-0.060071975,-0.5293813637214615,2025-11-14 05:00:00
GILD,2025-11-21 05:00:00,1,-0.026662963,0.2615531451532077,2025-11-14 05:00:00
GIS,2025-11-21 05:00:00,1,-0.027146898,-0.1940328038880326,2025-11-14 05:00:00
GL,2025-11-21 05:00:00,1,-0.026777146,-0.1567079628016904,2025-11-14 05:00:00
GLW,2025-11-21 05:00:00,1,-0.044047784,0.2693001044520278,2025-11-14 05:00:00
GM,2025-11-21 05:00:00,1,-0.027110185,0.3101370578296736,2025-11-14 05:00:00
GNRC,2025-11-21 05:00:00,1,-0.04931439,-0.3596329782786797,2025-11-14 05:00:00
GOOG,2025-11-21 05:00:00,1,-0.038736183,0.4629312172364457,2025-11-14 05:00:00
GOOGL,2025-11-21 05:00:00,1,-0.03894739,0.4493959277807005,2025-11-14 05:00:00
GPC,2025-11-21 05:00:00,1,-0.02803043,-0.2625814506182292,2025-11-14 05:00:00
GPN,2025-11-21 05:00:00,1,-0.03734236,-0.3807713776311432,2025-11-14 05:00:00
GRMN,2025-11-21 05:00:00,1,-0.042853005,-0.295379366817168,2025-11-14 05:00:00
GS,2025-11-21 05:00:00,1,-0.025067963,0.1375345546835694,2025-11-14 05:00:00
GWW,2025-11-21 05:00:00,1,-0.033131298,-0.4059284217468016,2025-11-14 05:00:00
HAL,2025-11-21 05:00:00,1,-0.041456804,0.2295678683845378,2025-11-14 05:00:00
HAS,2025-11-21 05:00:00,1,-0.03940863,-0.1483845940553625,2025-11-14 05:00:00
HBAN,2025-11-21 05:00:00,1,-0.026079226,-0.2029171091251627,2025-11-14 05:00:00
HCA,2025-11-21 05:00:00,1,-0.02478871,0.6487785997788916,2025-11-14 05:00:00
HD,2025-11-21 05:00:00,1,-0.031138014,-0.2702187364262851,2025-11-14 05:00:00
HIG,2025-11-21 05:00:00,1,-0.027489534,0.0721570418118646,2025-11-14 05:00:00
HII,2025-11-21 05:00:00,1,-0.02588844,0.3709276468631017,2025-11-14 05:00:00
HLT,2025-11-21 05:00:00,1,-0.030849118,-0.0475337091230631,2025-11-14 05:00:00
HOLX,2025-11-21 05:00:00,1,-0.026022749,0.2100383296247481,2025-11-14 05:00:00
HON,2025-11-21 05:00:00,1,-0.02469282,-0.2321157357269662,2025-11-14 05:00:00
HPE,2025-11-21 05:00:00,1,-0.04489378,-0.1068154024389414,2025-11-14 05:00:00
HPQ,2025-11-21 05:00:00,1,-0.04436833,-0.259088951540625,2025-11-14 05:00:00
HRL,2025-11-21 05:00:00,1,-0.027448377,-0.3797504260768706,2025-11-14 05:00:00
HSIC,2025-11-21 05:00:00,1,-0.026290085,0.0812197078260276,2025-11-14 05:00:00
HST,2025-11-21 05:00:00,1,-0.034208328,0.0572715161126269,2025-11-14 05:00:00
HSY,2025-11-21 05:00:00,1,-0.02763078,0.0416082297084531,2025-11-14 05:00:00
HUBB,2025-11-21 05:00:00,1,-0.043712143,-0.1437237513563881,2025-11-14 05:00:00
HUM,2025-11-21 05:00:00,1,-0.04339853,-0.2558579981775694,2025-11-14 05:00:00
HWM,2025-11-21 05:00:00,1,-0.04372672,0.3262169383583091,2025-11-14 05:00:00
IBM,2025-11-21 05:00:00,1,-0.045335144,0.5260824640283686,2025-11-14 05:00:00
ICE,2025-11-21 05:00:00,1,-0.024855478,-0.4150288230831129,2025-11-14 05:00:00
IDXX,2025-11-21 05:00:00,1,-0.029866632,-0.0616221765702878,2025-11-14 05:00:00
IEX,2025-11-21 05:00:00,1,-0.032956522,-0.1100517072250007,2025-11-14 05:00:00
IFF,2025-11-21 05:00:00,1,-0.024006516,-0.0044065793319002,2025-11-14 05:00:00
INCY,2025-11-21 05:00:00,1,-0.034290254,0.3229155348254637,2025-11-14 05:00:00
INTC,2025-11-21 05:00:00,1,-0.04398969,0.3328475303809074,2025-11-14 05:00:00
INTU,2025-11-21 05:00:00,1,-0.024274236,-0.0003465549743162,2025-11-14 05:00:00
INVH,2025-11-21 05:00:00,1,-0.02475348,-0.3011764929011723,2025-11-14 05:00:00
IP,2025-11-21 05:00:00,1,-0.031796902,-0.2037481501395664,2025-11-14 05:00:00
IPG,2025-11-21 05:00:00,1,-0.033178035,-0.2226874776639472,2025-11-14 05:00:00
IQV,2025-11-21 05:00:00,1,-0.024427703,0.2854392576524431,2025-11-14 05:00:00
IR,2025-11-21 05:00:00,1,-0.032987375,-0.1654256708501259,2025-11-14 05:00:00
IRM,2025-11-21 05:00:00,1,-0.04533528,-0.0378217236042384,2025-11-14 05:00:00
ISRG,2025-11-21 05:00:00,1,-0.026611457,0.21303114300249,2025-11-14 05:00:00
IT,2025-11-21 05:00:00,1,-0.027897486,-0.2377817060759271,2025-11-14 05:00:00
ITW,2025-11-21 05:00:00,1,-0.029214686,-0.4338981084508339,2025-11-14 05:00:00
IVZ,2025-11-21 05:00:00,1,-0.04819764,0.2126796902905249,2025-11-14 05:00:00
J,2025-11-21 05:00:00,1,-0.03135718,-0.0083196919079848,2025-11-14 05:00:00
JBHT,2025-11-21 05:00:00,1,-0.039538328,0.1423999722481137,2025-11-14 05:00:00
JBL,2025-11-21 05:00:00,1,-0.057343923,-0.2036025144855415,2025-11-14 05:00:00
JCI,2025-11-21 05:00:00,1,-0.03176978,0.2588815424037398,2025-11-14 05:00:00
JKHY,2025-11-21 05:00:00,1,-0.024399249,0.0181815712696215,2025-11-14 05:00:00
JNJ,2025-11-21 05:00:00,1,-0.02750343,0.4193401037607335,2025-11-14 05:00:00
JPM,2025-11-21 05:00:00,1,-0.033724423,0.1154283861594093,2025-11-14 05:00:00
K,2025-11-21 05:00:00,1,-0.029088894,0.0962113147696328,2025-11-14 05:00:00
KDP,2025-11-21 05:00:00,1,-0.02785696,-0.3772826200672763,2025-11-14 05:00:00
KEY,2025-11-21 05:00:00,1,-0.03848221,-0.1973293373278853,2025-11-14 05:00:00
KEYS,2025-11-21 05:00:00,1,-0.03749778,0.0928754629176453,2025-11-14 05:00:00
KHC,2025-11-21 05:00:00,1,-0.028032944,-0.3450648667119772,2025-11-14 05:00:00
KIM,2025-11-21 05:00:00,1,-0.028494246,-0.117383221906831,2025-11-14 05:00:00
KKR,2025-11-21 05:00:00,1,-0.033560988,-0.366115755103384,2025-11-14 05:00:00
KLAC,2025-11-21 05:00:00,1,-0.04669968,0.2894708864550172,2025-11-14 05:00:00
KMB,2025-11-21 05:00:00,1,-0.028442418,-0.4598306771654926,2025-11-14 05:00:00
KMI,2025-11-21 05:00:00,1,-0.041284803,0.0114330452117522,2025-11-14 05:00:00
KMX,2025-11-21 05:00:00,1,-0.028251914,-0.4075643051696292,2025-11-14 05:00:00
KO,2025-11-21 05:00:00,1,-0.02467136,0.236830031071595,2025-11-14 05:00:00
KR,2025-11-21 05:00:00,1,-0.027640738,-0.0690188389897832,2025-11-14 05:00:00
KVUE,2025-11-21 05:00:00,1,-0.028120968,-0.6834515793527219,2025-11-14 05:00:00
L,2025-11-21 05:00:00,1,-0.026324337,0.4031829249747476,2025-11-14 05:00:00
LDOS,2025-11-21 05:00:00,1,-0.04112213,0.1663214524083937,2025-11-14 05:00:00
LEN,2025-11-21 05:00:00,1,-0.032487944,-0.095739573045231,2025-11-14 05:00:00
LH,2025-11-21 05:00:00,1,-0.026488697,-0.0180561199067459,2025-11-14 05:00:00
LHX,2025-11-21 05:00:00,1,-0.029925141,0.1378826023054475,2025-11-14 05:00:00
LII,2025-11-21 05:00:00,1,-0.05664977,-0.4515140047790909,2025-11-14 05:00:00
LIN,2025-11-21 05:00:00,1,-0.028754588,-0.4586664391825331,2025-11-14 05:00:00
LKQ,2025-11-21 05:00:00,1,-0.024389079,0.0122261652513339,2025-11-14 05:00:00
LLY,2025-11-21 05:00:00,1,-0.02476613,0.5648434902793873,2025-11-14 05:00:00
LMT,2025-11-21 05:00:00,1,-0.033203837,0.0521892898050877,2025-11-14 05:00:00
LNT,2025-11-21 05:00:00,1,-0.026967358,0.1599304386814593,2025-11-14 05:00:00
LOW,2025-11-21 05:00:00,1,-0.031599432,-0.2503075121977081,2025-11-14 05:00:00
LRCX,2025-11-21 05:00:00,1,-0.05096506,0.2996366786469835,2025-11-14 05:00:00
LULU,2025-11-21 05:00:00,1,-0.025645988,-0.3524734294563306,2025-11-14 05:00:00
LUV,2025-11-21 05:00:00,1,-0.043151043,0.0377983877406724,2025-11-14 05:00:00
LVS,2025-11-21 05:00:00,1,-0.028616313,0.1575985984778163,2025-11-14 05:00:00
LW,2025-11-21 05:00:00,1,-0.04626122,0.0463372196525099,2025-11-14 05:00:00
LYB,2025-11-21 05:00:00,1,-0.025114395,-0.4260861868411388,2025-11-14 05:00:00
LYV,2025-11-21 05:00:00,1,-0.0422121,-0.4492229605439093,2025-11-14 05:00:00
MA,2025-11-21 05:00:00,1,-0.02446016,-0.2658845123745802,2025-11-14 05:00:00
MAA,2025-11-21 05:00:00,1,-0.025632659,-0.1453865534574752,2025-11-14 05:00:00
MAR,2025-11-21 05:00:00,1,-0.030937186,0.0774510922549258,2025-11-14 05:00:00
MAS,2025-11-21 05:00:00,1,-0.035062216,-0.4579614570493049,2025-11-14 05:00:00
MCD,2025-11-21 05:00:00,1,-0.0267566,0.0302164570363139,2025-11-14 05:00:00
MCHP,2025-11-21 05:00:00,1,-0.050350398,-0.4989346219610472,2025-11-14 05:00:00
MCK,2025-11-21 05:00:00,1,-0.026733447,0.6056830603114581,2025-11-14 05:00:00
MCO,2025-11-21 05:00:00,1,-0.02484278,-0.1744186989175727,2025-11-14 05:00:00
MDLZ,2025-11-21 05:00:00,1,-0.029155271,-0.2662996162216998,2025-11-14 05:00:00
MDT,2025-11-21 05:00:00,1,-0.028746914,0.1601373463966287,2025-11-14 05:00:00
MET,2025-11-21 05:00:00,1,-0.027881084,-0.0588016373821828,2025-11-14 05:00:00
META,2025-11-21 05:00:00,1,-0.044794887,-0.4350098442893224,2025-11-14 05:00:00
MGM,2025-11-21 05:00:00,1,-0.027263096,-0.3260956199522475,2025-11-14 05:00:00
MHK,2025-11-21 05:00:00,1,-0.049665544,-0.3157760597827758,2025-11-14 05:00:00
MKC,2025-11-21 05:00:00,1,-0.027107226,-0.1455204045418659,2025-11-14 05:00:00
MKTX,2025-11-21 05:00:00,1,-0.028083747,-0.2203997762295191,2025-11-14 05:00:00
MLM,2025-11-21 05:00:00,1,-0.035204817,-0.0596529122449261,2025-11-14 05:00:00
MMC,2025-11-21 05:00:00,1,-0.029304517,-0.2406947693282247,2025-11-14 05:00:00
MMM,2025-11-21 05:00:00,1,-0.024446601,0.1696137560353859,2025-11-14 05:00:00
MNST,2025-11-21 05:00:00,1,-0.027261868,0.3904538185126633,2025-11-14 05:00:00
MO,2025-11-21 05:00:00,1,-0.03496803,-0.2088282178602388,2025-11-14 05:00:00
MOH,2025-11-21 05:00:00,1,-0.06056287,-0.215964557853978,2025-11-14 05:00:00
MOS,2025-11-21 05:00:00,1,-0.036319405,-0.3956295227163994,2025-11-14 05:00:00
MPC,2025-11-21 05:00:00,1,-0.025565077,0.2776959988321787,2025-11-14 05:00:00
MPWR,2025-11-21 05:00:00,1,-0.04526887,-0.0889070085518486,2025-11-14 05:00:00
MRK,2025-11-21 05:00:00,1,-0.02391928,0.1385415978151213,2025-11-14 05:00:00
MRNA,2025-11-21 05:00:00,1,-0.02852418,-0.0988362003536435,2025-11-14 05:00:00
MS,2025-11-21 05:00:00,1,-0.024934903,0.2815157534810669,2025-11-14 05:00:00
MSCI,2025-11-21 05:00:00,1,-0.031087613,0.0285631339439423,2025-11-14 05:00:00
MSFT,2025-11-21 05:00:00,1,-0.02649979,-0.1361362103635225,2025-11-14 05:00:00
MSI,2025-11-21 05:00:00,1,-0.038313627,-0.5458429539394045,2025-11-14 05:00:00
MTB,2025-11-21 05:00:00,1,-0.025698794,-0.1690939498384185,2025-11-14 05:00:00
MTCH,2025-11-21 05:00:00,1,-0.03219035,-0.3178177407157782,2025-11-14 05:00:00
MTD,2025-11-21 05:00:00,1,-0.030941242,0.182838925742668,2025-11-14 05:00:00
MU,2025-11-21 05:00:00,1,-0.0587718,0.4998635709700422,2025-11-14 05:00:00
NCLH,2025-11-21 05:00:00,1,-0.04303522,-0.4603376803361902,2025-11-14 05:00:00
NDAQ,2025-11-21 05:00:00,1,-0.026803484,-0.3545360989451424,2025-11-14 05:00:00
NDSN,2025-11-21 05:00:00,1,-0.028602283,0.0829368413632751,2025-11-14 05:00:00
NEE,2025-11-21 05:00:00,1,-0.033096924,0.2726131036005989,2025-11-14 05:00:00
NEM,2025-11-21 05:00:00,1,-0.048395883,0.2563309969849334,2025-11-14 05:00:00
NFLX,2025-11-21 05:00:00,1,-0.044373292,-0.0951186167607337,2025-11-14 05:00:00
NI,2025-11-21 05:00:00,1,-0.031862624,-0.0019684080357832,2025-11-14 05:00:00
NKE,2025-11-21 05:00:00,1,-0.02572824,-0.3273159905822137,2025-11-14 05:00:00
NOC,2025-11-21 05:00:00,1,-0.04213417,-0.1507623949801634,2025-11-14 05:00:00
NOW,2025-11-21 05:00:00,1,-0.037335865,-0.1373857900884505,2025-11-14 05:00:00
NRG,2025-11-21 05:00:00,1,-0.05690561,0.0982669516547847,2025-11-14 05:00:00
NSC,2025-11-21 05:00:00,1,-0.032220874,-0.0097182947662896,2025-11-14 05:00:00
NTAP,2025-11-21 05:00:00,1,-0.047663856,-0.0713182295355012,2025-11-14 05:00:00
NTRS,2025-11-21 05:00:00,1,-0.030484611,-0.0458965730937797,2025-11-14 05:00:00
NUE,2025-11-21 05:00:00,1,-0.026102591,-0.0896326463543324,2025-11-14 05:00:00
NVDA,2025-11-21 05:00:00,1,-0.04694944,-0.0193531519678482,2025-11-14 05:00:00
NVR,2025-11-21 05:00:00,1,-0.029635206,-0.2355158532899903,2025-11-14 05:00:00
NWS,2025-11-21 05:00:00,1,-0.0336385,-0.4951193370941251,2025-11-14 05:00:00
NWSA,2025-11-21 05:00:00,1,-0.032889746,-0.3503331241348766,2025-11-14 05:00:00
NXPI,2025-11-21 05:00:00,1,-0.044856064,-0.3896057728316269,2025-11-14 05:00:00
O,2025-11-21 05:00:00,1,-0.031069933,-0.0154657919795752,2025-11-14 05:00:00
ODFL,2025-11-21 05:00:00,1,-0.041514993,-0.4806410759480471,2025-11-14 05:00:00
OKE,2025-11-21 05:00:00,1,-0.027423274,-0.2381549946750747,2025-11-14 05:00:00
OMC,2025-11-21 05:00:00,1,-0.03335281,-0.2605451652977043,2025-11-14 05:00:00
ON,2025-11-21 05:00:00,1,-0.044320595,-0.279314083366469,2025-11-14 05:00:00
ORCL,2025-11-21 05:00:00,1,-0.054904487,-0.1777601593924905,2025-11-14 05:00:00
ORLY,2025-11-21 05:00:00,1,-0.04203298,-0.0466685721262066,2025-11-14 05:00:00
OTIS,2025-11-21 05:00:00,1,-0.026679406,0.1472021635747849,2025-11-14 05:00:00
OXY,2025-11-21 05:00:00,1,-0.024597993,-0.2449071102851754,2025-11-14 05:00:00
PANW,2025-11-21 05:00:00,1,-0.0448755,0.138691273939415,2025-11-14 05:00:00
PAYC,2025-11-21 05:00:00,1,-0.032375377,-0.5897954616436862,2025-11-14 05:00:00
PAYX,2025-11-21 05:00:00,1,-0.028742252,-0.8433394500420848,2025-11-14 05:00:00
PCAR,2025-11-21 05:00:00,1,-0.031415444,-0.1454940284941621,2025-11-14 05:00:00
PCG,2025-11-21 05:00:00,1,-0.030404944,0.3071293693777673,2025-11-14 05:00:00
PEG,2025-11-21 05:00:00,1,-0.03284962,-0.03319100569119,2025-11-14 05:00:00
PEP,2025-11-21 05:00:00,1,-0.027945708,-0.1072564912774263,2025-11-14 05:00:00
PFE,2025-11-21 05:00:00,1,-0.025758551,0.0120826209887657,2025-11-14 05:00:00
PFG,2025-11-21 05:00:00,1,-0.02495015,0.2195942014450325,2025-11-14 05:00:00
PG,2025-11-21 05:00:00,1,-0.024455108,-0.2297361175785174,2025-11-14 05:00:00
PGR,2025-11-21 05:00:00,1,-0.028162362,-0.1664195405219127,2025-11-14 05:00:00
PH,2025-11-21 05:00:00,1,-0.027088122,0.2128471983431189,2025-11-14 05:00:00
PHM,2025-11-21 05:00:00,1,-0.048186485,-0.1273362519470366,2025-11-14 05:00:00
PKG,2025-11-21 05:00:00,1,-0.030369952,-0.1705502523572388,2025-11-14 05:00:00
PLD,2025-11-21 05:00:00,1,-0.031837065,0.3026338977094037,2025-11-14 05:00:00
PLTR,2025-11-21 05:00:00,1,-0.049414665,0.0143584838668232,2025-11-14 05:00:00
PM,2025-11-21 05:00:00,1,-0.047248617,-0.0577670478062756,2025-11-14 05:00:00
PNC,2025-11-21 05:00:00,1,-0.02667372,-0.234562189052826,2025-11-14 05:00:00
PNR,2025-11-21 05:00:00,1,-0.040147267,-0.1230925144445169,2025-11-14 05:00:00
PNW,2025-11-21 05:00:00,1,-0.027587615,-0.0988023330314709,2025-11-14 05:00:00
PODD,2025-11-21 05:00:00,1,-0.025393365,0.0021313901196357,2025-11-14 05:00:00
POOL,2025-11-21 05:00:00,1,-0.037850328,-0.4551105850795304,2025-11-14 05:00:00
PPG,2025-11-21 05:00:00,1,-0.02455315,-0.3572464157303715,2025-11-14 05:00:00
PPL,2025-11-21 05:00:00,1,-0.028132558,0.0768017227329476,2025-11-14 05:00:00
PRU,2025-11-21 05:00:00,1,-0.024682347,-0.0430399566957693,2025-11-14 05:00:00
PSA,2025-11-21 05:00:00,1,-0.032684755,-0.1061725517815398,2025-11-14 05:00:00
PSKY,2025-11-21 05:00:00,1,-0.032832675,-0.0242715064838149,2025-11-14 05:00:00
PSX,2025-11-21 05:00:00,1,-0.02530468,0.1675693956913121,2025-11-14 05:00:00
PTC,2025-11-21 05:00:00,1,-0.03626076,-0.5479287685532923,2025-11-14 05:00:00
PWR,2025-11-21 05:00:00,1,-0.055439476,0.1881163498659432,2025-11-14 05:00:00
PYPL,2025-11-21 05:00:00,1,-0.042837523,-0.3895644356156197,2025-11-14 05:00:00
QCOM,2025-11-21 05:00:00,1,-0.026782092,0.1557255593677362,2025-11-14 05:00:00
RCL,2025-11-21 05:00:00,1,-0.034227714,-0.5474473627146651,2025-11-14 05:00:00
REG,2025-11-21 05:00:00,1,-0.027441068,-0.089716974142401,2025-11-14 05:00:00
REGN,2025-11-21 05:00:00,1,-0.027278908,0.2924237619229223,2025-11-14 05:00:00
RF,2025-11-21 05:00:00,1,-0.026519364,-0.186665917595667,2025-11-14 05:00:00
RJF,2025-11-21 05:00:00,1,-0.03190174,-0.1291485760317289,2025-11-14 05:00:00
RL,2025-11-21 05:00:00,1,-0.024442544,0.2374700440489315,2025-11-14 05:00:00
RMD,2025-11-21 05:00:00,1,-0.02960835,-0.3980251980739909,2025-11-14 05:00:00
ROK,2025-11-21 05:00:00,1,-0.025538286,0.1282235844026308,2025-11-14 05:00:00
ROL,2025-11-21 05:00:00,1,-0.027342249,0.091035431416765,2025-11-14 05:00:00
ROP,2025-11-21 05:00:00,1,-0.04544963,-0.593600629502716,2025-11-14 05:00:00
ROST,2025-11-21 05:00:00,1,-0.029088894,0.2212377170132601,2025-11-14 05:00:00
RSG,2025-11-21 05:00:00,1,-0.024152834,-0.3557591893825897,2025-11-14 05:00:00
RTX,2025-11-21 05:00:00,1,-0.030936353,0.1507576969196493,2025-11-14 05:00:00
RVTY,2025-11-21 05:00:00,1,-0.024553787,0.1071861139128036,2025-11-14 05:00:00
SBAC,2025-11-21 05:00:00,1,-0.0268261,-0.1159791815547699,2025-11-14 05:00:00
SBUX,2025-11-21 05:00:00,1,-0.027446227,-0.0353662704675515,2025-11-14 05:00:00
SCHW,2025-11-21 05:00:00,1,-0.027633829,-0.068231628354514,2025-11-14 05:00:00
SHW,2025-11-21 05:00:00,1,-0.027393738,-0.2253053033259297,2025-11-14 05:00:00
SJM,2025-11-21 05:00:00,1,-0.027779648,-0.0132106669521094,2025-11-14 05:00:00
SLB,2025-11-21 05:00:00,1,-0.032427702,0.0236028586200287,2025-11-14 05:00:00
SMCI,2025-11-21 05:00:00,1,-0.06496003,-0.2699915432802698,2025-11-14 05:00:00
SNA,2025-11-21 05:00:00,1,-0.0333789,-0.0336484833036942,2025-11-14 05:00:00
SNPS,2025-11-21 05:00:00,1,-0.036551263,-0.3165250155052924,2025-11-14 05:00:00
SO,2025-11-21 05:00:00,1,-0.03097652,-0.0506504548956792,2025-11-14 05:00:00
SOLV,2025-11-21 05:00:00,1,-0.026179895,0.109175184015891,2025-11-14 05:00:00
SPG,2025-11-21 05:00:00,1,-0.03030049,0.2439519223968022,2025-11-14 05:00:00
SPGI,2025-11-21 05:00:00,1,-0.024528446,-0.3079003323864418,2025-11-14 05:00:00
SRE,2025-11-21 05:00:00,1,-0.033866424,0.3719394712029749,2025-11-14 05:00:00
STE,2025-11-21 05:00:00,1,-0.030441623,0.1352145022640478,2025-11-14 05:00:00
STLD,2025-11-21 05:00:00,1,-0.025707852,0.2648517009440938,2025-11-14 05:00:00
STT,2025-11-21 05:00:00,1,-0.02755345,0.0656289304408895,2025-11-14 05:00:00
STX,2025-11-21 05:00:00,1,-0.059639603,0.2844230068092072,2025-11-14 05:00:00
STZ,2025-11-21 05:00:00,1,-0.0277821,-0.3756394347060203,2025-11-14 05:00:00
SW,2025-11-21 05:00:00,1,-0.044647314,-0.4479679083388598,2025-11-14 05:00:00
SWK,2025-11-21 05:00:00,1,-0.033096876,-0.1831785210542995,2025-11-14 05:00:00
SWKS,2025-11-21 05:00:00,1,-0.043562848,-0.1947649922794729,2025-11-14 05:00:00
SYF,2025-11-21 05:00:00,1,-0.026108148,-0.0155850969239456,2025-11-14 05:00:00
SYK,2025-11-21 05:00:00,1,-0.02499618,-0.0953099769646202,2025-11-14 05:00:00
SYY,2025-11-21 05:00:00,1,-0.031401698,-0.0878297966181425,2025-11-14 05:00:00
T,2025-11-21 05:00:00,1,-0.040371645,-0.0511641990657661,2025-11-14 05:00:00
TAP,2025-11-21 05:00:00,1,-0.03139616,-0.1259353217417081,2025-11-14 05:00:00
TDG,2025-11-21 05:00:00,1,-0.024538938,0.0728281995079319,2025-11-14 05:00:00
TDY,2025-11-21 05:00:00,1,-0.050632402,-0.2771255606848478,2025-11-14 05:00:00
TECH,2025-11-21 05:00:00,1,-0.023466863,0.0953831317902273,2025-11-14 05:00:00
TEL,2025-11-21 05:00:00,1,-0.043600544,0.2520149538877185,2025-11-14 05:00:00
TER,2025-11-21 05:00:00,1,-0.04567249,0.218579148437444,2025-11-14 05:00:00
TFC,2025-11-21 05:00:00,1,-0.024599578,-0.089284380177261,2025-11-14 05:00:00
TGT,2025-11-21 05:00:00,1,-0.025707101,-0.3155146648036052,2025-11-14 05:00:00
TJX,2025-11-21 05:00:00,1,-0.027489534,0.37014078725966,2025-11-14 05:00:00
TKO,2025-11-21 05:00:00,1,-0.034159016,-0.1472360589731404,2025-11-14 05:00:00
TMO,2025-11-21 05:00:00,1,-0.025821708,0.3047386204386211,2025-11-14 05:00:00
TMUS,2025-11-21 05:00:00,1,-0.031222312,-0.3076058090110243,2025-11-14 05:00:00
TPL,2025-11-21 05:00:00,1,-0.029442783,0.0840354503261888,2025-11-14 05:00:00
TPR,2025-11-21 05:00:00,1,-0.0475325,-0.081424930615087,2025-11-14 05:00:00
TRGP,2025-11-21 05:00:00,1,-0.032408156,0.0476693972169219,2025-11-14 05:00:00
TRMB,2025-11-21 05:00:00,1,-0.04393684,-0.3028190022273406,2025-11-14 05:00:00
TROW,2025-11-21 05:00:00,1,-0.02863142,-0.3997184868032844,2025-11-14 05:00:00
TRV,2025-11-21 05:00:00,1,-0.024398232,0.1948600478530765,2025-11-14 05:00:00
TSCO,2025-11-21 05:00:00,1,-0.026272513,-0.2975442435893934,2025-11-14 05:00:00
TSLA,2025-11-21 05:00:00,1,-0.054009046,0.0183609634593807,2025-11-14 05:00:00
TSN,2025-11-21 05:00:00,1,-0.033705477,-0.278839958341452,2025-11-14 05:00:00
TT,2025-11-21 05:00:00,1,-0.04386257,-0.1481695661860211,2025-11-14 05:00:00
TTD,2025-11-21 05:00:00,1,-0.044167098,-0.2659841664246098,2025-11-14 05:00:00
TTWO,2025-11-21 05:00:00,1,-0.032149173,0.0543173501575497,2025-11-14 05:00:00
TXN,2025-11-21 05:00:00,1,-0.032222755,-0.5344850316352148,2025-11-14 05:00:00
TXT,2025-11-21 05:00:00,1,-0.03868605,-0.0362227590709738,2025-11-14 05:00:00
TYL,2025-11-21 05:00:00,1,-0.025999967,-0.448156480716709,2025-11-14 05:00:00
UAL,2025-11-21 05:00:00,1,-0.042589437,-0.2275219342060622,2025-11-14 05:00:00
UBER,2025-11-21 05:00:00,1,-0.034897618,-0.2689814507140214,2025-11-14 05:00:00
UDR,2025-11-21 05:00:00,1,-0.026972633,-0.2197727519015671,2025-11-14 05:00:00
UHS,2025-11-21 05:00:00,1,-0.024929611,0.586060804719378,2025-11-14 05:00:00
ULTA,2025-11-21 05:00:00,1,-0.031987384,-0.0789917099467675,2025-11-14 05:00:00
UNH,2025-11-21 05:00:00,1,-0.0251233,0.1790425421062548,2025-11-14 05:00:00
UNP,2025-11-21 05:00:00,1,-0.031042397,-0.0791219718236808,2025-11-14 05:00:00
UPS,2025-11-21 05:00:00,1,-0.026751027,0.1735990720633422,2025-11-14 05:00:00
URI,2025-11-21 05:00:00,1,-0.047438048,-0.2729784823522471,2025-11-14 05:00:00
USB,2025-11-21 05:00:00,1,-0.02587071,-0.0284904098846011,2025-11-14 05:00:00
V,2025-11-21 05:00:00,1,-0.025199076,-0.1491029084522153,2025-11-14 05:00:00
VICI,2025-11-21 05:00:00,1,-0.025433237,-0.2039338250416062,2025-11-14 05:00:00
VLO,2025-11-21 05:00:00,1,-0.026448162,0.3113940573460977,2025-11-14 05:00:00
VLTO,2025-11-21 05:00:00,1,-0.025823327,-0.2586425459625081,2025-11-14 05:00:00
VMC,2025-11-21 05:00:00,1,-0.034118097,-0.1613397785165648,2025-11-14 05:00:00
VRSK,2025-11-21 05:00:00,1,-0.026897147,-0.4481190424531412,2025-11-14 05:00:00
VRSN,2025-11-21 05:00:00,1,-0.04614535,-0.1491532406332827,2025-11-14 05:00:00
VRTX,2025-11-21 05:00:00,1,-0.025999967,0.2626191707064524,2025-11-14 05:00:00
VST,2025-11-21 05:00:00,1,-0.057263374,-0.2270261535914212,2025-11-14 05:00:00
VTR,2025-11-21 05:00:00,1,-0.026617385,0.5163467891156717,2025-11-14 05:00:00
VTRS,2025-11-21 05:00:00,1,-0.024107952,0.0860921284328839,2025-11-14 05:00:00
VZ,2025-11-21 05:00:00,1,-0.03182598,-0.0120917448933237,2025-11-14 05:00:00
WAB,2025-11-21 05:00:00,1,-0.035638247,0.0717851701549608,2025-11-14 05:00:00
WAT,2025-11-21 05:00:00,1,-0.0262613,0.467505608864028,2025-11-14 05:00:00
WBD,2025-11-21 05:00:00,1,-0.031070108,0.3562363887404836,2025-11-14 05:00:00
WDAY,2025-11-21 05:00:00,1,-0.031920463,0.0405918401228051,2025-11-14 05:00:00
WDC,2025-11-21 05:00:00,1,-0.05697342,0.4647101247892838,2025-11-14 05:00:00
WEC,2025-11-21 05:00:00,1,-0.030751634,0.1731549823807368,2025-11-14 05:00:00
WELL,2025-11-21 05:00:00,1,-0.026941802,0.4213772094095154,2025-11-14 05:00:00
WFC,2025-11-21 05:00:00,1,-0.033147298,0.1716622109040257,2025-11-14 05:00:00
WM,2025-11-21 05:00:00,1,-0.02755782,-0.296841451682889,2025-11-14 05:00:00
WMB,2025-11-21 05:00:00,1,-0.047455925,0.1130085477591605,2025-11-14 05:00:00
WMT,2025-11-21 05:00:00,1,-0.029387325,0.1903460687979761,2025-11-14 05:00:00
WRB,2025-11-21 05:00:00,1,-0.027196249,0.2328095977823878,2025-11-14 05:00:00
WSM,2025-11-21 05:00:00,1,-0.042366162,-0.0725546911768883,2025-11-14 05:00:00
WST,2025-11-21 05:00:00,1,-0.03514423,0.1478297241738142,2025-11-14 05:00:00
WTW,2025-11-21 05:00:00,1,-0.029432029,-0.083599447262644,2025-11-14 05:00:00
WY,2025-11-21 05:00:00,1,-0.033682365,-0.4601315120944901,2025-11-14 05:00:00
WYNN,2025-11-21 05:00:00,1,-0.042155813,0.0361218116504352,2025-11-14 05:00:00
XEL,2025-11-21 05:00:00,1,-0.031768665,0.2098491334419441,2025-11-14 05:00:00
XOM,2025-11-21 05:00:00,1,-0.024686608,0.2250882233165156,2025-11-14 05:00:00
XYL,2025-11-21 05:00:00,1,-0.040914804,0.0743732610908428,2025-11-14 05:00:00
XYZ,2025-11-21 05:00:00,1,-0.04181531,-0.3891831928824389,2025-11-14 05:00:00
YUM,2025-11-21 05:00:00,1,-0.026307374,0.0806616014949818,2025-11-14 05:00:00
ZBH,2025-11-21 05:00:00,1,-0.030646615,-0.2483938151962178,2025-11-14 05:00:00
ZBRA,2025-11-21 05:00:00,1,-0.04376305,-0.4676343570622775,2025-11-14 05:00:00
ZTS,2025-11-21 05:00:00,1,-0.03006355,-0.3964080479013425,2025-11-14 05:00:00
A,2025-11-28 05:00:00,2,-0.0008069813,0.3628956466639322,2025-11-14 05:00:00
AAPL,2025-11-28 05:00:00,2,-0.00048273636,0.4549544681829668,2025-11-14 05:00:00
ABBV,2025-11-28 05:00:00,2,-0.00078808184,0.3636564291672795,2025-11-14 05:00:00
ABNB,2025-11-28 05:00:00,2,-0.00089184125,-0.1871703414977284,2025-11-14 05:00:00
ABT,2025-11-28 05:00:00,2,-0.0011799809,0.0622993571978608,2025-11-14 05:00:00
ACGL,2025-11-28 05:00:00,2,-0.0012416329,-0.0072738044438882,2025-11-14 05:00:00
ACN,2025-11-28 05:00:00,2,-0.0007809724,-0.2730130312929993,2025-11-14 05:00:00
ADBE,2025-11-28 05:00:00,2,-0.00010870746,-0.2079771045583132,2025-11-14 05:00:00
ADI,2025-11-28 05:00:00,2,0.0007470847,-0.1729136001718302,2025-11-14 05:00:00
ADM,2025-11-28 05:00:00,2,0.0006050081,-0.2164974113357676,2025-11-14 05:00:00
ADP,2025-11-28 05:00:00,2,-0.0011024635,-0.6472246059235082,2025-11-14 05:00:00
ADSK,2025-11-28 05:00:00,2,-0.0007442228,0.0240397287157634,2025-11-14 05:00:00
AEE,2025-11-28 05:00:00,2,-0.0011799809,0.2012698180023851,2025-11-14 05:00:00
AEP,2025-11-28 05:00:00,2,-0.0011799809,0.256129185068669,2025-11-14 05:00:00
AES,2025-11-28 05:00:00,2,4.3515036e-05,-0.0363198833760121,2025-11-14 05:00:00
AFL,2025-11-28 05:00:00,2,-0.0011799809,0.2722812469168186,2025-11-14 05:00:00
AIG,2025-11-28 05:00:00,2,-0.0013956233,-0.1540331323231766,2025-11-14 05:00:00
AIZ,2025-11-28 05:00:00,2,-0.0013956233,0.2107562213303451,2025-11-14 05:00:00
AJG,2025-11-28 05:00:00,2,-0.00022594816,-0.2671103743941286,2025-11-14 05:00:00
AKAM,2025-11-28 05:00:00,2,0.001073644,0.214785828655724,2025-11-14 05:00:00
ALB,2025-11-28 05:00:00,2,0.009375838,0.3821862995998362,2025-11-14 05:00:00
ALGN,2025-11-28 05:00:00,2,-8.102972e-05,-0.2680875678660505,2025-11-14 05:00:00
ALL,2025-11-28 05:00:00,2,-0.0011799809,0.140976871685381,2025-11-14 05:00:00
ALLE,2025-11-28 05:00:00,2,0.0008228827,-0.1025859427697816,2025-11-14 05:00:00
AMAT,2025-11-28 05:00:00,2,0.00039972723,0.2989926227438172,2025-11-14 05:00:00
AMCR,2025-11-28 05:00:00,2,-0.00072335894,-0.069323743200022,2025-11-14 05:00:00
AMD,2025-11-28 05:00:00,2,0.00326967,0.0013822107618483,2025-11-14 05:00:00
AME,2025-11-28 05:00:00,2,-0.00083588756,0.0195745750020996,2025-11-14 05:00:00
AMGN,2025-11-28 05:00:00,2,-0.0009946157,0.3103767835315777,2025-11-14 05:00:00
AMP,2025-11-28 05:00:00,2,-0.0014292536,-0.3937649478166642,2025-11-14 05:00:00
AMT,2025-11-28 05:00:00,2,-0.0005300867,-0.2872091904834708,2025-11-14 05:00:00
AMZN,2025-11-28 05:00:00,2,0.00024739464,-0.0755616801669138,2025-11-14 05:00:00
ANET,2025-11-28 05:00:00,2,0.010330895,-0.174474216273772,2025-11-14 05:00:00
AON,2025-11-28 05:00:00,2,-0.0011799809,-0.1196479286651135,2025-11-14 05:00:00
AOS,2025-11-28 05:00:00,2,0.00016866442,-0.24625404111497,2025-11-14 05:00:00
APA,2025-11-28 05:00:00,2,0.00071117625,0.1469325217249281,2025-11-14 05:00:00
APD,2025-11-28 05:00:00,2,-0.00040846903,-0.2559286320833062,2025-11-14 05:00:00
APH,2025-11-28 05:00:00,2,0.00084224035,0.3766096054104905,2025-11-14 05:00:00
APO,2025-11-28 05:00:00,2,0.0003878506,-0.1544836101373262,2025-11-14 05:00:00
APTV,2025-11-28 05:00:00,2,0.0003584044,0.0480363605934072,2025-11-14 05:00:00
ARE,2025-11-28 05:00:00,2,0.001321933,-0.3499933268095815,2025-11-14 05:00:00
ATO,2025-11-28 05:00:00,2,-0.0011799809,0.3113784699235786,2025-11-14 05:00:00
AVB,2025-11-28 05:00:00,2,-0.0013573479,-0.1438169856536322,2025-11-14 05:00:00
AVGO,2025-11-28 05:00:00,2,0.0022094317,0.0494625530516285,2025-11-14 05:00:00
AVY,2025-11-28 05:00:00,2,0.00018952835,0.0216889025882564,2025-11-14 05:00:00
AWK,2025-11-28 05:00:00,2,-0.0007442228,-0.1011782324248007,2025-11-14 05:00:00
AXON,2025-11-28 05:00:00,2,0.005401436,-0.4106084865413034,2025-11-14 05:00:00
AXP,2025-11-28 05:00:00,2,-0.0017487743,0.2750684478754654,2025-11-14 05:00:00
AZO,2025-11-28 05:00:00,2,-0.00033847694,-0.1323445791533123,2025-11-14 05:00:00
BA,2025-11-28 05:00:00,2,-0.0005237069,-0.4228782839607335,2025-11-14 05:00:00
BAC,2025-11-28 05:00:00,2,-0.0012965807,0.2080518034455365,2025-11-14 05:00:00
BALL,2025-11-28 05:00:00,2,-0.00050922285,-0.1182722691064765,2025-11-14 05:00:00
BAX,2025-11-28 05:00:00,2,0.0006921749,-0.2505715330857861,2025-11-14 05:00:00
BBY,2025-11-28 05:00:00,2,-0.00040871123,-0.025344310565635,2025-11-14 05:00:00
BDX,2025-11-28 05:00:00,2,0.00017888985,-0.0264024522372994,2025-11-14 05:00:00
BEN,2025-11-28 05:00:00,2,-0.000866598,-0.4122678299442824,2025-11-14 05:00:00
BG,2025-11-28 05:00:00,2,0.00033958166,0.1257342721751644,2025-11-14 05:00:00
BIIB,2025-11-28 05:00:00,2,-0.0010872292,0.2519854381502777,2025-11-14 05:00:00
BK,2025-11-28 05:00:00,2,0.0003442948,0.3182743761084259,2025-11-14 05:00:00
BKNG,2025-11-28 05:00:00,2,0.00024541674,-0.5502780919931333,2025-11-14 05:00:00
BKR,2025-11-28 05:00:00,2,0.00024967405,0.0505533574519701,2025-11-14 05:00:00
BLDR,2025-11-28 05:00:00,2,0.00039845597,-0.3664551419138562,2025-11-14 05:00:00
BLK,2025-11-28 05:00:00,2,-0.00045478545,-0.328900723710535,2025-11-14 05:00:00
BMY,2025-11-28 05:00:00,2,-0.00077830686,0.1316782992235913,2025-11-14 05:00:00
BR,2025-11-28 05:00:00,2,-0.00092674384,-0.4798560393098453,2025-11-14 05:00:00
BRO,2025-11-28 05:00:00,2,-0.0005241843,-0.292316973382802,2025-11-14 05:00:00
BSX,2025-11-28 05:00:00,2,-0.00048273636,-0.0218538460795851,2025-11-14 05:00:00
BX,2025-11-28 05:00:00,2,5.8476267e-05,-0.3798553282472933,2025-11-14 05:00:00
BXP,2025-11-28 05:00:00,2,-0.00072335894,0.1554489987866977,2025-11-14 05:00:00
C,2025-11-28 05:00:00,2,0.00028570442,0.0807924648938423,2025-11-14 05:00:00
CAG,2025-11-28 05:00:00,2,-0.0013573479,-0.3477067122689182,2025-11-14 05:00:00
CAH,2025-11-28 05:00:00,2,-0.0009321788,0.6388781686485808,2025-11-14 05:00:00
CARR,2025-11-28 05:00:00,2,-0.00033917106,-0.6446672481686971,2025-11-14 05:00:00
CAT,2025-11-28 05:00:00,2,-0.00010122234,0.3825420184720848,2025-11-14 05:00:00
CB,2025-11-28 05:00:00,2,-0.00056316087,0.2581639730012525,2025-11-14 05:00:00
CBOE,2025-11-28 05:00:00,2,-0.0011061865,0.1473881749646373,2025-11-14 05:00:00
CBRE,2025-11-28 05:00:00,2,-1.2916205e-05,-0.1066842954346938,2025-11-14 05:00:00
CCI,2025-11-28 05:00:00,2,-0.0011981268,-0.1110396530765288,2025-11-14 05:00:00
CCL,2025-11-28 05:00:00,2,0.002065663,-0.4429288888602722,2025-11-14 05:00:00
CDNS,2025-11-28 05:00:00,2,5.4762735e-05,-0.2455505533358213,2025-11-14 05:00:00
CDW,2025-11-28 05:00:00,2,0.00040574247,-0.2519197434849595,2025-11-14 05:00:00
CEG,2025-11-28 05:00:00,2,0.004258345,-0.0502668706301392,2025-11-14 05:00:00
CF,2025-11-28 05:00:00,2,0.0004719502,-0.1347901057805011,2025-11-14 05:00:00
CFG,2025-11-28 05:00:00,2,-0.00059610413,0.0086589271684149,2025-11-14 05:00:00
CHD,2025-11-28 05:00:00,2,-0.0010259908,-0.273962528000798,2025-11-14 05:00:00
CHRW,2025-11-28 05:00:00,2,0.0015466473,0.2627449555244271,2025-11-14 05:00:00
CHTR,2025-11-28 05:00:00,2,0.00030224866,-0.5692306996561793,2025-11-14 05:00:00
CI,2025-11-28 05:00:00,2,0.00059535075,-0.0613283642799538,2025-11-14 05:00:00
CINF,2025-11-28 05:00:00,2,-0.0015947839,0.2108079523601912,2025-11-14 05:00:00
CL,2025-11-28 05:00:00,2,-0.0010596352,-0.2535821070728323,2025-11-14 05:00:00
CLX,2025-11-28 05:00:00,2,-0.0013402167,-0.362682127946061,2025-11-14 05:00:00
CMCSA,2025-11-28 05:00:00,2,-0.0014292536,-0.3965276838051992,2025-11-14 05:00:00
CME,2025-11-28 05:00:00,2,-0.0010259908,0.3009838895619032,2025-11-14 05:00:00
CMG,2025-11-28 05:00:00,2,0.0001962639,-0.3461803773242506,2025-11-14 05:00:00
CMI,2025-11-28 05:00:00,2,0.00084224035,0.2856934715326187,2025-11-14 05:00:00
CMS,2025-11-28 05:00:00,2,-0.0011799809,0.3304312249762132,2025-11-14 05:00:00
CNC,2025-11-28 05:00:00,2,0.0039956784,0.3404289636445092,2025-11-14 05:00:00
CNP,2025-11-28 05:00:00,2,-0.0011799809,0.2453287833686958,2025-11-14 05:00:00
COF,2025-11-28 05:00:00,2,-0.00060548226,-0.1067295149528836,2025-11-14 05:00:00
COIN,2025-11-28 05:00:00,2,0.013916954,-0.1453409850355559,2025-11-14 05:00:00
COO,2025-11-28 05:00:00,2,7.381341e-05,-0.2057033235516228,2025-11-14 05:00:00
COP,2025-11-28 05:00:00,2,-4.8561888e-05,-0.1770022170062969,2025-11-14 05:00:00
COR,2025-11-28 05:00:00,2,-0.0007795549,0.7007779847223152,2025-11-14 05:00:00
COST,2025-11-28 05:00:00,2,-0.0011799809,-0.0708166565536659,2025-11-14 05:00:00
CPAY,2025-11-28 05:00:00,2,-0.0005250367,-0.3675379047862643,2025-11-14 05:00:00
CPB,2025-11-28 05:00:00,2,-0.0013257324,-0.0604122663690814,2025-11-14 05:00:00
CPRT,2025-11-28 05:00:00,2,-0.0007787891,-0.515665850912754,2025-11-14 05:00:00
CPT,2025-11-28 05:00:00,2,-0.0010259908,-0.0817715381080566,2025-11-14 05:00:00
CRL,2025-11-28 05:00:00,2,0.0061476016,0.0905834224152061,2025-11-14 05:00:00
CRM,2025-11-28 05:00:00,2,0.0006070833,-0.1084354447454155,2025-11-14 05:00:00
CRWD,2025-11-28 05:00:00,2,0.0008097726,0.2876269870497362,2025-11-14 05:00:00
CSCO,2025-11-28 05:00:00,2,-0.0008602261,0.3210467965961932,2025-11-14 05:00:00
CSGP,2025-11-28 05:00:00,2,-0.00055617467,-0.4497679480655374,2025-11-14 05:00:00
CSX,2025-11-28 05:00:00,2,-8.457313e-05,-0.0407518394653648,2025-11-14 05:00:00
CTAS,2025-11-28 05:00:00,2,0.00020178586,-0.3348980927169945,2025-11-14 05:00:00
CTRA,2025-11-28 05:00:00,2,-0.00026052858,0.1613848703342393,2025-11-14 05:00:00
CTSH,2025-11-28 05:00:00,2,-0.00064638205,0.0305299277240057,2025-11-14 05:00:00
CTVA,2025-11-28 05:00:00,2,-0.00040846903,-0.2145665320014767,2025-11-14 05:00:00
CVS,2025-11-28 05:00:00,2,-0.0008069813,0.564779781077684,2025-11-14 05:00:00
CVX,2025-11-28 05:00:00,2,-0.0011799809,-0.061613356743659,2025-11-14 05:00:00
CZR,2025-11-28 05:00:00,2,0.001180975,-0.3608632573733664,2025-11-14 05:00:00
D,2025-11-28 05:00:00,2,-0.0010259908,0.085973407938768,2025-11-14 05:00:00
DAL,2025-11-28 05:00:00,2,0.0006860864,-0.1508006958155285,2025-11-14 05:00:00
DASH,2025-11-28 05:00:00,2,0.004987496,-0.3845125616471455,2025-11-14 05:00:00
DAY,2025-11-28 05:00:00,2,-0.0014782168,-0.0261740927056501,2025-11-14 05:00:00
DD,2025-11-28 05:00:00,2,-0.00025077528,0.3305761807031999,2025-11-14 05:00:00
DDOG,2025-11-28 05:00:00,2,0.0014587073,0.4490288226011202,2025-11-14 05:00:00
DE,2025-11-28 05:00:00,2,-0.00092674384,-0.2014058248190563,2025-11-14 05:00:00
DECK,2025-11-28 05:00:00,2,0.00039920406,-0.3778074506379167,2025-11-14 05:00:00
DELL,2025-11-28 05:00:00,2,0.005133963,-0.1111450406337145,2025-11-14 05:00:00
DG,2025-11-28 05:00:00,2,-0.00019433301,-0.1703425992879158,2025-11-14 05:00:00
DGX,2025-11-28 05:00:00,2,-0.00046776063,0.2468428438957667,2025-11-14 05:00:00
DHI,2025-11-28 05:00:00,2,0.0003584044,-0.1977374189313972,2025-11-14 05:00:00
DHR,2025-11-28 05:00:00,2,0.00015706067,0.1345370271054476,2025-11-14 05:00:00
DIS,2025-11-28 05:00:00,2,-6.725634e-05,-0.4684799185973609,2025-11-14 05:00:00
DLR,2025-11-28 05:00:00,2,-0.00013917252,-0.0791018152313136,2025-11-14 05:00:00
DLTR,2025-11-28 05:00:00,2,3.0701706e-06,-0.1902561992924366,2025-11-14 05:00:00
DOC,2025-11-28 05:00:00,2,-0.0014122631,0.0308020387249756,2025-11-14 05:00:00
DOV,2025-11-28 05:00:00,2,-0.00026709397,-0.1065877264112418,2025-11-14 05:00:00
DOW,2025-11-28 05:00:00,2,0.0013157211,-0.0844003957680212,2025-11-14 05:00:00
DPZ,2025-11-28 05:00:00,2,-0.000663074,-0.2691171824942053,2025-11-14 05:00:00
DRI,2025-11-28 05:00:00,2,-0.0011809958,-0.3307608449374809,2025-11-14 05:00:00
DTE,2025-11-28 05:00:00,2,-0.00084347033,-0.0077180711656002,2025-11-14 05:00:00
DUK,2025-11-28 05:00:00,2,-0.0009974604,0.0895373362454057,2025-11-14 05:00:00
DVA,2025-11-28 05:00:00,2,-0.00050922285,-0.1869434146374664,2025-11-14 05:00:00
DVN,2025-11-28 05:00:00,2,0.0003711967,-0.0248765001153767,2025-11-14 05:00:00
DXCM,2025-11-28 05:00:00,2,0.0078502195,-0.3203354686233522,2025-11-14 05:00:00
EA,2025-11-28 05:00:00,2,-0.0008851739,0.3097168950673699,2025-11-14 05:00:00
EBAY,2025-11-28 05:00:00,2,0.0011440045,-0.1899770097783032,2025-11-14 05:00:00
ECL,2025-11-28 05:00:00,2,-0.0005285805,-0.2387175874467072,2025-11-14 05:00:00
ED,2025-11-28 05:00:00,2,-0.0011799809,0.0680140556410931,2025-11-14 05:00:00
EFX,2025-11-28 05:00:00,2,-0.00055617467,-0.3980175462691591,2025-11-14 05:00:00
EG,2025-11-28 05:00:00,2,-0.0008580072,-0.0255669483410184,2025-11-14 05:00:00
EIX,2025-11-28 05:00:00,2,-0.00092255225,0.230131672160857,2025-11-14 05:00:00
EL,2025-11-28 05:00:00,2,0.0017959466,-0.1897070103338585,2025-11-14 05:00:00
ELV,2025-11-28 05:00:00,2,-0.0005583629,0.1458310883270961,2025-11-14 05:00:00
EMN,2025-11-28 05:00:00,2,-0.0001411751,-0.232083859046394,2025-11-14 05:00:00
EMR,2025-11-28 05:00:00,2,0.0005529966,-0.1566914376673365,2025-11-14 05:00:00
ENPH,2025-11-28 05:00:00,2,0.0083580315,-0.37488931432347,2025-11-14 05:00:00
EOG,2025-11-28 05:00:00,2,-0.0011969715,-0.2926783702260247,2025-11-14 05:00:00
EPAM,2025-11-28 05:00:00,2,-8.102972e-05,0.0519179513330684,2025-11-14 05:00:00
EQIX,2025-11-28 05:00:00,2,-0.0010591124,0.0554257610476112,2025-11-14 05:00:00
EQR,2025-11-28 05:00:00,2,-0.0005285805,-0.193133400134649,2025-11-14 05:00:00
EQT,2025-11-28 05:00:00,2,0.0003711967,0.2145769245403636,2025-11-14 05:00:00
ERIE,2025-11-28 05:00:00,2,9.014082e-06,-0.5073234799365656,2025-11-14 05:00:00
ES,2025-11-28 05:00:00,2,-0.0014777394,0.7725290199071412,2025-11-14 05:00:00
ESS,2025-11-28 05:00:00,2,-0.0015947839,0.0462579678651171,2025-11-14 05:00:00
ETN,2025-11-28 05:00:00,2,0.0017697539,-0.1949409310909997,2025-11-14 05:00:00
ETR,2025-11-28 05:00:00,2,-0.0010259908,0.2383438207175731,2025-11-14 05:00:00
EVRG,2025-11-28 05:00:00,2,-0.0009974604,0.2488352029218149,2025-11-14 05:00:00
EW,2025-11-28 05:00:00,2,-0.0008773494,0.1826943337208795,2025-11-14 05:00:00
EXC,2025-11-28 05:00:00,2,-0.0009974604,0.1304017072734688,2025-11-14 05:00:00
EXE,2025-11-28 05:00:00,2,0.0003711967,0.3504920420407681,2025-11-14 05:00:00
EXPD,2025-11-28 05:00:00,2,-0.00090981706,0.2560806674085086,2025-11-14 05:00:00
EXPE,2025-11-28 05:00:00,2,0.0038472766,0.3355109785106761,2025-11-14 05:00:00
EXR,2025-11-28 05:00:00,2,-0.0003267017,-0.0534937268561879,2025-11-14 05:00:00
F,2025-11-28 05:00:00,2,0.00015706067,0.1979646348716374,2025-11-14 05:00:00
FANG,2025-11-28 05:00:00,2,-0.00010870746,-0.0182310980397827,2025-11-14 05:00:00
FAST,2025-11-28 05:00:00,2,-0.0008383495,-0.6616784988757894,2025-11-14 05:00:00
FCX,2025-11-28 05:00:00,2,0.00075636053,-0.1722524309050328,2025-11-14 05:00:00
FDS,2025-11-28 05:00:00,2,-0.0007553679,-0.4129573599160263,2025-11-14 05:00:00
FDX,2025-11-28 05:00:00,2,-0.0006968577,0.3054235006925887,2025-11-14 05:00:00
FE,2025-11-28 05:00:00,2,-0.0011799809,0.3184016545453776,2025-11-14 05:00:00
FFIV,2025-11-28 05:00:00,2,-0.00026022462,-0.4210861496047587,2025-11-14 05:00:00
FI,2025-11-28 05:00:00,2,0.00998806,-0.3783588562146641,2025-11-14 05:00:00
FICO,2025-11-28 05:00:00,2,0.0013157211,0.239911523642566,2025-11-14 05:00:00
FIS,2025-11-28 05:00:00,2,-0.0010215945,-0.1854849407133767,2025-11-14 05:00:00
FITB,2025-11-28 05:00:00,2,-0.0011808517,-0.1201510931400482,2025-11-14 05:00:00
FOX,2025-11-28 05:00:00,2,-0.00090981706,0.1353567657428007,2025-11-14 05:00:00
FOXA,2025-11-28 05:00:00,2,-0.00090981706,0.1431727993424941,2025-11-14 05:00:00
FRT,2025-11-28 05:00:00,2,-0.0012416329,0.1138811463975775,2025-11-14 05:00:00
FSLR,2025-11-28 05:00:00,2,0.0011069942,0.3968310073708393,2025-11-14 05:00:00
FTNT,2025-11-28 05:00:00,2,0.00017495263,0.0814712687880093,2025-11-14 05:00:00
FTV,2025-11-28 05:00:00,2,-0.0012968465,0.2060956989999058,2025-11-14 05:00:00
GD,2025-11-28 05:00:00,2,-0.00092694856,0.2070665481424876,2025-11-14 05:00:00
GDDY,2025-11-28 05:00:00,2,-0.0004757376,-0.5241256083458329,2025-11-14 05:00:00
GE,2025-11-28 05:00:00,2,0.00042471915,0.3065791408625534,2025-11-14 05:00:00
GEHC,2025-11-28 05:00:00,2,-0.0010540624,-0.072896155135626,2025-11-14 05:00:00
GEN,2025-11-28 05:00:00,2,-0.00081490347,-0.4807229318413151,2025-11-14 05:00:00
GEV,2025-11-28 05:00:00,2,0.008917983,-0.5293813637214615,2025-11-14 05:00:00
GILD,2025-11-28 05:00:00,2,-0.0007398801,0.2615531451532077,2025-11-14 05:00:00
GIS,2025-11-28 05:00:00,2,-0.0008613968,-0.1940328038880326,2025-11-14 05:00:00
GL,2025-11-28 05:00:00,2,-0.0008650918,-0.1567079628016904,2025-11-14 05:00:00
GLW,2025-11-28 05:00:00,2,0.0012991722,0.2693001044520278,2025-11-14 05:00:00
GM,2025-11-28 05:00:00,2,0.00029787785,0.3101370578296736,2025-11-14 05:00:00
GNRC,2025-11-28 05:00:00,2,0.0024176214,-0.3596329782786797,2025-11-14 05:00:00
GOOG,2025-11-28 05:00:00,2,0.0005120139,0.4629312172364457,2025-11-14 05:00:00
GOOGL,2025-11-28 05:00:00,2,0.0005120139,0.4493959277807005,2025-11-14 05:00:00
GPC,2025-11-28 05:00:00,2,-0.00028139245,-0.2625814506182292,2025-11-14 05:00:00
GPN,2025-11-28 05:00:00,2,0.00027261258,-0.3807713776311432,2025-11-14 05:00:00
GRMN,2025-11-28 05:00:00,2,-0.00087334367,-0.295379366817168,2025-11-14 05:00:00
GS,2025-11-28 05:00:00,2,0.00063885516,0.1375345546835694,2025-11-14 05:00:00
GWW,2025-11-28 05:00:00,2,-0.0010259908,-0.4059284217468016,2025-11-14 05:00:00
HAL,2025-11-28 05:00:00,2,0.00025894996,0.2295678683845378,2025-11-14 05:00:00
HAS,2025-11-28 05:00:00,2,0.00015341431,-0.1483845940553625,2025-11-14 05:00:00
HBAN,2025-11-28 05:00:00,2,-0.0010807341,-0.2029171091251627,2025-11-14 05:00:00
HCA,2025-11-28 05:00:00,2,-0.00040205018,0.6487785997788916,2025-11-14 05:00:00
HD,2025-11-28 05:00:00,2,-0.000682571,-0.2702187364262851,2025-11-14 05:00:00
HIG,2025-11-28 05:00:00,2,-0.0010259908,0.0721570418118646,2025-11-14 05:00:00
HII,2025-11-28 05:00:00,2,0.00024967405,0.3709276468631017,2025-11-14 05:00:00
HLT,2025-11-28 05:00:00,2,-7.484479e-06,-0.0475337091230631,2025-11-14 05:00:00
HOLX,2025-11-28 05:00:00,2,-0.00026709397,0.2100383296247481,2025-11-14 05:00:00
HON,2025-11-28 05:00:00,2,-0.00048273636,-0.2321157357269662,2025-11-14 05:00:00
HPE,2025-11-28 05:00:00,2,-0.00019827018,-0.1068154024389414,2025-11-14 05:00:00
HPQ,2025-11-28 05:00:00,2,-4.1687563e-05,-0.259088951540625,2025-11-14 05:00:00
HRL,2025-11-28 05:00:00,2,-0.0007211973,-0.3797504260768706,2025-11-14 05:00:00
HSIC,2025-11-28 05:00:00,2,-0.0008773494,0.0812197078260276,2025-11-14 05:00:00
HST,2025-11-28 05:00:00,2,-0.0005753349,0.0572715161126269,2025-11-14 05:00:00
HSY,2025-11-28 05:00:00,2,-1.1812126e-05,0.0416082297084531,2025-11-14 05:00:00
HUBB,2025-11-28 05:00:00,2,0.0004036645,-0.1437237513563881,2025-11-14 05:00:00
HUM,2025-11-28 05:00:00,2,0.0014977106,-0.2558579981775694,2025-11-14 05:00:00
HWM,2025-11-28 05:00:00,2,0.0005571402,0.3262169383583091,2025-11-14 05:00:00
IBM,2025-11-28 05:00:00,2,-8.0552076e-05,0.5260824640283686,2025-11-14 05:00:00
ICE,2025-11-28 05:00:00,2,-0.00092674384,-0.4150288230831129,2025-11-14 05:00:00
IDXX,2025-11-28 05:00:00,2,-0.0010807341,-0.0616221765702878,2025-11-14 05:00:00
IEX,2025-11-28 05:00:00,2,-0.0010770389,-0.1100517072250007,2025-11-14 05:00:00
IFF,2025-11-28 05:00:00,2,-0.0008074587,-0.0044065793319002,2025-11-14 05:00:00
INCY,2025-11-28 05:00:00,2,0.0007099169,0.3229155348254637,2025-11-14 05:00:00
INTC,2025-11-28 05:00:00,2,0.011794403,0.3328475303809074,2025-11-14 05:00:00
INTU,2025-11-28 05:00:00,2,-0.00042296117,-0.0003465549743162,2025-11-14 05:00:00
INVH,2025-11-28 05:00:00,2,-0.00081185484,-0.3011764929011723,2025-11-14 05:00:00
IP,2025-11-28 05:00:00,2,8.2978935e-05,-0.2037481501395664,2025-11-14 05:00:00
IPG,2025-11-28 05:00:00,2,0.0003720493,-0.2226874776639472,2025-11-14 05:00:00
IQV,2025-11-28 05:00:00,2,-0.00014069756,0.2854392576524431,2025-11-14 05:00:00
IR,2025-11-28 05:00:00,2,0.000388703,-0.1654256708501259,2025-11-14 05:00:00
IRM,2025-11-28 05:00:00,2,0.0009794754,-0.0378217236042384,2025-11-14 05:00:00
ISRG,2025-11-28 05:00:00,2,0.00021720616,0.21303114300249,2025-11-14 05:00:00
IT,2025-11-28 05:00:00,2,0.00057621585,-0.2377817060759271,2025-11-14 05:00:00
ITW,2025-11-28 05:00:00,2,4.7795424e-05,-0.4338981084508339,2025-11-14 05:00:00
IVZ,2025-11-28 05:00:00,2,-0.0001031149,0.2126796902905249,2025-11-14 05:00:00
J,2025-11-28 05:00:00,2,-8.457313e-05,-0.0083196919079848,2025-11-14 05:00:00
JBHT,2025-11-28 05:00:00,2,-0.0008107746,0.1423999722481137,2025-11-14 05:00:00
JBL,2025-11-28 05:00:00,2,0.0033833394,-0.2036025144855415,2025-11-14 05:00:00
JCI,2025-11-28 05:00:00,2,0.00043109126,0.2588815424037398,2025-11-14 05:00:00
JKHY,2025-11-28 05:00:00,2,-0.00072335894,0.0181815712696215,2025-11-14 05:00:00
JNJ,2025-11-28 05:00:00,2,-0.0011799809,0.4193401037607335,2025-11-14 05:00:00
JPM,2025-11-28 05:00:00,2,0.000854498,0.1154283861594093,2025-11-14 05:00:00
K,2025-11-28 05:00:00,2,-0.0011799809,0.0962113147696328,2025-11-14 05:00:00
KDP,2025-11-28 05:00:00,2,-0.0005431175,-0.3772826200672763,2025-11-14 05:00:00
KEY,2025-11-28 05:00:00,2,-0.0007931172,-0.1973293373278853,2025-11-14 05:00:00
KEYS,2025-11-28 05:00:00,2,-4.6392663e-05,0.0928754629176453,2025-11-14 05:00:00
KHC,2025-11-28 05:00:00,2,-0.0010259908,-0.3450648667119772,2025-11-14 05:00:00
KIM,2025-11-28 05:00:00,2,-0.0007442228,-0.117383221906831,2025-11-14 05:00:00
KKR,2025-11-28 05:00:00,2,0.00017371435,-0.366115755103384,2025-11-14 05:00:00
KLAC,2025-11-28 05:00:00,2,0.0008097726,0.2894708864550172,2025-11-14 05:00:00
KMB,2025-11-28 05:00:00,2,-0.0011799809,-0.4598306771654926,2025-11-14 05:00:00
KMI,2025-11-28 05:00:00,2,-0.0001678469,0.0114330452117522,2025-11-14 05:00:00
KMX,2025-11-28 05:00:00,2,0.010679824,-0.4075643051696292,2025-11-14 05:00:00
KO,2025-11-28 05:00:00,2,-0.00026709397,0.236830031071595,2025-11-14 05:00:00
KR,2025-11-28 05:00:00,2,0.00016866442,-0.0690188389897832,2025-11-14 05:00:00
KVUE,2025-11-28 05:00:00,2,-0.00072710257,-0.6834515793527219,2025-11-14 05:00:00
L,2025-11-28 05:00:00,2,-0.0011799809,0.4031829249747476,2025-11-14 05:00:00
LDOS,2025-11-28 05:00:00,2,0.00043109126,0.1663214524083937,2025-11-14 05:00:00
LEN,2025-11-28 05:00:00,2,-0.00065740553,-0.095739573045231,2025-11-14 05:00:00
LH,2025-11-28 05:00:00,2,0.0007040621,-0.0180561199067459,2025-11-14 05:00:00
LHX,2025-11-28 05:00:00,2,-0.0003490244,0.1378826023054475,2025-11-14 05:00:00
LII,2025-11-28 05:00:00,2,0.00020272164,-0.4515140047790909,2025-11-14 05:00:00
LIN,2025-11-28 05:00:00,2,-0.0005285805,-0.4586664391825331,2025-11-14 05:00:00
LKQ,2025-11-28 05:00:00,2,-0.00090981706,0.0122261652513339,2025-11-14 05:00:00
LLY,2025-11-28 05:00:00,2,-0.0012075753,0.5648434902793873,2025-11-14 05:00:00
LMT,2025-11-28 05:00:00,2,-0.0003002154,0.0521892898050877,2025-11-14 05:00:00
LNT,2025-11-28 05:00:00,2,-0.0011799809,0.1599304386814593,2025-11-14 05:00:00
LOW,2025-11-28 05:00:00,2,-0.00089821324,-0.2503075121977081,2025-11-14 05:00:00
LRCX,2025-11-28 05:00:00,2,0.002156204,0.2996366786469835,2025-11-14 05:00:00
LULU,2025-11-28 05:00:00,2,-0.0002564125,-0.3524734294563306,2025-11-14 05:00:00
LUV,2025-11-28 05:00:00,2,0.0005537175,0.0377983877406724,2025-11-14 05:00:00
LVS,2025-11-28 05:00:00,2,3.0701706e-06,0.1575985984778163,2025-11-14 05:00:00
LW,2025-11-28 05:00:00,2,0.00043517313,0.0463372196525099,2025-11-14 05:00:00
LYB,2025-11-28 05:00:00,2,7.2960785e-05,-0.4260861868411388,2025-11-14 05:00:00
LYV,2025-11-28 05:00:00,2,0.0005926781,-0.4492229605439093,2025-11-14 05:00:00
MA,2025-11-28 05:00:00,2,-0.00071110134,-0.2658845123745802,2025-11-14 05:00:00
MAA,2025-11-28 05:00:00,2,-0.0010259908,-0.1453865534574752,2025-11-14 05:00:00
MAR,2025-11-28 05:00:00,2,0.00015706067,0.0774510922549258,2025-11-14 05:00:00
MAS,2025-11-28 05:00:00,2,-0.000106068605,-0.4579614570493049,2025-11-14 05:00:00
MCD,2025-11-28 05:00:00,2,-0.0011799809,0.0302164570363139,2025-11-14 05:00:00
MCHP,2025-11-28 05:00:00,2,0.0009333264,-0.4989346219610472,2025-11-14 05:00:00
MCK,2025-11-28 05:00:00,2,-0.0007795549,0.6056830603114581,2025-11-14 05:00:00
MCO,2025-11-28 05:00:00,2,-1.3856425e-05,-0.1744186989175727,2025-11-14 05:00:00
MDLZ,2025-11-28 05:00:00,2,-0.0007442228,-0.2662996162216998,2025-11-14 05:00:00
MDT,2025-11-28 05:00:00,2,-0.0010259908,0.1601373463966287,2025-11-14 05:00:00
MET,2025-11-28 05:00:00,2,-0.0017487743,-0.0588016373821828,2025-11-14 05:00:00
META,2025-11-28 05:00:00,2,-0.00037470783,-0.4350098442893224,2025-11-14 05:00:00
MGM,2025-11-28 05:00:00,2,0.0004719502,-0.3260956199522475,2025-11-14 05:00:00
MHK,2025-11-28 05:00:00,2,0.00035623534,-0.3157760597827758,2025-11-14 05:00:00
MKC,2025-11-28 05:00:00,2,-0.00032874584,-0.1455204045418659,2025-11-14 05:00:00
MKTX,2025-11-28 05:00:00,2,-0.0010540624,-0.2203997762295191,2025-11-14 05:00:00
MLM,2025-11-28 05:00:00,2,-0.000682571,-0.0596529122449261,2025-11-14 05:00:00
MMC,2025-11-28 05:00:00,2,-0.00092674384,-0.2406947693282247,2025-11-14 05:00:00
MMM,2025-11-28 05:00:00,2,3.5537883e-05,0.1696137560353859,2025-11-14 05:00:00
MNST,2025-11-28 05:00:00,2,-0.000895076,0.3904538185126633,2025-11-14 05:00:00
MO,2025-11-28 05:00:00,2,-0.0010973735,-0.2088282178602388,2025-11-14 05:00:00
MOH,2025-11-28 05:00:00,2,0.00049461005,-0.215964557853978,2025-11-14 05:00:00
MOS,2025-11-28 05:00:00,2,9.904175e-05,-0.3956295227163994,2025-11-14 05:00:00
MPC,2025-11-28 05:00:00,2,0.0011194556,0.2776959988321787,2025-11-14 05:00:00
MPWR,2025-11-28 05:00:00,2,0.0028238217,-0.0889070085518486,2025-11-14 05:00:00
MRK,2025-11-28 05:00:00,2,-0.00050922285,0.1385415978151213,2025-11-14 05:00:00
MRNA,2025-11-28 05:00:00,2,0.009240714,-0.0988362003536435,2025-11-14 05:00:00
MS,2025-11-28 05:00:00,2,0.0003239657,0.2815157534810669,2025-11-14 05:00:00
MSCI,2025-11-28 05:00:00,2,-0.0011945184,0.0285631339439423,2025-11-14 05:00:00
MSFT,2025-11-28 05:00:00,2,-9.000476e-05,-0.1361362103635225,2025-11-14 05:00:00
MSI,2025-11-28 05:00:00,2,0.0018840167,-0.5458429539394045,2025-11-14 05:00:00
MTB,2025-11-28 05:00:00,2,-0.00089873624,-0.1690939498384185,2025-11-14 05:00:00
MTCH,2025-11-28 05:00:00,2,-0.00059610413,-0.3178177407157782,2025-11-14 05:00:00
MTD,2025-11-28 05:00:00,2,0.00018952835,0.182838925742668,2025-11-14 05:00:00
MU,2025-11-28 05:00:00,2,0.008572346,0.4998635709700422,2025-11-14 05:00:00
NCLH,2025-11-28 05:00:00,2,0.0017127316,-0.4603376803361902,2025-11-14 05:00:00
NDAQ,2025-11-28 05:00:00,2,0.00020178586,-0.3545360989451424,2025-11-14 05:00:00
NDSN,2025-11-28 05:00:00,2,-0.0011799809,0.0829368413632751,2025-11-14 05:00:00
NEE,2025-11-28 05:00:00,2,-0.0014292677,0.2726131036005989,2025-11-14 05:00:00
NEM,2025-11-28 05:00:00,2,0.0014611736,0.2563309969849334,2025-11-14 05:00:00
NFLX,2025-11-28 05:00:00,2,0.0005004805,-0.0951186167607337,2025-11-14 05:00:00
NI,2025-11-28 05:00:00,2,-0.0012416329,-0.0019684080357832,2025-11-14 05:00:00
NKE,2025-11-28 05:00:00,2,-0.00034251556,-0.3273159905822137,2025-11-14 05:00:00
NOC,2025-11-28 05:00:00,2,-0.0005285805,-0.1507623949801634,2025-11-14 05:00:00
NOW,2025-11-28 05:00:00,2,0.0012931214,-0.1373857900884505,2025-11-14 05:00:00
NRG,2025-11-28 05:00:00,2,0.0023944355,0.0982669516547847,2025-11-14 05:00:00
NSC,2025-11-28 05:00:00,2,-0.0011799809,-0.0097182947662896,2025-11-14 05:00:00
NTAP,2025-11-28 05:00:00,2,3.9868944e-05,-0.0713182295355012,2025-11-14 05:00:00
NTRS,2025-11-28 05:00:00,2,0.00026193148,-0.0458965730937797,2025-11-14 05:00:00
NUE,2025-11-28 05:00:00,2,-8.102972e-05,-0.0896326463543324,2025-11-14 05:00:00
NVDA,2025-11-28 05:00:00,2,0.0013955876,-0.0193531519678482,2025-11-14 05:00:00
NVR,2025-11-28 05:00:00,2,-0.000636713,-0.2355158532899903,2025-11-14 05:00:00
NWS,2025-11-28 05:00:00,2,-0.0015491223,-0.4951193370941251,2025-11-14 05:00:00
NWSA,2025-11-28 05:00:00,2,-0.0014338848,-0.3503331241348766,2025-11-14 05:00:00
NXPI,2025-11-28 05:00:00,2,0.00035671217,-0.3896057728316269,2025-11-14 05:00:00
O,2025-11-28 05:00:00,2,-0.0005285805,-0.0154657919795752,2025-11-14 05:00:00
ODFL,2025-11-28 05:00:00,2,-0.0002951655,-0.4806410759480471,2025-11-14 05:00:00
OKE,2025-11-28 05:00:00,2,-0.0018930197,-0.2381549946750747,2025-11-14 05:00:00
OMC,2025-11-28 05:00:00,2,-0.00012319941,-0.2605451652977043,2025-11-14 05:00:00
ON,2025-11-28 05:00:00,2,0.00075636053,-0.279314083366469,2025-11-14 05:00:00
ORCL,2025-11-28 05:00:00,2,0.0062451093,-0.1777601593924905,2025-11-14 05:00:00
ORLY,2025-11-28 05:00:00,2,-0.0009816915,-0.0466685721262066,2025-11-14 05:00:00
OTIS,2025-11-28 05:00:00,2,-0.00056316087,0.1472021635747849,2025-11-14 05:00:00
OXY,2025-11-28 05:00:00,2,-8.988471e-05,-0.2449071102851754,2025-11-14 05:00:00
PANW,2025-11-28 05:00:00,2,-0.00048069216,0.138691273939415,2025-11-14 05:00:00
PAYC,2025-11-28 05:00:00,2,0.00068534876,-0.5897954616436862,2025-11-14 05:00:00
PAYX,2025-11-28 05:00:00,2,-0.0014006991,-0.8433394500420848,2025-11-14 05:00:00
PCAR,2025-11-28 05:00:00,2,-0.00045754146,-0.1454940284941621,2025-11-14 05:00:00
PCG,2025-11-28 05:00:00,2,-0.0006309346,0.3071293693777673,2025-11-14 05:00:00
PEG,2025-11-28 05:00:00,2,-0.00087711477,-0.03319100569119,2025-11-14 05:00:00
PEP,2025-11-28 05:00:00,2,-0.00084347033,-0.1072564912774263,2025-11-14 05:00:00
PFE,2025-11-28 05:00:00,2,-0.000695681,0.0120826209887657,2025-11-14 05:00:00
PFG,2025-11-28 05:00:00,2,-0.0013956233,0.2195942014450325,2025-11-14 05:00:00
PG,2025-11-28 05:00:00,2,-0.0011799809,-0.2297361175785174,2025-11-14 05:00:00
PGR,2025-11-28 05:00:00,2,-0.000663074,-0.1664195405219127,2025-11-14 05:00:00
PH,2025-11-28 05:00:00,2,3.5537883e-05,0.2128471983431189,2025-11-14 05:00:00
PHM,2025-11-28 05:00:00,2,-0.00029206023,-0.1273362519470366,2025-11-14 05:00:00
PKG,2025-11-28 05:00:00,2,-0.00036700736,-0.1705502523572388,2025-11-14 05:00:00
PLD,2025-11-28 05:00:00,2,-0.0016497315,0.3026338977094037,2025-11-14 05:00:00
PLTR,2025-11-28 05:00:00,2,0.020231543,0.0143584838668232,2025-11-14 05:00:00
PM,2025-11-28 05:00:00,2,0.0004719502,-0.0577670478062756,2025-11-14 05:00:00
PNC,2025-11-28 05:00:00,2,-0.0011143785,-0.234562189052826,2025-11-14 05:00:00
PNR,2025-11-28 05:00:00,2,-0.0007442228,-0.1230925144445169,2025-11-14 05:00:00
PNW,2025-11-28 05:00:00,2,-0.00084347033,-0.0988023330314709,2025-11-14 05:00:00
PODD,2025-11-28 05:00:00,2,0.00021720616,0.0021313901196357,2025-11-14 05:00:00
POOL,2025-11-28 05:00:00,2,0.0011748618,-0.4551105850795304,2025-11-14 05:00:00
PPG,2025-11-28 05:00:00,2,-0.0006652434,-0.3572464157303715,2025-11-14 05:00:00
PPL,2025-11-28 05:00:00,2,-0.0011799809,0.0768017227329476,2025-11-14 05:00:00
PRU,2025-11-28 05:00:00,2,-0.0011799809,-0.0430399566957693,2025-11-14 05:00:00
PSA,2025-11-28 05:00:00,2,-0.00044229152,-0.1061725517815398,2025-11-14 05:00:00
PSKY,2025-11-28 05:00:00,2,0.009861326,-0.0242715064838149,2025-11-14 05:00:00
PSX,2025-11-28 05:00:00,2,3.5537883e-05,0.1675693956913121,2025-11-14 05:00:00
PTC,2025-11-28 05:00:00,2,0.00037854197,-0.5479287685532923,2025-11-14 05:00:00
PWR,2025-11-28 05:00:00,2,0.0014600712,0.1881163498659432,2025-11-14 05:00:00
PYPL,2025-11-28 05:00:00,2,0.00057037116,-0.3895644356156197,2025-11-14 05:00:00
QCOM,2025-11-28 05:00:00,2,-0.00094248663,0.1557255593677362,2025-11-14 05:00:00
RCL,2025-11-28 05:00:00,2,0.0020884725,-0.5474473627146651,2025-11-14 05:00:00
REG,2025-11-28 05:00:00,2,-0.00084347033,-0.089716974142401,2025-11-14 05:00:00
REGN,2025-11-28 05:00:00,2,-0.00056451885,0.2924237619229223,2025-11-14 05:00:00
RF,2025-11-28 05:00:00,2,-0.0011444477,-0.186665917595667,2025-11-14 05:00:00
RJF,2025-11-28 05:00:00,2,-9.578679e-05,-0.1291485760317289,2025-11-14 05:00:00
RL,2025-11-28 05:00:00,2,0.00039823333,0.2374700440489315,2025-11-14 05:00:00
RMD,2025-11-28 05:00:00,2,-0.0006451802,-0.3980251980739909,2025-11-14 05:00:00
ROK,2025-11-28 05:00:00,2,-0.00076118356,0.1282235844026308,2025-11-14 05:00:00
ROL,2025-11-28 05:00:00,2,-0.0012416329,0.091035431416765,2025-11-14 05:00:00
ROP,2025-11-28 05:00:00,2,-0.00019108273,-0.593600629502716,2025-11-14 05:00:00
ROST,2025-11-28 05:00:00,2,-0.0011799809,0.2212377170132601,2025-11-14 05:00:00
RSG,2025-11-28 05:00:00,2,-0.0005285805,-0.3557591893825897,2025-11-14 05:00:00
RTX,2025-11-28 05:00:00,2,-0.0003503152,0.1507576969196493,2025-11-14 05:00:00
RVTY,2025-11-28 05:00:00,2,-0.00013900582,0.1071861139128036,2025-11-14 05:00:00
SBAC,2025-11-28 05:00:00,2,-0.0013806476,-0.1159791815547699,2025-11-14 05:00:00
SBUX,2025-11-28 05:00:00,2,-0.00075582665,-0.0353662704675515,2025-11-14 05:00:00
SCHW,2025-11-28 05:00:00,2,-0.0006509556,-0.068231628354514,2025-11-14 05:00:00
SHW,2025-11-28 05:00:00,2,-0.00077880314,-0.2253053033259297,2025-11-14 05:00:00
SJM,2025-11-28 05:00:00,2,-0.0013956233,-0.0132106669521094,2025-11-14 05:00:00
SLB,2025-11-28 05:00:00,2,-8.102972e-05,0.0236028586200287,2025-11-14 05:00:00
SMCI,2025-11-28 05:00:00,2,0.012932493,-0.2699915432802698,2025-11-14 05:00:00
SNA,2025-11-28 05:00:00,2,-0.0013956233,-0.0336484833036942,2025-11-14 05:00:00
SNPS,2025-11-28 05:00:00,2,0.0016103941,-0.3165250155052924,2025-11-14 05:00:00
SO,2025-11-28 05:00:00,2,-0.0009974604,-0.0506504548956792,2025-11-14 05:00:00
SOLV,2025-11-28 05:00:00,2,-0.0009203716,0.109175184015891,2025-11-14 05:00:00
SPG,2025-11-28 05:00:00,2,-0.0011799809,0.2439519223968022,2025-11-14 05:00:00
SPGI,2025-11-28 05:00:00,2,-0.00071110134,-0.3079003323864418,2025-11-14 05:00:00
SRE,2025-11-28 05:00:00,2,-0.0011799809,0.3719394712029749,2025-11-14 05:00:00
STE,2025-11-28 05:00:00,2,-0.00066321326,0.1352145022640478,2025-11-14 05:00:00
STLD,2025-11-28 05:00:00,2,0.00024967405,0.2648517009440938,2025-11-14 05:00:00
STT,2025-11-28 05:00:00,2,-0.0002686001,0.0656289304408895,2025-11-14 05:00:00
STX,2025-11-28 05:00:00,2,0.011985006,0.2844230068092072,2025-11-14 05:00:00
STZ,2025-11-28 05:00:00,2,-0.0012249268,-0.3756394347060203,2025-11-14 05:00:00
SW,2025-11-28 05:00:00,2,-0.0013849674,-0.4479679083388598,2025-11-14 05:00:00
SWK,2025-11-28 05:00:00,2,-0.0001411751,-0.1831785210542995,2025-11-14 05:00:00
SWKS,2025-11-28 05:00:00,2,0.0014444734,-0.1947649922794729,2025-11-14 05:00:00
SYF,2025-11-28 05:00:00,2,7.14842e-05,-0.0155850969239456,2025-11-14 05:00:00
SYK,2025-11-28 05:00:00,2,-0.00030992288,-0.0953099769646202,2025-11-14 05:00:00
SYY,2025-11-28 05:00:00,2,-0.0005285805,-0.0878297966181425,2025-11-14 05:00:00
T,2025-11-28 05:00:00,2,-0.0001678469,-0.0511641990657661,2025-11-14 05:00:00
TAP,2025-11-28 05:00:00,2,-0.00050922285,-0.1259353217417081,2025-11-14 05:00:00
TDG,2025-11-28 05:00:00,2,-7.484479e-06,0.0728281995079319,2025-11-14 05:00:00
TDY,2025-11-28 05:00:00,2,0.0005984427,-0.2771255606848478,2025-11-14 05:00:00
TECH,2025-11-28 05:00:00,2,0.0056690136,0.0953831317902273,2025-11-14 05:00:00
TEL,2025-11-28 05:00:00,2,-0.00094207237,0.2520149538877185,2025-11-14 05:00:00
TER,2025-11-28 05:00:00,2,0.011831015,0.218579148437444,2025-11-14 05:00:00
TFC,2025-11-28 05:00:00,2,-0.0013956233,-0.089284380177261,2025-11-14 05:00:00
TGT,2025-11-28 05:00:00,2,-0.0012761992,-0.3155146648036052,2025-11-14 05:00:00
TJX,2025-11-28 05:00:00,2,-0.0011799809,0.37014078725966,2025-11-14 05:00:00
TKO,2025-11-28 05:00:00,2,1.5614125e-05,-0.1472360589731404,2025-11-14 05:00:00
TMO,2025-11-28 05:00:00,2,-0.0012075753,0.3047386204386211,2025-11-14 05:00:00
TMUS,2025-11-28 05:00:00,2,-0.000127402,-0.3076058090110243,2025-11-14 05:00:00
TPL,2025-11-28 05:00:00,2,-0.0012080529,0.0840354503261888,2025-11-14 05:00:00
TPR,2025-11-28 05:00:00,2,0.0014505353,-0.081424930615087,2025-11-14 05:00:00
TRGP,2025-11-28 05:00:00,2,0.001073644,0.0476693972169219,2025-11-14 05:00:00
TRMB,2025-11-28 05:00:00,2,-1.1812126e-05,-0.3028190022273406,2025-11-14 05:00:00
TROW,2025-11-28 05:00:00,2,-0.00071110134,-0.3997184868032844,2025-11-14 05:00:00
TRV,2025-11-28 05:00:00,2,-0.0011799809,0.1948600478530765,2025-11-14 05:00:00
TSCO,2025-11-28 05:00:00,2,-0.000663074,-0.2975442435893934,2025-11-14 05:00:00
TSLA,2025-11-28 05:00:00,2,0.0037233187,0.0183609634593807,2025-11-14 05:00:00
TSN,2025-11-28 05:00:00,2,-0.0009658453,-0.278839958341452,2025-11-14 05:00:00
TT,2025-11-28 05:00:00,2,-0.00052099803,-0.1481695661860211,2025-11-14 05:00:00
TTD,2025-11-28 05:00:00,2,0.009278112,-0.2659841664246098,2025-11-14 05:00:00
TTWO,2025-11-28 05:00:00,2,0.0007364463,0.0543173501575497,2025-11-14 05:00:00
TXN,2025-11-28 05:00:00,2,0.000388703,-0.5344850316352148,2025-11-14 05:00:00
TXT,2025-11-28 05:00:00,2,-0.00048273636,-0.0362227590709738,2025-11-14 05:00:00
TYL,2025-11-28 05:00:00,2,-0.0007787891,-0.448156480716709,2025-11-14 05:00:00
UAL,2025-11-28 05:00:00,2,0.0018011534,-0.2275219342060622,2025-11-14 05:00:00
UBER,2025-11-28 05:00:00,2,0.0010315843,-0.2689814507140214,2025-11-14 05:00:00
UDR,2025-11-28 05:00:00,2,-0.0010259908,-0.2197727519015671,2025-11-14 05:00:00
UHS,2025-11-28 05:00:00,2,-0.0009609717,0.586060804719378,2025-11-14 05:00:00
ULTA,2025-11-28 05:00:00,2,-0.000512759,-0.0789917099467675,2025-11-14 05:00:00
UNH,2025-11-28 05:00:00,2,-0.00069104997,0.1790425421062548,2025-11-14 05:00:00
UNP,2025-11-28 05:00:00,2,-0.0012136253,-0.0791219718236808,2025-11-14 05:00:00
UPS,2025-11-28 05:00:00,2,-0.0009614491,0.1735990720633422,2025-11-14 05:00:00
URI,2025-11-28 05:00:00,2,0.0012795052,-0.2729784823522471,2025-11-14 05:00:00
USB,2025-11-28 05:00:00,2,-0.0013053468,-0.0284904098846011,2025-11-14 05:00:00
V,2025-11-28 05:00:00,2,-0.0008650918,-0.1491029084522153,2025-11-14 05:00:00
VICI,2025-11-28 05:00:00,2,-0.00071110134,-0.2039338250416062,2025-11-14 05:00:00
VLO,2025-11-28 05:00:00,2,0.00021720616,0.3113940573460977,2025-11-14 05:00:00
VLTO,2025-11-28 05:00:00,2,-0.0007442228,-0.2586425459625081,2025-11-14 05:00:00
VMC,2025-11-28 05:00:00,2,-0.00031444416,-0.1613397785165648,2025-11-14 05:00:00
VRSK,2025-11-28 05:00:00,2,-0.0008413534,-0.4481190424531412,2025-11-14 05:00:00
VRSN,2025-11-28 05:00:00,2,0.0006869388,-0.1491532406332827,2025-11-14 05:00:00
VRTX,2025-11-28 05:00:00,2,-0.0010743618,0.2626191707064524,2025-11-14 05:00:00
VST,2025-11-28 05:00:00,2,0.005558175,-0.2270261535914212,2025-11-14 05:00:00
VTR,2025-11-28 05:00:00,2,-0.0017270262,0.5163467891156717,2025-11-14 05:00:00
VTRS,2025-11-28 05:00:00,2,-0.000695681,0.0860921284328839,2025-11-14 05:00:00
VZ,2025-11-28 05:00:00,2,-0.00048273636,-0.0120917448933237,2025-11-14 05:00:00
WAB,2025-11-28 05:00:00,2,-0.0002686001,0.0717851701549608,2025-11-14 05:00:00
WAT,2025-11-28 05:00:00,2,-0.00083944894,0.467505608864028,2025-11-14 05:00:00
WBD,2025-11-28 05:00:00,2,0.012035071,0.3562363887404836,2025-11-14 05:00:00
WDAY,2025-11-28 05:00:00,2,0.00062408124,0.0405918401228051,2025-11-14 05:00:00
WDC,2025-11-28 05:00:00,2,0.014285278,0.4647101247892838,2025-11-14 05:00:00
WEC,2025-11-28 05:00:00,2,-0.00084347033,0.1731549823807368,2025-11-14 05:00:00
WELL,2025-11-28 05:00:00,2,-0.0014876113,0.4213772094095154,2025-11-14 05:00:00
WFC,2025-11-28 05:00:00,2,-0.0001614749,0.1716622109040257,2025-11-14 05:00:00
WM,2025-11-28 05:00:00,2,-0.0005285805,-0.296841451682889,2025-11-14 05:00:00
WMB,2025-11-28 05:00:00,2,0.00014709494,0.1130085477591605,2025-11-14 05:00:00
WMT,2025-11-28 05:00:00,2,-0.00084347033,0.1903460687979761,2025-11-14 05:00:00
WRB,2025-11-28 05:00:00,2,-0.0012416329,0.2328095977823878,2025-11-14 05:00:00
WSM,2025-11-28 05:00:00,2,-0.00026052858,-0.0725546911768883,2025-11-14 05:00:00
WST,2025-11-28 05:00:00,2,0.0003711967,0.1478297241738142,2025-11-14 05:00:00
WTW,2025-11-28 05:00:00,2,-0.0012416329,-0.083599447262644,2025-11-14 05:00:00
WY,2025-11-28 05:00:00,2,-0.0010761028,-0.4601315120944901,2025-11-14 05:00:00
WYNN,2025-11-28 05:00:00,2,0.0012786528,0.0361218116504352,2025-11-14 05:00:00
XEL,2025-11-28 05:00:00,2,-0.0011799809,0.2098491334419441,2025-11-14 05:00:00
XOM,2025-11-28 05:00:00,2,-0.0013956233,0.2250882233165156,2025-11-14 05:00:00
XYL,2025-11-28 05:00:00,2,-0.0011799809,0.0743732610908428,2025-11-14 05:00:00
XYZ,2025-11-28 05:00:00,2,0.0016369924,-0.3891831928824389,2025-11-14 05:00:00
YUM,2025-11-28 05:00:00,2,-0.00010653814,0.0806616014949818,2025-11-14 05:00:00
ZBH,2025-11-28 05:00:00,2,0.00064383267,-0.2483938151962178,2025-11-14 05:00:00
ZBRA,2025-11-28 05:00:00,2,0.0018321523,-0.4676343570622775,2025-11-14 05:00:00
ZTS,2025-11-28 05:00:00,2,-0.000106152074,-0.3964080479013425,2025-11-14 05:00:00
A,2025-12-12 05:00:00,4,0.007218021,0.3628956466639322,2025-11-14 05:00:00
AAPL,2025-12-12 05:00:00,4,0.0028778126,0.4549544681829668,2025-11-14 05:00:00
ABBV,2025-12-12 05:00:00,4,0.006376361,0.3636564291672795,2025-11-14 05:00:00
ABNB,2025-12-12 05:00:00,4,0.0045968588,-0.1871703414977284,2025-11-14 05:00:00
ABT,2025-12-12 05:00:00,4,0.0039626705,0.0622993571978608,2025-11-14 05:00:00
ACGL,2025-12-12 05:00:00,4,0.0027145434,-0.0072738044438882,2025-11-14 05:00:00
ACN,2025-12-12 05:00:00,4,0.002460596,-0.2730130312929993,2025-11-14 05:00:00
ADBE,2025-12-12 05:00:00,4,0.0068277237,-0.2079771045583132,2025-11-14 05:00:00
ADI,2025-12-12 05:00:00,4,0.007113426,-0.1729136001718302,2025-11-14 05:00:00
ADM,2025-12-12 05:00:00,4,0.008736224,-0.2164974113357676,2025-11-14 05:00:00
ADP,2025-12-12 05:00:00,4,0.0031134132,-0.6472246059235082,2025-11-14 05:00:00
ADSK,2025-12-12 05:00:00,4,0.0029724205,0.0240397287157634,2025-11-14 05:00:00
AEE,2025-12-12 05:00:00,4,0.0032090237,0.2012698180023851,2025-11-14 05:00:00
AEP,2025-12-12 05:00:00,4,0.0031124412,0.256129185068669,2025-11-14 05:00:00
AES,2025-12-12 05:00:00,4,0.008687382,-0.0363198833760121,2025-11-14 05:00:00
AFL,2025-12-12 05:00:00,4,0.0026560246,0.2722812469168186,2025-11-14 05:00:00
AIG,2025-12-12 05:00:00,4,0.0026525012,-0.1540331323231766,2025-11-14 05:00:00
AIZ,2025-12-12 05:00:00,4,0.0026653504,0.2107562213303451,2025-11-14 05:00:00
AJG,2025-12-12 05:00:00,4,0.0075737135,-0.2671103743941286,2025-11-14 05:00:00
AKAM,2025-12-12 05:00:00,4,0.00799174,0.214785828655724,2025-11-14 05:00:00
ALB,2025-12-12 05:00:00,4,0.030098423,0.3821862995998362,2025-11-14 05:00:00
ALGN,2025-12-12 05:00:00,4,0.008480734,-0.2680875678660505,2025-11-14 05:00:00
ALL,2025-12-12 05:00:00,4,0.0027744316,0.140976871685381,2025-11-14 05:00:00
ALLE,2025-12-12 05:00:00,4,0.004730933,-0.1025859427697816,2025-11-14 05:00:00
AMAT,2025-12-12 05:00:00,4,0.008036822,0.2989926227438172,2025-11-14 05:00:00
AMCR,2025-12-12 05:00:00,4,0.004771191,-0.069323743200022,2025-11-14 05:00:00
AMD,2025-12-12 05:00:00,4,0.013834382,0.0013822107618483,2025-11-14 05:00:00
AME,2025-12-12 05:00:00,4,0.0027370194,0.0195745750020996,2025-11-14 05:00:00
AMGN,2025-12-12 05:00:00,4,0.0068174284,0.3103767835315777,2025-11-14 05:00:00
AMP,2025-12-12 05:00:00,4,0.0036280567,-0.3937649478166642,2025-11-14 05:00:00
AMT,2025-12-12 05:00:00,4,0.004118529,-0.2872091904834708,2025-11-14 05:00:00
AMZN,2025-12-12 05:00:00,4,0.008425166,-0.0755616801669138,2025-11-14 05:00:00
ANET,2025-12-12 05:00:00,4,0.027976267,-0.174474216273772,2025-11-14 05:00:00
AON,2025-12-12 05:00:00,4,0.0033764346,-0.1196479286651135,2025-11-14 05:00:00
AOS,2025-12-12 05:00:00,4,0.0038972392,-0.24625404111497,2025-11-14 05:00:00
APA,2025-12-12 05:00:00,4,0.009415373,0.1469325217249281,2025-11-14 05:00:00
APD,2025-12-12 05:00:00,4,0.008662864,-0.2559286320833062,2025-11-14 05:00:00
APH,2025-12-12 05:00:00,4,0.009144138,0.3766096054104905,2025-11-14 05:00:00
APO,2025-12-12 05:00:00,4,0.008705708,-0.1544836101373262,2025-11-14 05:00:00
APTV,2025-12-12 05:00:00,4,0.011287029,0.0480363605934072,2025-11-14 05:00:00
ARE,2025-12-12 05:00:00,4,0.014782527,-0.3499933268095815,2025-11-14 05:00:00
ATO,2025-12-12 05:00:00,4,0.0043776263,0.3113784699235786,2025-11-14 05:00:00
AVB,2025-12-12 05:00:00,4,0.0034983924,-0.1438169856536322,2025-11-14 05:00:00
AVGO,2025-12-12 05:00:00,4,0.011738134,0.0494625530516285,2025-11-14 05:00:00
AVY,2025-12-12 05:00:00,4,0.0058391984,0.0216889025882564,2025-11-14 05:00:00
AWK,2025-12-12 05:00:00,4,0.0040848413,-0.1011782324248007,2025-11-14 05:00:00
AXON,2025-12-12 05:00:00,4,0.021185586,-0.4106084865413034,2025-11-14 05:00:00
AXP,2025-12-12 05:00:00,4,0.0037190747,0.2750684478754654,2025-11-14 05:00:00
AZO,2025-12-12 05:00:00,4,0.004665942,-0.1323445791533123,2025-11-14 05:00:00
BA,2025-12-12 05:00:00,4,0.009660636,-0.4228782839607335,2025-11-14 05:00:00
BAC,2025-12-12 05:00:00,4,0.0034058876,0.2080518034455365,2025-11-14 05:00:00
BALL,2025-12-12 05:00:00,4,0.0073790783,-0.1182722691064765,2025-11-14 05:00:00
BAX,2025-12-12 05:00:00,4,0.011782371,-0.2505715330857861,2025-11-14 05:00:00
BBY,2025-12-12 05:00:00,4,0.008475413,-0.025344310565635,2025-11-14 05:00:00
BDX,2025-12-12 05:00:00,4,0.0070196916,-0.0264024522372994,2025-11-14 05:00:00
BEN,2025-12-12 05:00:00,4,0.0046845074,-0.4122678299442824,2025-11-14 05:00:00
BG,2025-12-12 05:00:00,4,0.0075843716,0.1257342721751644,2025-11-14 05:00:00
BIIB,2025-12-12 05:00:00,4,0.0074935197,0.2519854381502777,2025-11-14 05:00:00
BK,2025-12-12 05:00:00,4,0.0069016027,0.3182743761084259,2025-11-14 05:00:00
BKNG,2025-12-12 05:00:00,4,0.0055729086,-0.5502780919931333,2025-11-14 05:00:00
BKR,2025-12-12 05:00:00,4,0.0073794452,0.0505533574519701,2025-11-14 05:00:00
BLDR,2025-12-12 05:00:00,4,0.007997723,-0.3664551419138562,2025-11-14 05:00:00
BLK,2025-12-12 05:00:00,4,0.0047154627,-0.328900723710535,2025-11-14 05:00:00
BMY,2025-12-12 05:00:00,4,0.004280539,0.1316782992235913,2025-11-14 05:00:00
BR,2025-12-12 05:00:00,4,0.0043046437,-0.4798560393098453,2025-11-14 05:00:00
BRO,2025-12-12 05:00:00,4,0.0069422084,-0.292316973382802,2025-11-14 05:00:00
BSX,2025-12-12 05:00:00,4,0.0040073125,-0.0218538460795851,2025-11-14 05:00:00
BX,2025-12-12 05:00:00,4,0.008525176,-0.3798553282472933,2025-11-14 05:00:00
BXP,2025-12-12 05:00:00,4,0.00736617,0.1554489987866977,2025-11-14 05:00:00
C,2025-12-12 05:00:00,4,0.007553924,0.0807924648938423,2025-11-14 05:00:00
CAG,2025-12-12 05:00:00,4,0.0030094327,-0.3477067122689182,2025-11-14 05:00:00
CAH,2025-12-12 05:00:00,4,0.011992226,0.6388781686485808,2025-11-14 05:00:00
CARR,2025-12-12 05:00:00,4,0.005699774,-0.6446672481686971,2025-11-14 05:00:00
CAT,2025-12-12 05:00:00,4,0.008128105,0.3825420184720848,2025-11-14 05:00:00
CB,2025-12-12 05:00:00,4,0.002440788,0.2581639730012525,2025-11-14 05:00:00
CBOE,2025-12-12 05:00:00,4,0.0034641598,0.1473881749646373,2025-11-14 05:00:00
CBRE,2025-12-12 05:00:00,4,0.005615399,-0.1066842954346938,2025-11-14 05:00:00
CCI,2025-12-12 05:00:00,4,0.0034972508,-0.1110396530765288,2025-11-14 05:00:00
CCL,2025-12-12 05:00:00,4,0.012308981,-0.4429288888602722,2025-11-14 05:00:00
CDNS,2025-12-12 05:00:00,4,0.01068848,-0.2455505533358213,2025-11-14 05:00:00
CDW,2025-12-12 05:00:00,4,0.009905951,-0.2519197434849595,2025-11-14 05:00:00
CEG,2025-12-12 05:00:00,4,0.013443547,-0.0502668706301392,2025-11-14 05:00:00
CF,2025-12-12 05:00:00,4,0.009127559,-0.1347901057805011,2025-11-14 05:00:00
CFG,2025-12-12 05:00:00,4,0.005847748,0.0086589271684149,2025-11-14 05:00:00
CHD,2025-12-12 05:00:00,4,0.0029123821,-0.273962528000798,2025-11-14 05:00:00
CHRW,2025-12-12 05:00:00,4,0.013669324,0.2627449555244271,2025-11-14 05:00:00
CHTR,2025-12-12 05:00:00,4,0.012741032,-0.5692306996561793,2025-11-14 05:00:00
CI,2025-12-12 05:00:00,4,0.009023783,-0.0613283642799538,2025-11-14 05:00:00
CINF,2025-12-12 05:00:00,4,0.0026560246,0.2108079523601912,2025-11-14 05:00:00
CL,2025-12-12 05:00:00,4,0.0032621063,-0.2535821070728323,2025-11-14 05:00:00
CLX,2025-12-12 05:00:00,4,0.004434948,-0.362682127946061,2025-11-14 05:00:00
CMCSA,2025-12-12 05:00:00,4,0.003852728,-0.3965276838051992,2025-11-14 05:00:00
CME,2025-12-12 05:00:00,4,0.0043234476,0.3009838895619032,2025-11-14 05:00:00
CMG,2025-12-12 05:00:00,4,0.010415814,-0.3461803773242506,2025-11-14 05:00:00
CMI,2025-12-12 05:00:00,4,0.00896228,0.2856934715326187,2025-11-14 05:00:00
CMS,2025-12-12 05:00:00,4,0.0026895562,0.3304312249762132,2025-11-14 05:00:00
CNC,2025-12-12 05:00:00,4,0.021605918,0.3404289636445092,2025-11-14 05:00:00
CNP,2025-12-12 05:00:00,4,0.0058558215,0.2453287833686958,2025-11-14 05:00:00
COF,2025-12-12 05:00:00,4,0.005958162,-0.1067295149528836,2025-11-14 05:00:00
COIN,2025-12-12 05:00:00,4,0.033275917,-0.1453409850355559,2025-11-14 05:00:00
COO,2025-12-12 05:00:00,4,0.0075460547,-0.2057033235516228,2025-11-14 05:00:00
COP,2025-12-12 05:00:00,4,0.00498632,-0.1770022170062969,2025-11-14 05:00:00
COR,2025-12-12 05:00:00,4,0.009058163,0.7007779847223152,2025-11-14 05:00:00
COST,2025-12-12 05:00:00,4,0.0032830476,-0.0708166565536659,2025-11-14 05:00:00
CPAY,2025-12-12 05:00:00,4,0.008899944,-0.3675379047862643,2025-11-14 05:00:00
CPB,2025-12-12 05:00:00,4,0.0023044583,-0.0604122663690814,2025-11-14 05:00:00
CPRT,2025-12-12 05:00:00,4,0.004031882,-0.515665850912754,2025-11-14 05:00:00
CPT,2025-12-12 05:00:00,4,0.0025790855,-0.0817715381080566,2025-11-14 05:00:00
CRL,2025-12-12 05:00:00,4,0.022416279,0.0905834224152061,2025-11-14 05:00:00
CRM,2025-12-12 05:00:00,4,0.007793563,-0.1084354447454155,2025-11-14 05:00:00
CRWD,2025-12-12 05:00:00,4,0.011696446,0.2876269870497362,2025-11-14 05:00:00
CSCO,2025-12-12 05:00:00,4,0.006049372,0.3210467965961932,2025-11-14 05:00:00
CSGP,2025-12-12 05:00:00,4,0.007841412,-0.4497679480655374,2025-11-14 05:00:00
CSX,2025-12-12 05:00:00,4,0.0030736176,-0.0407518394653648,2025-11-14 05:00:00
CTAS,2025-12-12 05:00:00,4,0.004360599,-0.3348980927169945,2025-11-14 05:00:00
CTRA,2025-12-12 05:00:00,4,0.007101136,0.1613848703342393,2025-11-14 05:00:00
CTSH,2025-12-12 05:00:00,4,0.0025031816,0.0305299277240057,2025-11-14 05:00:00
CTVA,2025-12-12 05:00:00,4,0.00522832,-0.2145665320014767,2025-11-14 05:00:00
CVS,2025-12-12 05:00:00,4,0.009162276,0.564779781077684,2025-11-14 05:00:00
CVX,2025-12-12 05:00:00,4,0.0022296454,-0.061613356743659,2025-11-14 05:00:00
CZR,2025-12-12 05:00:00,4,0.015658367,-0.3608632573733664,2025-11-14 05:00:00
D,2025-12-12 05:00:00,4,0.0036987695,0.085973407938768,2025-11-14 05:00:00
DAL,2025-12-12 05:00:00,4,0.008046562,-0.1508006958155285,2025-11-14 05:00:00
DASH,2025-12-12 05:00:00,4,0.010749856,-0.3845125616471455,2025-11-14 05:00:00
DAY,2025-12-12 05:00:00,4,0.0022641018,-0.0261740927056501,2025-11-14 05:00:00
DD,2025-12-12 05:00:00,4,0.0077223806,0.3305761807031999,2025-11-14 05:00:00
DDOG,2025-12-12 05:00:00,4,0.013841028,0.4490288226011202,2025-11-14 05:00:00
DE,2025-12-12 05:00:00,4,0.004546215,-0.2014058248190563,2025-11-14 05:00:00
DECK,2025-12-12 05:00:00,4,0.0068062255,-0.3778074506379167,2025-11-14 05:00:00
DELL,2025-12-12 05:00:00,4,0.011948853,-0.1111450406337145,2025-11-14 05:00:00
DG,2025-12-12 05:00:00,4,0.009582957,-0.1703425992879158,2025-11-14 05:00:00
DGX,2025-12-12 05:00:00,4,0.0035739322,0.2468428438957667,2025-11-14 05:00:00
DHI,2025-12-12 05:00:00,4,0.008311609,-0.1977374189313972,2025-11-14 05:00:00
DHR,2025-12-12 05:00:00,4,0.0072489027,0.1345370271054476,2025-11-14 05:00:00
DIS,2025-12-12 05:00:00,4,0.0052373162,-0.4684799185973609,2025-11-14 05:00:00
DLR,2025-12-12 05:00:00,4,0.007021474,-0.0791018152313136,2025-11-14 05:00:00
DLTR,2025-12-12 05:00:00,4,0.009449179,-0.1902561992924366,2025-11-14 05:00:00
DOC,2025-12-12 05:00:00,4,0.0026690334,0.0308020387249756,2025-11-14 05:00:00
DOV,2025-12-12 05:00:00,4,0.0021409057,-0.1065877264112418,2025-11-14 05:00:00
DOW,2025-12-12 05:00:00,4,0.010373999,-0.0844003957680212,2025-11-14 05:00:00
DPZ,2025-12-12 05:00:00,4,0.0040002246,-0.2691171824942053,2025-11-14 05:00:00
DRI,2025-12-12 05:00:00,4,0.0039617126,-0.3307608449374809,2025-11-14 05:00:00
DTE,2025-12-12 05:00:00,4,0.0031030863,-0.0077180711656002,2025-11-14 05:00:00
DUK,2025-12-12 05:00:00,4,0.002862034,0.0895373362454057,2025-11-14 05:00:00
DVA,2025-12-12 05:00:00,4,0.008036294,-0.1869434146374664,2025-11-14 05:00:00
DVN,2025-12-12 05:00:00,4,0.0074177035,-0.0248765001153767,2025-11-14 05:00:00
DXCM,2025-12-12 05:00:00,4,0.024552451,-0.3203354686233522,2025-11-14 05:00:00
EA,2025-12-12 05:00:00,4,0.0047138766,0.3097168950673699,2025-11-14 05:00:00
EBAY,2025-12-12 05:00:00,4,0.011553588,-0.1899770097783032,2025-11-14 05:00:00
ECL,2025-12-12 05:00:00,4,0.004171609,-0.2387175874467072,2025-11-14 05:00:00
ED,2025-12-12 05:00:00,4,0.0035894269,0.0680140556410931,2025-11-14 05:00:00
EFX,2025-12-12 05:00:00,4,0.0078116516,-0.3980175462691591,2025-11-14 05:00:00
EG,2025-12-12 05:00:00,4,0.007868376,-0.0255669483410184,2025-11-14 05:00:00
EIX,2025-12-12 05:00:00,4,0.004276802,0.230131672160857,2025-11-14 05:00:00
EL,2025-12-12 05:00:00,4,0.008417827,-0.1897070103338585,2025-11-14 05:00:00
ELV,2025-12-12 05:00:00,4,0.0077327527,0.1458310883270961,2025-11-14 05:00:00
EMN,2025-12-12 05:00:00,4,0.008054314,-0.232083859046394,2025-11-14 05:00:00
EMR,2025-12-12 05:00:00,4,0.008986593,-0.1566914376673365,2025-11-14 05:00:00
ENPH,2025-12-12 05:00:00,4,0.033405617,-0.37488931432347,2025-11-14 05:00:00
EOG,2025-12-12 05:00:00,4,0.0037150735,-0.2926783702260247,2025-11-14 05:00:00
EPAM,2025-12-12 05:00:00,4,0.0062143025,0.0519179513330684,2025-11-14 05:00:00
EQIX,2025-12-12 05:00:00,4,0.0027571835,0.0554257610476112,2025-11-14 05:00:00
EQR,2025-12-12 05:00:00,4,0.0030922934,-0.193133400134649,2025-11-14 05:00:00
EQT,2025-12-12 05:00:00,4,0.007840684,0.2145769245403636,2025-11-14 05:00:00
ERIE,2025-12-12 05:00:00,4,0.008660151,-0.5073234799365656,2025-11-14 05:00:00
ES,2025-12-12 05:00:00,4,0.004451049,0.7725290199071412,2025-11-14 05:00:00
ESS,2025-12-12 05:00:00,4,0.0024443627,0.0462579678651171,2025-11-14 05:00:00
ETN,2025-12-12 05:00:00,4,0.008863423,-0.1949409310909997,2025-11-14 05:00:00
ETR,2025-12-12 05:00:00,4,0.0051919143,0.2383438207175731,2025-11-14 05:00:00
EVRG,2025-12-12 05:00:00,4,0.0042444165,0.2488352029218149,2025-11-14 05:00:00
EW,2025-12-12 05:00:00,4,0.010108229,0.1826943337208795,2025-11-14 05:00:00
EXC,2025-12-12 05:00:00,4,0.0035510212,0.1304017072734688,2025-11-14 05:00:00
EXE,2025-12-12 05:00:00,4,0.0073122517,0.3504920420407681,2025-11-14 05:00:00
EXPD,2025-12-12 05:00:00,4,0.008003242,0.2560806674085086,2025-11-14 05:00:00
EXPE,2025-12-12 05:00:00,4,0.016709052,0.3355109785106761,2025-11-14 05:00:00
EXR,2025-12-12 05:00:00,4,0.0064623035,-0.0534937268561879,2025-11-14 05:00:00
F,2025-12-12 05:00:00,4,0.008499053,0.1979646348716374,2025-11-14 05:00:00
FANG,2025-12-12 05:00:00,4,0.00695786,-0.0182310980397827,2025-11-14 05:00:00
FAST,2025-12-12 05:00:00,4,0.0028315936,-0.6616784988757894,2025-11-14 05:00:00
FCX,2025-12-12 05:00:00,4,0.0092348475,-0.1722524309050328,2025-11-14 05:00:00
FDS,2025-12-12 05:00:00,4,0.0063125724,-0.4129573599160263,2025-11-14 05:00:00
FDX,2025-12-12 05:00:00,4,0.0063444446,0.3054235006925887,2025-11-14 05:00:00
FE,2025-12-12 05:00:00,4,0.0033586551,0.3184016545453776,2025-11-14 05:00:00
FFIV,2025-12-12 05:00:00,4,0.012108025,-0.4210861496047587,2025-11-14 05:00:00
FI,2025-12-12 05:00:00,4,0.036419094,-0.3783588562146641,2025-11-14 05:00:00
FICO,2025-12-12 05:00:00,4,0.010819796,0.239911523642566,2025-11-14 05:00:00
FIS,2025-12-12 05:00:00,4,0.0054919613,-0.1854849407133767,2025-11-14 05:00:00
FITB,2025-12-12 05:00:00,4,0.0029486052,-0.1201510931400482,2025-11-14 05:00:00
FOX,2025-12-12 05:00:00,4,0.008869036,0.1353567657428007,2025-11-14 05:00:00
FOXA,2025-12-12 05:00:00,4,0.010411815,0.1431727993424941,2025-11-14 05:00:00
FRT,2025-12-12 05:00:00,4,0.0023586117,0.1138811463975775,2025-11-14 05:00:00
FSLR,2025-12-12 05:00:00,4,0.007897485,0.3968310073708393,2025-11-14 05:00:00
FTNT,2025-12-12 05:00:00,4,0.008439409,0.0814712687880093,2025-11-14 05:00:00
FTV,2025-12-12 05:00:00,4,0.0019558945,0.2060956989999058,2025-11-14 05:00:00
GD,2025-12-12 05:00:00,4,0.003145071,0.2070665481424876,2025-11-14 05:00:00
GDDY,2025-12-12 05:00:00,4,0.004315664,-0.5241256083458329,2025-11-14 05:00:00
GE,2025-12-12 05:00:00,4,0.0069366996,0.3065791408625534,2025-11-14 05:00:00
GEHC,2025-12-12 05:00:00,4,0.0068342355,-0.072896155135626,2025-11-14 05:00:00
GEN,2025-12-12 05:00:00,4,0.004171337,-0.4807229318413151,2025-11-14 05:00:00
GEV,2025-12-12 05:00:00,4,0.029158708,-0.5293813637214615,2025-11-14 05:00:00
GILD,2025-12-12 05:00:00,4,0.007874617,0.2615531451532077,2025-11-14 05:00:00
GIS,2025-12-12 05:00:00,4,0.002323365,-0.1940328038880326,2025-11-14 05:00:00
GL,2025-12-12 05:00:00,4,0.005290814,-0.1567079628016904,2025-11-14 05:00:00
GLW,2025-12-12 05:00:00,4,0.0119427275,0.2693001044520278,2025-11-14 05:00:00
GM,2025-12-12 05:00:00,4,0.008798811,0.3101370578296736,2025-11-14 05:00:00
GNRC,2025-12-12 05:00:00,4,0.013043214,-0.3596329782786797,2025-11-14 05:00:00
GOOG,2025-12-12 05:00:00,4,0.01116141,0.4629312172364457,2025-11-14 05:00:00
GOOGL,2025-12-12 05:00:00,4,0.01116141,0.4493959277807005,2025-11-14 05:00:00
GPC,2025-12-12 05:00:00,4,0.0037357716,-0.2625814506182292,2025-11-14 05:00:00
GPN,2025-12-12 05:00:00,4,0.0082646785,-0.3807713776311432,2025-11-14 05:00:00
GRMN,2025-12-12 05:00:00,4,0.008931249,-0.295379366817168,2025-11-14 05:00:00
GS,2025-12-12 05:00:00,4,0.005407116,0.1375345546835694,2025-11-14 05:00:00
GWW,2025-12-12 05:00:00,4,0.0027441205,-0.4059284217468016,2025-11-14 05:00:00
HAL,2025-12-12 05:00:00,4,0.007837135,0.2295678683845378,2025-11-14 05:00:00
HAS,2025-12-12 05:00:00,4,0.0054054577,-0.1483845940553625,2025-11-14 05:00:00
HBAN,2025-12-12 05:00:00,4,0.0030890817,-0.2029171091251627,2025-11-14 05:00:00
HCA,2025-12-12 05:00:00,4,0.008399572,0.6487785997788916,2025-11-14 05:00:00
HD,2025-12-12 05:00:00,4,0.003840818,-0.2702187364262851,2025-11-14 05:00:00
HIG,2025-12-12 05:00:00,4,0.00335146,0.0721570418118646,2025-11-14 05:00:00
HII,2025-12-12 05:00:00,4,0.009668607,0.3709276468631017,2025-11-14 05:00:00
HLT,2025-12-12 05:00:00,4,0.005213485,-0.0475337091230631,2025-11-14 05:00:00
HOLX,2025-12-12 05:00:00,4,0.0027283113,0.2100383296247481,2025-11-14 05:00:00
HON,2025-12-12 05:00:00,4,0.0030158039,-0.2321157357269662,2025-11-14 05:00:00
HPE,2025-12-12 05:00:00,4,0.008526581,-0.1068154024389414,2025-11-14 05:00:00
HPQ,2025-12-12 05:00:00,4,0.00844011,-0.259088951540625,2025-11-14 05:00:00
HRL,2025-12-12 05:00:00,4,0.0061760987,-0.3797504260768706,2025-11-14 05:00:00
HSIC,2025-12-12 05:00:00,4,0.008259059,0.0812197078260276,2025-11-14 05:00:00
HST,2025-12-12 05:00:00,4,0.007355676,0.0572715161126269,2025-11-14 05:00:00
HSY,2025-12-12 05:00:00,4,0.00770488,0.0416082297084531,2025-11-14 05:00:00
HUBB,2025-12-12 05:00:00,4,0.007799967,-0.1437237513563881,2025-11-14 05:00:00
HUM,2025-12-12 05:00:00,4,0.008148446,-0.2558579981775694,2025-11-14 05:00:00
HWM,2025-12-12 05:00:00,4,0.008426566,0.3262169383583091,2025-11-14 05:00:00
IBM,2025-12-12 05:00:00,4,0.010453955,0.5260824640283686,2025-11-14 05:00:00
ICE,2025-12-12 05:00:00,4,0.003990898,-0.4150288230831129,2025-11-14 05:00:00
IDXX,2025-12-12 05:00:00,4,0.004837264,-0.0616221765702878,2025-11-14 05:00:00
IEX,2025-12-12 05:00:00,4,0.002427784,-0.1100517072250007,2025-11-14 05:00:00
IFF,2025-12-12 05:00:00,4,0.007320087,-0.0044065793319002,2025-11-14 05:00:00
INCY,2025-12-12 05:00:00,4,0.011322868,0.3229155348254637,2025-11-14 05:00:00
INTC,2025-12-12 05:00:00,4,0.028572462,0.3328475303809074,2025-11-14 05:00:00
INTU,2025-12-12 05:00:00,4,0.005876472,-0.0003465549743162,2025-11-14 05:00:00
INVH,2025-12-12 05:00:00,4,0.0032493272,-0.3011764929011723,2025-11-14 05:00:00
IP,2025-12-12 05:00:00,4,0.008446446,-0.2037481501395664,2025-11-14 05:00:00
IPG,2025-12-12 05:00:00,4,0.0051811635,-0.2226874776639472,2025-11-14 05:00:00
IQV,2025-12-12 05:00:00,4,0.007560132,0.2854392576524431,2025-11-14 05:00:00
IR,2025-12-12 05:00:00,4,0.007096009,-0.1654256708501259,2025-11-14 05:00:00
IRM,2025-12-12 05:00:00,4,0.008817659,-0.0378217236042384,2025-11-14 05:00:00
ISRG,2025-12-12 05:00:00,4,0.0067065344,0.21303114300249,2025-11-14 05:00:00
IT,2025-12-12 05:00:00,4,0.0070297746,-0.2377817060759271,2025-11-14 05:00:00
ITW,2025-12-12 05:00:00,4,0.0036447851,-0.4338981084508339,2025-11-14 05:00:00
IVZ,2025-12-12 05:00:00,4,0.008929217,0.2126796902905249,2025-11-14 05:00:00
J,2025-12-12 05:00:00,4,0.0029725025,-0.0083196919079848,2025-11-14 05:00:00
JBHT,2025-12-12 05:00:00,4,0.007300423,0.1423999722481137,2025-11-14 05:00:00
JBL,2025-12-12 05:00:00,4,0.014003435,-0.2036025144855415,2025-11-14 05:00:00
JCI,2025-12-12 05:00:00,4,0.008659264,0.2588815424037398,2025-11-14 05:00:00
JKHY,2025-12-12 05:00:00,4,0.00492562,0.0181815712696215,2025-11-14 05:00:00
JNJ,2025-12-12 05:00:00,4,0.004390689,0.4193401037607335,2025-11-14 05:00:00
JPM,2025-12-12 05:00:00,4,0.0058278427,0.1154283861594093,2025-11-14 05:00:00
K,2025-12-12 05:00:00,4,0.0025294032,0.0962113147696328,2025-11-14 05:00:00
KDP,2025-12-12 05:00:00,4,0.008762922,-0.3772826200672763,2025-11-14 05:00:00
KEY,2025-12-12 05:00:00,4,0.0050686207,-0.1973293373278853,2025-11-14 05:00:00
KEYS,2025-12-12 05:00:00,4,0.007353072,0.0928754629176453,2025-11-14 05:00:00
KHC,2025-12-12 05:00:00,4,0.00365906,-0.3450648667119772,2025-11-14 05:00:00
KIM,2025-12-12 05:00:00,4,0.0033167317,-0.117383221906831,2025-11-14 05:00:00
KKR,2025-12-12 05:00:00,4,0.008343076,-0.366115755103384,2025-11-14 05:00:00
KLAC,2025-12-12 05:00:00,4,0.010282662,0.2894708864550172,2025-11-14 05:00:00
KMB,2025-12-12 05:00:00,4,0.004485986,-0.4598306771654926,2025-11-14 05:00:00
KMI,2025-12-12 05:00:00,4,0.0034470416,0.0114330452117522,2025-11-14 05:00:00
KMX,2025-12-12 05:00:00,4,0.034837116,-0.4075643051696292,2025-11-14 05:00:00
KO,2025-12-12 05:00:00,4,0.0028532462,0.236830031071595,2025-11-14 05:00:00
KR,2025-12-12 05:00:00,4,0.0051151365,-0.0690188389897832,2025-11-14 05:00:00
KVUE,2025-12-12 05:00:00,4,0.008060034,-0.6834515793527219,2025-11-14 05:00:00
L,2025-12-12 05:00:00,4,0.004338166,0.4031829249747476,2025-11-14 05:00:00
LDOS,2025-12-12 05:00:00,4,0.0044660005,0.1663214524083937,2025-11-14 05:00:00
LEN,2025-12-12 05:00:00,4,0.007773225,-0.095739573045231,2025-11-14 05:00:00
LH,2025-12-12 05:00:00,4,0.0067397193,-0.0180561199067459,2025-11-14 05:00:00
LHX,2025-12-12 05:00:00,4,0.0032687634,0.1378826023054475,2025-11-14 05:00:00
LII,2025-12-12 05:00:00,4,0.009192395,-0.4515140047790909,2025-11-14 05:00:00
LIN,2025-12-12 05:00:00,4,0.0043894174,-0.4586664391825331,2025-11-14 05:00:00
LKQ,2025-12-12 05:00:00,4,0.007839342,0.0122261652513339,2025-11-14 05:00:00
LLY,2025-12-12 05:00:00,4,0.009026468,0.5648434902793873,2025-11-14 05:00:00
LMT,2025-12-12 05:00:00,4,0.00281469,0.0521892898050877,2025-11-14 05:00:00
LNT,2025-12-12 05:00:00,4,0.0025622766,0.1599304386814593,2025-11-14 05:00:00
LOW,2025-12-12 05:00:00,4,0.0036161474,-0.2503075121977081,2025-11-14 05:00:00
LRCX,2025-12-12 05:00:00,4,0.015747676,0.2996366786469835,2025-11-14 05:00:00
LULU,2025-12-12 05:00:00,4,0.008144531,-0.3524734294563306,2025-11-14 05:00:00
LUV,2025-12-12 05:00:00,4,0.0068597402,0.0377983877406724,2025-11-14 05:00:00
LVS,2025-12-12 05:00:00,4,0.007050218,0.1575985984778163,2025-11-14 05:00:00
LW,2025-12-12 05:00:00,4,0.00876378,0.0463372196525099,2025-11-14 05:00:00
LYB,2025-12-12 05:00:00,4,0.008912541,-0.4260861868411388,2025-11-14 05:00:00
LYV,2025-12-12 05:00:00,4,0.010111612,-0.4492229605439093,2025-11-14 05:00:00
MA,2025-12-12 05:00:00,4,0.0040643318,-0.2658845123745802,2025-11-14 05:00:00
MAA,2025-12-12 05:00:00,4,0.0032830476,-0.1453865534574752,2025-11-14 05:00:00
MAR,2025-12-12 05:00:00,4,0.008252967,0.0774510922549258,2025-11-14 05:00:00
MAS,2025-12-12 05:00:00,4,0.0050516524,-0.4579614570493049,2025-11-14 05:00:00
MCD,2025-12-12 05:00:00,4,0.0024760063,0.0302164570363139,2025-11-14 05:00:00
MCHP,2025-12-12 05:00:00,4,0.008760077,-0.4989346219610472,2025-11-14 05:00:00
MCK,2025-12-12 05:00:00,4,0.008876281,0.6056830603114581,2025-11-14 05:00:00
MCO,2025-12-12 05:00:00,4,0.0038594918,-0.1744186989175727,2025-11-14 05:00:00
MDLZ,2025-12-12 05:00:00,4,0.004249803,-0.2662996162216998,2025-11-14 05:00:00
MDT,2025-12-12 05:00:00,4,0.0028750973,0.1601373463966287,2025-11-14 05:00:00
MET,2025-12-12 05:00:00,4,0.002551792,-0.0588016373821828,2025-11-14 05:00:00
META,2025-12-12 05:00:00,4,0.009466505,-0.4350098442893224,2025-11-14 05:00:00
MGM,2025-12-12 05:00:00,4,0.008942674,-0.3260956199522475,2025-11-14 05:00:00
MHK,2025-12-12 05:00:00,4,0.0074391067,-0.3157760597827758,2025-11-14 05:00:00
MKC,2025-12-12 05:00:00,4,0.0026907367,-0.1455204045418659,2025-11-14 05:00:00
MKTX,2025-12-12 05:00:00,4,0.008447729,-0.2203997762295191,2025-11-14 05:00:00
MLM,2025-12-12 05:00:00,4,0.0038226792,-0.0596529122449261,2025-11-14 05:00:00
MMC,2025-12-12 05:00:00,4,0.0040048845,-0.2406947693282247,2025-11-14 05:00:00
MMM,2025-12-12 05:00:00,4,0.008744848,0.1696137560353859,2025-11-14 05:00:00
MNST,2025-12-12 05:00:00,4,0.0037196924,0.3904538185126633,2025-11-14 05:00:00
MO,2025-12-12 05:00:00,4,0.005367163,-0.2088282178602388,2025-11-14 05:00:00
MOH,2025-12-12 05:00:00,4,0.009152969,-0.215964557853978,2025-11-14 05:00:00
MOS,2025-12-12 05:00:00,4,0.00818986,-0.3956295227163994,2025-11-14 05:00:00
MPC,2025-12-12 05:00:00,4,0.008497706,0.2776959988321787,2025-11-14 05:00:00
MPWR,2025-12-12 05:00:00,4,0.010109349,-0.0889070085518486,2025-11-14 05:00:00
MRK,2025-12-12 05:00:00,4,0.007257384,0.1385415978151213,2025-11-14 05:00:00
MRNA,2025-12-12 05:00:00,4,0.030344239,-0.0988362003536435,2025-11-14 05:00:00
MS,2025-12-12 05:00:00,4,0.004484059,0.2815157534810669,2025-11-14 05:00:00
MSCI,2025-12-12 05:00:00,4,0.004549807,0.0285631339439423,2025-11-14 05:00:00
MSFT,2025-12-12 05:00:00,4,0.0054175393,-0.1361362103635225,2025-11-14 05:00:00
MSI,2025-12-12 05:00:00,4,0.0042652832,-0.5458429539394045,2025-11-14 05:00:00
MTB,2025-12-12 05:00:00,4,0.0026979323,-0.1690939498384185,2025-11-14 05:00:00
MTCH,2025-12-12 05:00:00,4,0.0071518878,-0.3178177407157782,2025-11-14 05:00:00
MTD,2025-12-12 05:00:00,4,0.007402545,0.182838925742668,2025-11-14 05:00:00
MU,2025-12-12 05:00:00,4,0.027447173,0.4998635709700422,2025-11-14 05:00:00
NCLH,2025-12-12 05:00:00,4,0.012422078,-0.4603376803361902,2025-11-14 05:00:00
NDAQ,2025-12-12 05:00:00,4,0.0047451225,-0.3545360989451424,2025-11-14 05:00:00
NDSN,2025-12-12 05:00:00,4,0.0026583695,0.0829368413632751,2025-11-14 05:00:00
NEE,2025-12-12 05:00:00,4,0.003013881,0.2726131036005989,2025-11-14 05:00:00
NEM,2025-12-12 05:00:00,4,0.010167207,0.2563309969849334,2025-11-14 05:00:00
NFLX,2025-12-12 05:00:00,4,0.012497287,-0.0951186167607337,2025-11-14 05:00:00
NI,2025-12-12 05:00:00,4,0.0048361733,-0.0019684080357832,2025-11-14 05:00:00
NKE,2025-12-12 05:00:00,4,0.009477727,-0.3273159905822137,2025-11-14 05:00:00
NOC,2025-12-12 05:00:00,4,0.004113113,-0.1507623949801634,2025-11-14 05:00:00
NOW,2025-12-12 05:00:00,4,0.0069558006,-0.1373857900884505,2025-11-14 05:00:00
NRG,2025-12-12 05:00:00,4,0.013097631,0.0982669516547847,2025-11-14 05:00:00
NSC,2025-12-12 05:00:00,4,0.0033538048,-0.0097182947662896,2025-11-14 05:00:00
NTAP,2025-12-12 05:00:00,4,0.0052544195,-0.0713182295355012,2025-11-14 05:00:00
NTRS,2025-12-12 05:00:00,4,0.0042186077,-0.0458965730937797,2025-11-14 05:00:00
NUE,2025-12-12 05:00:00,4,0.007334897,-0.0896326463543324,2025-11-14 05:00:00
NVDA,2025-12-12 05:00:00,4,0.011764473,-0.0193531519678482,2025-11-14 05:00:00
NVR,2025-12-12 05:00:00,4,0.004177149,-0.2355158532899903,2025-11-14 05:00:00
NWS,2025-12-12 05:00:00,4,0.0037819378,-0.4951193370941251,2025-11-14 05:00:00
NWSA,2025-12-12 05:00:00,4,0.0034439855,-0.3503331241348766,2025-11-14 05:00:00
NXPI,2025-12-12 05:00:00,4,0.008569262,-0.3896057728316269,2025-11-14 05:00:00
O,2025-12-12 05:00:00,4,0.003500236,-0.0154657919795752,2025-11-14 05:00:00
ODFL,2025-12-12 05:00:00,4,0.008425823,-0.4806410759480471,2025-11-14 05:00:00
OKE,2025-12-12 05:00:00,4,0.002469914,-0.2381549946750747,2025-11-14 05:00:00
OMC,2025-12-12 05:00:00,4,0.0051811635,-0.2605451652977043,2025-11-14 05:00:00
ON,2025-12-12 05:00:00,4,0.009408377,-0.279314083366469,2025-11-14 05:00:00
ORCL,2025-12-12 05:00:00,4,0.011583708,-0.1777601593924905,2025-11-14 05:00:00
ORLY,2025-12-12 05:00:00,4,0.0039309687,-0.0466685721262066,2025-11-14 05:00:00
OTIS,2025-12-12 05:00:00,4,0.002538729,0.1472021635747849,2025-11-14 05:00:00
OXY,2025-12-12 05:00:00,4,0.007672677,-0.2449071102851754,2025-11-14 05:00:00
PANW,2025-12-12 05:00:00,4,0.0067494637,0.138691273939415,2025-11-14 05:00:00
PAYC,2025-12-12 05:00:00,4,0.009003019,-0.5897954616436862,2025-11-14 05:00:00
PAYX,2025-12-12 05:00:00,4,0.002604771,-0.8433394500420848,2025-11-14 05:00:00
PCAR,2025-12-12 05:00:00,4,0.003944227,-0.1454940284941621,2025-11-14 05:00:00
PCG,2025-12-12 05:00:00,4,0.00376823,0.3071293693777673,2025-11-14 05:00:00
PEG,2025-12-12 05:00:00,4,0.0037603942,-0.03319100569119,2025-11-14 05:00:00
PEP,2025-12-12 05:00:00,4,0.00295975,-0.1072564912774263,2025-11-14 05:00:00
PFE,2025-12-12 05:00:00,4,0.007843078,0.0120826209887657,2025-11-14 05:00:00
PFG,2025-12-12 05:00:00,4,0.0024523602,0.2195942014450325,2025-11-14 05:00:00
PG,2025-12-12 05:00:00,4,0.0022296454,-0.2297361175785174,2025-11-14 05:00:00
PGR,2025-12-12 05:00:00,4,0.0036036286,-0.1664195405219127,2025-11-14 05:00:00
PH,2025-12-12 05:00:00,4,0.007083468,0.2128471983431189,2025-11-14 05:00:00
PHM,2025-12-12 05:00:00,4,0.0081044845,-0.1273362519470366,2025-11-14 05:00:00
PKG,2025-12-12 05:00:00,4,0.002985599,-0.1705502523572388,2025-11-14 05:00:00
PLD,2025-12-12 05:00:00,4,0.0031608571,0.3026338977094037,2025-11-14 05:00:00
PLTR,2025-12-12 05:00:00,4,0.071664385,0.0143584838668232,2025-11-14 05:00:00
PM,2025-12-12 05:00:00,4,0.009526795,-0.0577670478062756,2025-11-14 05:00:00
PNC,2025-12-12 05:00:00,4,0.0030380466,-0.234562189052826,2025-11-14 05:00:00
PNR,2025-12-12 05:00:00,4,0.0035980085,-0.1230925144445169,2025-11-14 05:00:00
PNW,2025-12-12 05:00:00,4,0.0037133952,-0.0988023330314709,2025-11-14 05:00:00
PODD,2025-12-12 05:00:00,4,0.0095547205,0.0021313901196357,2025-11-14 05:00:00
POOL,2025-12-12 05:00:00,4,0.00916062,-0.4551105850795304,2025-11-14 05:00:00
PPG,2025-12-12 05:00:00,4,0.0032227272,-0.3572464157303715,2025-11-14 05:00:00
PPL,2025-12-12 05:00:00,4,0.0032090237,0.0768017227329476,2025-11-14 05:00:00
PRU,2025-12-12 05:00:00,4,0.002323394,-0.0430399566957693,2025-11-14 05:00:00
PSA,2025-12-12 05:00:00,4,0.0028585203,-0.1061725517815398,2025-11-14 05:00:00
PSKY,2025-12-12 05:00:00,4,0.033718884,-0.0242715064838149,2025-11-14 05:00:00
PSX,2025-12-12 05:00:00,4,0.0064123003,0.1675693956913121,2025-11-14 05:00:00
PTC,2025-12-12 05:00:00,4,0.008025291,-0.5479287685532923,2025-11-14 05:00:00
PWR,2025-12-12 05:00:00,4,0.011281759,0.1881163498659432,2025-11-14 05:00:00
PYPL,2025-12-12 05:00:00,4,0.008912813,-0.3895644356156197,2025-11-14 05:00:00
QCOM,2025-12-12 05:00:00,4,0.0072484463,0.1557255593677362,2025-11-14 05:00:00
RCL,2025-12-12 05:00:00,4,0.010287196,-0.5474473627146651,2025-11-14 05:00:00
REG,2025-12-12 05:00:00,4,0.0029832898,-0.089716974142401,2025-11-14 05:00:00
REGN,2025-12-12 05:00:00,4,0.0073220017,0.2924237619229223,2025-11-14 05:00:00
RF,2025-12-12 05:00:00,4,0.0025155735,-0.186665917595667,2025-11-14 05:00:00
RJF,2025-12-12 05:00:00,4,0.0034855683,-0.1291485760317289,2025-11-14 05:00:00
RL,2025-12-12 05:00:00,4,0.010394899,0.2374700440489315,2025-11-14 05:00:00
RMD,2025-12-12 05:00:00,4,0.004639628,-0.3980251980739909,2025-11-14 05:00:00
ROK,2025-12-12 05:00:00,4,0.0046430184,0.1282235844026308,2025-11-14 05:00:00
ROL,2025-12-12 05:00:00,4,0.003944053,0.091035431416765,2025-11-14 05:00:00
ROP,2025-12-12 05:00:00,4,0.002435411,-0.593600629502716,2025-11-14 05:00:00
ROST,2025-12-12 05:00:00,4,0.0028730868,0.2212377170132601,2025-11-14 05:00:00
RSG,2025-12-12 05:00:00,4,0.004089874,-0.3557591893825897,2025-11-14 05:00:00
RTX,2025-12-12 05:00:00,4,0.0041361577,0.1507576969196493,2025-11-14 05:00:00
RVTY,2025-12-12 05:00:00,4,0.0067544556,0.1071861139128036,2025-11-14 05:00:00
SBAC,2025-12-12 05:00:00,4,0.0030377791,-0.1159791815547699,2025-11-14 05:00:00
SBUX,2025-12-12 05:00:00,4,0.0076501486,-0.0353662704675515,2025-11-14 05:00:00
SCHW,2025-12-12 05:00:00,4,0.0050420924,-0.068231628354514,2025-11-14 05:00:00
SHW,2025-12-12 05:00:00,4,0.002032962,-0.2253053033259297,2025-11-14 05:00:00
SJM,2025-12-12 05:00:00,4,0.0031315263,-0.0132106669521094,2025-11-14 05:00:00
SLB,2025-12-12 05:00:00,4,0.0072637037,0.0236028586200287,2025-11-14 05:00:00
SMCI,2025-12-12 05:00:00,4,0.036886726,-0.2699915432802698,2025-11-14 05:00:00
SNA,2025-12-12 05:00:00,4,0.0027441205,-0.0336484833036942,2025-11-14 05:00:00
SNPS,2025-12-12 05:00:00,4,0.013094273,-0.3165250155052924,2025-11-14 05:00:00
SO,2025-12-12 05:00:00,4,0.0034909097,-0.0506504548956792,2025-11-14 05:00:00
SOLV,2025-12-12 05:00:00,4,0.005456903,0.109175184015891,2025-11-14 05:00:00
SPG,2025-12-12 05:00:00,4,0.0035376814,0.2439519223968022,2025-11-14 05:00:00
SPGI,2025-12-12 05:00:00,4,0.0040939734,-0.3079003323864418,2025-11-14 05:00:00
SRE,2025-12-12 05:00:00,4,0.0034327595,0.3719394712029749,2025-11-14 05:00:00
STE,2025-12-12 05:00:00,4,0.006202219,0.1352145022640478,2025-11-14 05:00:00
STLD,2025-12-12 05:00:00,4,0.006633988,0.2648517009440938,2025-11-14 05:00:00
STT,2025-12-12 05:00:00,4,0.003964839,0.0656289304408895,2025-11-14 05:00:00
STX,2025-12-12 05:00:00,4,0.035647746,0.2844230068092072,2025-11-14 05:00:00
STZ,2025-12-12 05:00:00,4,0.0031006264,-0.3756394347060203,2025-11-14 05:00:00
SW,2025-12-12 05:00:00,4,0.008951355,-0.4479679083388598,2025-11-14 05:00:00
SWK,2025-12-12 05:00:00,4,0.0071831723,-0.1831785210542995,2025-11-14 05:00:00
SWKS,2025-12-12 05:00:00,4,0.008584761,-0.1947649922794729,2025-11-14 05:00:00
SYF,2025-12-12 05:00:00,4,0.006214545,-0.0155850969239456,2025-11-14 05:00:00
SYK,2025-12-12 05:00:00,4,0.0039103017,-0.0953099769646202,2025-11-14 05:00:00
SYY,2025-12-12 05:00:00,4,0.0039659305,-0.0878297966181425,2025-11-14 05:00:00
T,2025-12-12 05:00:00,4,0.0065549673,-0.0511641990657661,2025-11-14 05:00:00
TAP,2025-12-12 05:00:00,4,0.0050545074,-0.1259353217417081,2025-11-14 05:00:00
TDG,2025-12-12 05:00:00,4,0.0042819525,0.0728281995079319,2025-11-14 05:00:00
TDY,2025-12-12 05:00:00,4,0.0043440443,-0.2771255606848478,2025-11-14 05:00:00
TECH,2025-12-12 05:00:00,4,0.023945559,0.0953831317902273,2025-11-14 05:00:00
TEL,2025-12-12 05:00:00,4,0.0070993095,0.2520149538877185,2025-11-14 05:00:00
TER,2025-12-12 05:00:00,4,0.032579318,0.218579148437444,2025-11-14 05:00:00
TFC,2025-12-12 05:00:00,4,0.0028658898,-0.089284380177261,2025-11-14 05:00:00
TGT,2025-12-12 05:00:00,4,0.0029457698,-0.3155146648036052,2025-11-14 05:00:00
TJX,2025-12-12 05:00:00,4,0.0036182078,0.37014078725966,2025-11-14 05:00:00
TKO,2025-12-12 05:00:00,4,0.008847707,-0.1472360589731404,2025-11-14 05:00:00
TMO,2025-12-12 05:00:00,4,0.008035969,0.3047386204386211,2025-11-14 05:00:00
TMUS,2025-12-12 05:00:00,4,0.00457195,-0.3076058090110243,2025-11-14 05:00:00
TPL,2025-12-12 05:00:00,4,0.008259454,0.0840354503261888,2025-11-14 05:00:00
TPR,2025-12-12 05:00:00,4,0.013249216,-0.081424930615087,2025-11-14 05:00:00
TRGP,2025-12-12 05:00:00,4,0.007963628,0.0476693972169219,2025-11-14 05:00:00
TRMB,2025-12-12 05:00:00,4,0.009043465,-0.3028190022273406,2025-11-14 05:00:00
TROW,2025-12-12 05:00:00,4,0.0039562625,-0.3997184868032844,2025-11-14 05:00:00
TRV,2025-12-12 05:00:00,4,0.0026653504,0.1948600478530765,2025-11-14 05:00:00
TSCO,2025-12-12 05:00:00,4,0.004312365,-0.2975442435893934,2025-11-14 05:00:00
TSLA,2025-12-12 05:00:00,4,0.012550833,0.0183609634593807,2025-11-14 05:00:00
TSN,2025-12-12 05:00:00,4,0.0036677513,-0.278839958341452,2025-11-14 05:00:00
TT,2025-12-12 05:00:00,4,0.0044028717,-0.1481695661860211,2025-11-14 05:00:00
TTD,2025-12-12 05:00:00,4,0.024604611,-0.2659841664246098,2025-11-14 05:00:00
TTWO,2025-12-12 05:00:00,4,0.009731606,0.0543173501575497,2025-11-14 05:00:00
TXN,2025-12-12 05:00:00,4,0.0068203793,-0.5344850316352148,2025-11-14 05:00:00
TXT,2025-12-12 05:00:00,4,0.002599345,-0.0362227590709738,2025-11-14 05:00:00
TYL,2025-12-12 05:00:00,4,0.0041478267,-0.448156480716709,2025-11-14 05:00:00
UAL,2025-12-12 05:00:00,4,0.009203672,-0.2275219342060622,2025-11-14 05:00:00
UBER,2025-12-12 05:00:00,4,0.008117676,-0.2689814507140214,2025-11-14 05:00:00
UDR,2025-12-12 05:00:00,4,0.0037145372,-0.2197727519015671,2025-11-14 05:00:00
UHS,2025-12-12 05:00:00,4,0.007530842,0.586060804719378,2025-11-14 05:00:00
ULTA,2025-12-12 05:00:00,4,0.00668765,-0.0789917099467675,2025-11-14 05:00:00
UNH,2025-12-12 05:00:00,4,0.0076138717,0.1790425421062548,2025-11-14 05:00:00
UNP,2025-12-12 05:00:00,4,0.0021259487,-0.0791219718236808,2025-11-14 05:00:00
UPS,2025-12-12 05:00:00,4,0.0065001403,0.1735990720633422,2025-11-14 05:00:00
URI,2025-12-12 05:00:00,4,0.0065565826,-0.2729784823522471,2025-11-14 05:00:00
USB,2025-12-12 05:00:00,4,0.003071899,-0.0284904098846011,2025-11-14 05:00:00
V,2025-12-12 05:00:00,4,0.0041510253,-0.1491029084522153,2025-11-14 05:00:00
VICI,2025-12-12 05:00:00,4,0.004080315,-0.2039338250416062,2025-11-14 05:00:00
VLO,2025-12-12 05:00:00,4,0.00730977,0.3113940573460977,2025-11-14 05:00:00
VLTO,2025-12-12 05:00:00,4,0.0039562625,-0.2586425459625081,2025-11-14 05:00:00
VMC,2025-12-12 05:00:00,4,0.0036073343,-0.1613397785165648,2025-11-14 05:00:00
VRSK,2025-12-12 05:00:00,4,0.0077176495,-0.4481190424531412,2025-11-14 05:00:00
VRSN,2025-12-12 05:00:00,4,0.008678933,-0.1491532406332827,2025-11-14 05:00:00
VRTX,2025-12-12 05:00:00,4,0.005270905,0.2626191707064524,2025-11-14 05:00:00
VST,2025-12-12 05:00:00,4,0.013732481,-0.2270261535914212,2025-11-14 05:00:00
VTR,2025-12-12 05:00:00,4,0.0032349087,0.5163467891156717,2025-11-14 05:00:00
VTRS,2025-12-12 05:00:00,4,0.008494433,0.0860921284328839,2025-11-14 05:00:00
VZ,2025-12-12 05:00:00,4,0.002981346,-0.0120917448933237,2025-11-14 05:00:00
WAB,2025-12-12 05:00:00,4,0.002093578,0.0717851701549608,2025-11-14 05:00:00
WAT,2025-12-12 05:00:00,4,0.007745972,0.467505608864028,2025-11-14 05:00:00
WBD,2025-12-12 05:00:00,4,0.040665083,0.3562363887404836,2025-11-14 05:00:00
WDAY,2025-12-12 05:00:00,4,0.008561093,0.0405918401228051,2025-11-14 05:00:00
WDC,2025-12-12 05:00:00,4,0.043304227,0.4647101247892838,2025-11-14 05:00:00
WEC,2025-12-12 05:00:00,4,0.0040321513,0.1731549823807368,2025-11-14 05:00:00
WELL,2025-12-12 05:00:00,4,0.0060211443,0.4213772094095154,2025-11-14 05:00:00
WFC,2025-12-12 05:00:00,4,0.0056233415,0.1716622109040257,2025-11-14 05:00:00
WM,2025-12-12 05:00:00,4,0.004519988,-0.296841451682889,2025-11-14 05:00:00
WMB,2025-12-12 05:00:00,4,0.0032967296,0.1130085477591605,2025-11-14 05:00:00
WMT,2025-12-12 05:00:00,4,0.0055611418,0.1903460687979761,2025-11-14 05:00:00
WRB,2025-12-12 05:00:00,4,0.004001916,0.2328095977823878,2025-11-14 05:00:00
WSM,2025-12-12 05:00:00,4,0.009161381,-0.0725546911768883,2025-11-14 05:00:00
WST,2025-12-12 05:00:00,4,0.0072562275,0.1478297241738142,2025-11-14 05:00:00
WTW,2025-12-12 05:00:00,4,0.003112256,-0.083599447262644,2025-11-14 05:00:00
WY,2025-12-12 05:00:00,4,0.0038737783,-0.4601315120944901,2025-11-14 05:00:00
WYNN,2025-12-12 05:00:00,4,0.009951639,0.0361218116504352,2025-11-14 05:00:00
XEL,2025-12-12 05:00:00,4,0.0040321513,0.2098491334419441,2025-11-14 05:00:00
XOM,2025-12-12 05:00:00,4,0.0021526024,0.2250882233165156,2025-11-14 05:00:00
XYL,2025-12-12 05:00:00,4,0.0033586551,0.0743732610908428,2025-11-14 05:00:00
XYZ,2025-12-12 05:00:00,4,0.009260844,-0.3891831928824389,2025-11-14 05:00:00
YUM,2025-12-12 05:00:00,4,0.0061108912,0.0806616014949818,2025-11-14 05:00:00
ZBH,2025-12-12 05:00:00,4,0.008895425,-0.2483938151962178,2025-11-14 05:00:00
ZBRA,2025-12-12 05:00:00,4,0.014035207,-0.4676343570622775,2025-11-14 05:00:00
ZTS,2025-12-12 05:00:00,4,0.009548921,-0.3964080479013425,2025-11-14 05:00:00
A,2026-01-09 05:00:00,8,0.033109087,0.3628956466639322,2025-11-14 05:00:00
AAPL,2026-01-09 05:00:00,8,0.026563318,0.4549544681829668,2025-11-14 05:00:00
ABBV,2026-01-09 05:00:00,8,0.028006397,0.3636564291672795,2025-11-14 05:00:00
ABNB,2026-01-09 05:00:00,8,0.029420672,-0.1871703414977284,2025-11-14 05:00:00
ABT,2026-01-09 05:00:00,8,0.02704122,0.0622993571978608,2025-11-14 05:00:00
ACGL,2026-01-09 05:00:00,8,0.028025338,-0.0072738044438882,2025-11-14 05:00:00
ACN,2026-01-09 05:00:00,8,0.029420672,-0.2730130312929993,2025-11-14 05:00:00
ADBE,2026-01-09 05:00:00,8,0.03363271,-0.2079771045583132,2025-11-14 05:00:00
ADI,2026-01-09 05:00:00,8,0.03977074,-0.1729136001718302,2025-11-14 05:00:00
ADM,2026-01-09 05:00:00,8,0.035846435,-0.2164974113357676,2025-11-14 05:00:00
ADP,2026-01-09 05:00:00,8,0.04376412,-0.6472246059235082,2025-11-14 05:00:00
ADSK,2026-01-09 05:00:00,8,0.030515347,0.0240397287157634,2025-11-14 05:00:00
AEE,2026-01-09 05:00:00,8,0.026563318,0.2012698180023851,2025-11-14 05:00:00
AEP,2026-01-09 05:00:00,8,0.02684169,0.256129185068669,2025-11-14 05:00:00
AES,2026-01-09 05:00:00,8,0.03586868,-0.0363198833760121,2025-11-14 05:00:00
AFL,2026-01-09 05:00:00,8,0.026563318,0.2722812469168186,2025-11-14 05:00:00
AIG,2026-01-09 05:00:00,8,0.02598209,-0.1540331323231766,2025-11-14 05:00:00
AIZ,2026-01-09 05:00:00,8,0.026563318,0.2107562213303451,2025-11-14 05:00:00
AJG,2026-01-09 05:00:00,8,0.045287173,-0.2671103743941286,2025-11-14 05:00:00
AKAM,2026-01-09 05:00:00,8,0.037330702,0.214785828655724,2025-11-14 05:00:00
ALB,2026-01-09 05:00:00,8,0.08199325,0.3821862995998362,2025-11-14 05:00:00
ALGN,2026-01-09 05:00:00,8,0.03983888,-0.2680875678660505,2025-11-14 05:00:00
ALL,2026-01-09 05:00:00,8,0.02598209,0.140976871685381,2025-11-14 05:00:00
ALLE,2026-01-09 05:00:00,8,0.03506624,-0.1025859427697816,2025-11-14 05:00:00
AMAT,2026-01-09 05:00:00,8,0.03586868,0.2989926227438172,2025-11-14 05:00:00
AMCR,2026-01-09 05:00:00,8,0.03451844,-0.069323743200022,2025-11-14 05:00:00
AMD,2026-01-09 05:00:00,8,0.06233784,0.0013822107618483,2025-11-14 05:00:00
AME,2026-01-09 05:00:00,8,0.02598209,0.0195745750020996,2025-11-14 05:00:00
AMGN,2026-01-09 05:00:00,8,0.030097004,0.3103767835315777,2025-11-14 05:00:00
AMP,2026-01-09 05:00:00,8,0.03997574,-0.3937649478166642,2025-11-14 05:00:00
AMT,2026-01-09 05:00:00,8,0.030053178,-0.2872091904834708,2025-11-14 05:00:00
AMZN,2026-01-09 05:00:00,8,0.035619456,-0.0755616801669138,2025-11-14 05:00:00
ANET,2026-01-09 05:00:00,8,0.10466974,-0.174474216273772,2025-11-14 05:00:00
AON,2026-01-09 05:00:00,8,0.028025338,-0.1196479286651135,2025-11-14 05:00:00
AOS,2026-01-09 05:00:00,8,0.030515347,-0.24625404111497,2025-11-14 05:00:00
APA,2026-01-09 05:00:00,8,0.044108097,0.1469325217249281,2025-11-14 05:00:00
APD,2026-01-09 05:00:00,8,0.041261926,-0.2559286320833062,2025-11-14 05:00:00
APH,2026-01-09 05:00:00,8,0.031194776,0.3766096054104905,2025-11-14 05:00:00
APO,2026-01-09 05:00:00,8,0.049038548,-0.1544836101373262,2025-11-14 05:00:00
APTV,2026-01-09 05:00:00,8,0.038083218,0.0480363605934072,2025-11-14 05:00:00
ARE,2026-01-09 05:00:00,8,0.07367036,-0.3499933268095815,2025-11-14 05:00:00
ATO,2026-01-09 05:00:00,8,0.02684169,0.3113784699235786,2025-11-14 05:00:00
AVB,2026-01-09 05:00:00,8,0.029420672,-0.1438169856536322,2025-11-14 05:00:00
AVGO,2026-01-09 05:00:00,8,0.04682222,0.0494625530516285,2025-11-14 05:00:00
AVY,2026-01-09 05:00:00,8,0.032521755,0.0216889025882564,2025-11-14 05:00:00
AWK,2026-01-09 05:00:00,8,0.027467337,-0.1011782324248007,2025-11-14 05:00:00
AXON,2026-01-09 05:00:00,8,0.07201701,-0.4106084865413034,2025-11-14 05:00:00
AXP,2026-01-09 05:00:00,8,0.02684169,0.2750684478754654,2025-11-14 05:00:00
AZO,2026-01-09 05:00:00,8,0.036283918,-0.1323445791533123,2025-11-14 05:00:00
BA,2026-01-09 05:00:00,8,0.04659367,-0.4228782839607335,2025-11-14 05:00:00
BAC,2026-01-09 05:00:00,8,0.026563318,0.2080518034455365,2025-11-14 05:00:00
BALL,2026-01-09 05:00:00,8,0.03572072,-0.1182722691064765,2025-11-14 05:00:00
BAX,2026-01-09 05:00:00,8,0.07027868,-0.2505715330857861,2025-11-14 05:00:00
BBY,2026-01-09 05:00:00,8,0.03801224,-0.025344310565635,2025-11-14 05:00:00
BDX,2026-01-09 05:00:00,8,0.033117782,-0.0264024522372994,2025-11-14 05:00:00
BEN,2026-01-09 05:00:00,8,0.03987315,-0.4122678299442824,2025-11-14 05:00:00
BG,2026-01-09 05:00:00,8,0.03562132,0.1257342721751644,2025-11-14 05:00:00
BIIB,2026-01-09 05:00:00,8,0.037083343,0.2519854381502777,2025-11-14 05:00:00
BK,2026-01-09 05:00:00,8,0.029290529,0.3182743761084259,2025-11-14 05:00:00
BKNG,2026-01-09 05:00:00,8,0.037863687,-0.5502780919931333,2025-11-14 05:00:00
BKR,2026-01-09 05:00:00,8,0.033109087,0.0505533574519701,2025-11-14 05:00:00
BLDR,2026-01-09 05:00:00,8,0.053347185,-0.3664551419138562,2025-11-14 05:00:00
BLK,2026-01-09 05:00:00,8,0.034787867,-0.328900723710535,2025-11-14 05:00:00
BMY,2026-01-09 05:00:00,8,0.031931657,0.1316782992235913,2025-11-14 05:00:00
BR,2026-01-09 05:00:00,8,0.03929192,-0.4798560393098453,2025-11-14 05:00:00
BRO,2026-01-09 05:00:00,8,0.04539577,-0.292316973382802,2025-11-14 05:00:00
BSX,2026-01-09 05:00:00,8,0.02598209,-0.0218538460795851,2025-11-14 05:00:00
BX,2026-01-09 05:00:00,8,0.050914876,-0.3798553282472933,2025-11-14 05:00:00
BXP,2026-01-09 05:00:00,8,0.034902,0.1554489987866977,2025-11-14 05:00:00
C,2026-01-09 05:00:00,8,0.035983585,0.0807924648938423,2025-11-14 05:00:00
CAG,2026-01-09 05:00:00,8,0.03175122,-0.3477067122689182,2025-11-14 05:00:00
CAH,2026-01-09 05:00:00,8,0.037340146,0.6388781686485808,2025-11-14 05:00:00
CARR,2026-01-09 05:00:00,8,0.047046352,-0.6446672481686971,2025-11-14 05:00:00
CAT,2026-01-09 05:00:00,8,0.036848824,0.3825420184720848,2025-11-14 05:00:00
CB,2026-01-09 05:00:00,8,0.02598209,0.2581639730012525,2025-11-14 05:00:00
CBOE,2026-01-09 05:00:00,8,0.02684169,0.1473881749646373,2025-11-14 05:00:00
CBRE,2026-01-09 05:00:00,8,0.034787867,-0.1066842954346938,2025-11-14 05:00:00
CCI,2026-01-09 05:00:00,8,0.026707351,-0.1110396530765288,2025-11-14 05:00:00
CCL,2026-01-09 05:00:00,8,0.047405783,-0.4429288888602722,2025-11-14 05:00:00
CDNS,2026-01-09 05:00:00,8,0.048139006,-0.2455505533358213,2025-11-14 05:00:00
CDW,2026-01-09 05:00:00,8,0.050239097,-0.2519197434849595,2025-11-14 05:00:00
CEG,2026-01-09 05:00:00,8,0.049846817,-0.0502668706301392,2025-11-14 05:00:00
CF,2026-01-09 05:00:00,8,0.040502235,-0.1347901057805011,2025-11-14 05:00:00
CFG,2026-01-09 05:00:00,8,0.031718597,0.0086589271684149,2025-11-14 05:00:00
CHD,2026-01-09 05:00:00,8,0.029420672,-0.273962528000798,2025-11-14 05:00:00
CHRW,2026-01-09 05:00:00,8,0.03846785,0.2627449555244271,2025-11-14 05:00:00
CHTR,2026-01-09 05:00:00,8,0.05453661,-0.5692306996561793,2025-11-14 05:00:00
CI,2026-01-09 05:00:00,8,0.049616147,-0.0613283642799538,2025-11-14 05:00:00
CINF,2026-01-09 05:00:00,8,0.026563318,0.2108079523601912,2025-11-14 05:00:00
CL,2026-01-09 05:00:00,8,0.029420672,-0.2535821070728323,2025-11-14 05:00:00
CLX,2026-01-09 05:00:00,8,0.038029596,-0.362682127946061,2025-11-14 05:00:00
CMCSA,2026-01-09 05:00:00,8,0.040418234,-0.3965276838051992,2025-11-14 05:00:00
CME,2026-01-09 05:00:00,8,0.027543463,0.3009838895619032,2025-11-14 05:00:00
CMG,2026-01-09 05:00:00,8,0.057925597,-0.3461803773242506,2025-11-14 05:00:00
CMI,2026-01-09 05:00:00,8,0.03313712,0.2856934715326187,2025-11-14 05:00:00
CMS,2026-01-09 05:00:00,8,0.02684169,0.3304312249762132,2025-11-14 05:00:00
CNC,2026-01-09 05:00:00,8,0.07074166,0.3404289636445092,2025-11-14 05:00:00
CNP,2026-01-09 05:00:00,8,0.027759036,0.2453287833686958,2025-11-14 05:00:00
COF,2026-01-09 05:00:00,8,0.034787867,-0.1067295149528836,2025-11-14 05:00:00
COIN,2026-01-09 05:00:00,8,0.0968343,-0.1453409850355559,2025-11-14 05:00:00
COO,2026-01-09 05:00:00,8,0.036389366,-0.2057033235516228,2025-11-14 05:00:00
COP,2026-01-09 05:00:00,8,0.031684298,-0.1770022170062969,2025-11-14 05:00:00
COR,2026-01-09 05:00:00,8,0.027759036,0.7007779847223152,2025-11-14 05:00:00
COST,2026-01-09 05:00:00,8,0.02598209,-0.0708166565536659,2025-11-14 05:00:00
CPAY,2026-01-09 05:00:00,8,0.052439727,-0.3675379047862643,2025-11-14 05:00:00
CPB,2026-01-09 05:00:00,8,0.029420672,-0.0604122663690814,2025-11-14 05:00:00
CPRT,2026-01-09 05:00:00,8,0.034819797,-0.515665850912754,2025-11-14 05:00:00
CPT,2026-01-09 05:00:00,8,0.028025338,-0.0817715381080566,2025-11-14 05:00:00
CRL,2026-01-09 05:00:00,8,0.07669539,0.0905834224152061,2025-11-14 05:00:00
CRM,2026-01-09 05:00:00,8,0.03801224,-0.1084354447454155,2025-11-14 05:00:00
CRWD,2026-01-09 05:00:00,8,0.037587505,0.2876269870497362,2025-11-14 05:00:00
CSCO,2026-01-09 05:00:00,8,0.02977607,0.3210467965961932,2025-11-14 05:00:00
CSGP,2026-01-09 05:00:00,8,0.05244823,-0.4497679480655374,2025-11-14 05:00:00
CSX,2026-01-09 05:00:00,8,0.028025338,-0.0407518394653648,2025-11-14 05:00:00
CTAS,2026-01-09 05:00:00,8,0.042549964,-0.3348980927169945,2025-11-14 05:00:00
CTRA,2026-01-09 05:00:00,8,0.032277517,0.1613848703342393,2025-11-14 05:00:00
CTSH,2026-01-09 05:00:00,8,0.028025338,0.0305299277240057,2025-11-14 05:00:00
CTVA,2026-01-09 05:00:00,8,0.04165747,-0.2145665320014767,2025-11-14 05:00:00
CVS,2026-01-09 05:00:00,8,0.030424308,0.564779781077684,2025-11-14 05:00:00
CVX,2026-01-09 05:00:00,8,0.027181737,-0.061613356743659,2025-11-14 05:00:00
CZR,2026-01-09 05:00:00,8,0.07630221,-0.3608632573733664,2025-11-14 05:00:00
D,2026-01-09 05:00:00,8,0.026563318,0.085973407938768,2025-11-14 05:00:00
DAL,2026-01-09 05:00:00,8,0.037152812,-0.1508006958155285,2025-11-14 05:00:00
DASH,2026-01-09 05:00:00,8,0.0511388,-0.3845125616471455,2025-11-14 05:00:00
DAY,2026-01-09 05:00:00,8,0.029420672,-0.0261740927056501,2025-11-14 05:00:00
DD,2026-01-09 05:00:00,8,0.037487704,0.3305761807031999,2025-11-14 05:00:00
DDOG,2026-01-09 05:00:00,8,0.060788535,0.4490288226011202,2025-11-14 05:00:00
DE,2026-01-09 05:00:00,8,0.028731259,-0.2014058248190563,2025-11-14 05:00:00
DECK,2026-01-09 05:00:00,8,0.056472704,-0.3778074506379167,2025-11-14 05:00:00
DELL,2026-01-09 05:00:00,8,0.05256948,-0.1111450406337145,2025-11-14 05:00:00
DG,2026-01-09 05:00:00,8,0.037755173,-0.1703425992879158,2025-11-14 05:00:00
DGX,2026-01-09 05:00:00,8,0.02681068,0.2468428438957667,2025-11-14 05:00:00
DHI,2026-01-09 05:00:00,8,0.050597,-0.1977374189313972,2025-11-14 05:00:00
DHR,2026-01-09 05:00:00,8,0.037083343,0.1345370271054476,2025-11-14 05:00:00
DIS,2026-01-09 05:00:00,8,0.0353136,-0.4684799185973609,2025-11-14 05:00:00
DLR,2026-01-09 05:00:00,8,0.037804604,-0.0791018152313136,2025-11-14 05:00:00
DLTR,2026-01-09 05:00:00,8,0.04185388,-0.1902561992924366,2025-11-14 05:00:00
DOC,2026-01-09 05:00:00,8,0.028025338,0.0308020387249756,2025-11-14 05:00:00
DOV,2026-01-09 05:00:00,8,0.029420672,-0.1065877264112418,2025-11-14 05:00:00
DOW,2026-01-09 05:00:00,8,0.0576696,-0.0844003957680212,2025-11-14 05:00:00
DPZ,2026-01-09 05:00:00,8,0.03294784,-0.2691171824942053,2025-11-14 05:00:00
DRI,2026-01-09 05:00:00,8,0.04029615,-0.3307608449374809,2025-11-14 05:00:00
DTE,2026-01-09 05:00:00,8,0.02684169,-0.0077180711656002,2025-11-14 05:00:00
DUK,2026-01-09 05:00:00,8,0.026563318,0.0895373362454057,2025-11-14 05:00:00
DVA,2026-01-09 05:00:00,8,0.03571609,-0.1869434146374664,2025-11-14 05:00:00
DVN,2026-01-09 05:00:00,8,0.0382596,-0.0248765001153767,2025-11-14 05:00:00
DXCM,2026-01-09 05:00:00,8,0.08382828,-0.3203354686233522,2025-11-14 05:00:00
EA,2026-01-09 05:00:00,8,0.02684169,0.3097168950673699,2025-11-14 05:00:00
EBAY,2026-01-09 05:00:00,8,0.04957182,-0.1899770097783032,2025-11-14 05:00:00
ECL,2026-01-09 05:00:00,8,0.034787867,-0.2387175874467072,2025-11-14 05:00:00
ED,2026-01-09 05:00:00,8,0.02598209,0.0680140556410931,2025-11-14 05:00:00
EFX,2026-01-09 05:00:00,8,0.051800642,-0.3980175462691591,2025-11-14 05:00:00
EG,2026-01-09 05:00:00,8,0.033534326,-0.0255669483410184,2025-11-14 05:00:00
EIX,2026-01-09 05:00:00,8,0.032085963,0.230131672160857,2025-11-14 05:00:00
EL,2026-01-09 05:00:00,8,0.042820133,-0.1897070103338585,2025-11-14 05:00:00
ELV,2026-01-09 05:00:00,8,0.0382596,0.1458310883270961,2025-11-14 05:00:00
EMN,2026-01-09 05:00:00,8,0.039125096,-0.232083859046394,2025-11-14 05:00:00
EMR,2026-01-09 05:00:00,8,0.03995236,-0.1566914376673365,2025-11-14 05:00:00
ENPH,2026-01-09 05:00:00,8,0.08219589,-0.37488931432347,2025-11-14 05:00:00
EOG,2026-01-09 05:00:00,8,0.033660695,-0.2926783702260247,2025-11-14 05:00:00
EPAM,2026-01-09 05:00:00,8,0.038478665,0.0519179513330684,2025-11-14 05:00:00
EQIX,2026-01-09 05:00:00,8,0.0282727,0.0554257610476112,2025-11-14 05:00:00
EQR,2026-01-09 05:00:00,8,0.029898573,-0.193133400134649,2025-11-14 05:00:00
EQT,2026-01-09 05:00:00,8,0.03614705,0.2145769245403636,2025-11-14 05:00:00
ERIE,2026-01-09 05:00:00,8,0.04868143,-0.5073234799365656,2025-11-14 05:00:00
ES,2026-01-09 05:00:00,8,0.027543463,0.7725290199071412,2025-11-14 05:00:00
ESS,2026-01-09 05:00:00,8,0.027181737,0.0462579678651171,2025-11-14 05:00:00
ETN,2026-01-09 05:00:00,8,0.038220737,-0.1949409310909997,2025-11-14 05:00:00
ETR,2026-01-09 05:00:00,8,0.02684169,0.2383438207175731,2025-11-14 05:00:00
EVRG,2026-01-09 05:00:00,8,0.02684169,0.2488352029218149,2025-11-14 05:00:00
EW,2026-01-09 05:00:00,8,0.034054466,0.1826943337208795,2025-11-14 05:00:00
EXC,2026-01-09 05:00:00,8,0.02684169,0.1304017072734688,2025-11-14 05:00:00
EXE,2026-01-09 05:00:00,8,0.033506732,0.3504920420407681,2025-11-14 05:00:00
EXPD,2026-01-09 05:00:00,8,0.035040088,0.2560806674085086,2025-11-14 05:00:00
EXPE,2026-01-09 05:00:00,8,0.045773845,0.3355109785106761,2025-11-14 05:00:00
EXR,2026-01-09 05:00:00,8,0.032999657,-0.0534937268561879,2025-11-14 05:00:00
F,2026-01-09 05:00:00,8,0.036601465,0.1979646348716374,2025-11-14 05:00:00
FANG,2026-01-09 05:00:00,8,0.03571609,-0.0182310980397827,2025-11-14 05:00:00
FAST,2026-01-09 05:00:00,8,0.041157242,-0.6616784988757894,2025-11-14 05:00:00
FCX,2026-01-09 05:00:00,8,0.053310387,-0.1722524309050328,2025-11-14 05:00:00
FDS,2026-01-09 05:00:00,8,0.051125437,-0.4129573599160263,2025-11-14 05:00:00
FDX,2026-01-09 05:00:00,8,0.032140274,0.3054235006925887,2025-11-14 05:00:00
FE,2026-01-09 05:00:00,8,0.026563318,0.3184016545453776,2025-11-14 05:00:00
FFIV,2026-01-09 05:00:00,8,0.047992513,-0.4210861496047587,2025-11-14 05:00:00
FI,2026-01-09 05:00:00,8,0.103376575,-0.3783588562146641,2025-11-14 05:00:00
FICO,2026-01-09 05:00:00,8,0.0576696,0.239911523642566,2025-11-14 05:00:00
FIS,2026-01-09 05:00:00,8,0.034996342,-0.1854849407133767,2025-11-14 05:00:00
FITB,2026-01-09 05:00:00,8,0.031533398,-0.1201510931400482,2025-11-14 05:00:00
FOX,2026-01-09 05:00:00,8,0.03613504,0.1353567657428007,2025-11-14 05:00:00
FOXA,2026-01-09 05:00:00,8,0.03503632,0.1431727993424941,2025-11-14 05:00:00
FRT,2026-01-09 05:00:00,8,0.027181737,0.1138811463975775,2025-11-14 05:00:00
FSLR,2026-01-09 05:00:00,8,0.0448565,0.3968310073708393,2025-11-14 05:00:00
FTNT,2026-01-09 05:00:00,8,0.03922703,0.0814712687880093,2025-11-14 05:00:00
FTV,2026-01-09 05:00:00,8,0.028025338,0.2060956989999058,2025-11-14 05:00:00
GD,2026-01-09 05:00:00,8,0.026563318,0.2070665481424876,2025-11-14 05:00:00
GDDY,2026-01-09 05:00:00,8,0.03423834,-0.5241256083458329,2025-11-14 05:00:00
GE,2026-01-09 05:00:00,8,0.036506694,0.3065791408625534,2025-11-14 05:00:00
GEHC,2026-01-09 05:00:00,8,0.036697946,-0.072896155135626,2025-11-14 05:00:00
GEN,2026-01-09 05:00:00,8,0.042977855,-0.4807229318413151,2025-11-14 05:00:00
GEV,2026-01-09 05:00:00,8,0.05834759,-0.5293813637214615,2025-11-14 05:00:00
GILD,2026-01-09 05:00:00,8,0.028006397,0.2615531451532077,2025-11-14 05:00:00
GIS,2026-01-09 05:00:00,8,0.029420672,-0.1940328038880326,2025-11-14 05:00:00
GL,2026-01-09 05:00:00,8,0.029331679,-0.1567079628016904,2025-11-14 05:00:00
GLW,2026-01-09 05:00:00,8,0.034824934,0.2693001044520278,2025-11-14 05:00:00
GM,2026-01-09 05:00:00,8,0.036601465,0.3101370578296736,2025-11-14 05:00:00
GNRC,2026-01-09 05:00:00,8,0.070636585,-0.3596329782786797,2025-11-14 05:00:00
GOOG,2026-01-09 05:00:00,8,0.03528368,0.4629312172364457,2025-11-14 05:00:00
GOOGL,2026-01-09 05:00:00,8,0.03528368,0.4493959277807005,2025-11-14 05:00:00
GPC,2026-01-09 05:00:00,8,0.028472077,-0.2625814506182292,2025-11-14 05:00:00
GPN,2026-01-09 05:00:00,8,0.044836264,-0.3807713776311432,2025-11-14 05:00:00
GRMN,2026-01-09 05:00:00,8,0.04722142,-0.295379366817168,2025-11-14 05:00:00
GS,2026-01-09 05:00:00,8,0.03505461,0.1375345546835694,2025-11-14 05:00:00
GWW,2026-01-09 05:00:00,8,0.029420672,-0.4059284217468016,2025-11-14 05:00:00
HAL,2026-01-09 05:00:00,8,0.046347026,0.2295678683845378,2025-11-14 05:00:00
HAS,2026-01-09 05:00:00,8,0.03445618,-0.1483845940553625,2025-11-14 05:00:00
HBAN,2026-01-09 05:00:00,8,0.03624989,-0.2029171091251627,2025-11-14 05:00:00
HCA,2026-01-09 05:00:00,8,0.03067167,0.6487785997788916,2025-11-14 05:00:00
HD,2026-01-09 05:00:00,8,0.032260444,-0.2702187364262851,2025-11-14 05:00:00
HIG,2026-01-09 05:00:00,8,0.026563318,0.0721570418118646,2025-11-14 05:00:00
HII,2026-01-09 05:00:00,8,0.031971063,0.3709276468631017,2025-11-14 05:00:00
HLT,2026-01-09 05:00:00,8,0.026563318,-0.0475337091230631,2025-11-14 05:00:00
HOLX,2026-01-09 05:00:00,8,0.029420672,0.2100383296247481,2025-11-14 05:00:00
HON,2026-01-09 05:00:00,8,0.029420672,-0.2321157357269662,2025-11-14 05:00:00
HPE,2026-01-09 05:00:00,8,0.046818368,-0.1068154024389414,2025-11-14 05:00:00
HPQ,2026-01-09 05:00:00,8,0.037076306,-0.259088951540625,2025-11-14 05:00:00
HRL,2026-01-09 05:00:00,8,0.040474378,-0.3797504260768706,2025-11-14 05:00:00
HSIC,2026-01-09 05:00:00,8,0.032527857,0.0812197078260276,2025-11-14 05:00:00
HST,2026-01-09 05:00:00,8,0.035287447,0.0572715161126269,2025-11-14 05:00:00
HSY,2026-01-09 05:00:00,8,0.031397004,0.0416082297084531,2025-11-14 05:00:00
HUBB,2026-01-09 05:00:00,8,0.03358401,-0.1437237513563881,2025-11-14 05:00:00
HUM,2026-01-09 05:00:00,8,0.04602817,-0.2558579981775694,2025-11-14 05:00:00
HWM,2026-01-09 05:00:00,8,0.036754053,0.3262169383583091,2025-11-14 05:00:00
IBM,2026-01-09 05:00:00,8,0.03503632,0.5260824640283686,2025-11-14 05:00:00
ICE,2026-01-09 05:00:00,8,0.04029615,-0.4150288230831129,2025-11-14 05:00:00
IDXX,2026-01-09 05:00:00,8,0.029053306,-0.0616221765702878,2025-11-14 05:00:00
IEX,2026-01-09 05:00:00,8,0.029420672,-0.1100517072250007,2025-11-14 05:00:00
IFF,2026-01-09 05:00:00,8,0.03621379,-0.0044065793319002,2025-11-14 05:00:00
INCY,2026-01-09 05:00:00,8,0.04192995,0.3229155348254637,2025-11-14 05:00:00
INTC,2026-01-09 05:00:00,8,0.080206625,0.3328475303809074,2025-11-14 05:00:00
INTU,2026-01-09 05:00:00,8,0.036639106,-0.0003465549743162,2025-11-14 05:00:00
INVH,2026-01-09 05:00:00,8,0.029420672,-0.3011764929011723,2025-11-14 05:00:00
IP,2026-01-09 05:00:00,8,0.053099826,-0.2037481501395664,2025-11-14 05:00:00
IPG,2026-01-09 05:00:00,8,0.031684298,-0.2226874776639472,2025-11-14 05:00:00
IQV,2026-01-09 05:00:00,8,0.03562132,0.2854392576524431,2025-11-14 05:00:00
IR,2026-01-09 05:00:00,8,0.037247587,-0.1654256708501259,2025-11-14 05:00:00
IRM,2026-01-09 05:00:00,8,0.035951413,-0.0378217236042384,2025-11-14 05:00:00
ISRG,2026-01-09 05:00:00,8,0.035040088,0.21303114300249,2025-11-14 05:00:00
IT,2026-01-09 05:00:00,8,0.040806312,-0.2377817060759271,2025-11-14 05:00:00
ITW,2026-01-09 05:00:00,8,0.031910684,-0.4338981084508339,2025-11-14 05:00:00
IVZ,2026-01-09 05:00:00,8,0.034118976,0.2126796902905249,2025-11-14 05:00:00
J,2026-01-09 05:00:00,8,0.026563318,-0.0083196919079848,2025-11-14 05:00:00
JBHT,2026-01-09 05:00:00,8,0.038478665,0.1423999722481137,2025-11-14 05:00:00
JBL,2026-01-09 05:00:00,8,0.045846753,-0.2036025144855415,2025-11-14 05:00:00
JCI,2026-01-09 05:00:00,8,0.027759036,0.2588815424037398,2025-11-14 05:00:00
JKHY,2026-01-09 05:00:00,8,0.030288974,0.0181815712696215,2025-11-14 05:00:00
JNJ,2026-01-09 05:00:00,8,0.027790824,0.4193401037607335,2025-11-14 05:00:00
JPM,2026-01-09 05:00:00,8,0.029331679,0.1154283861594093,2025-11-14 05:00:00
K,2026-01-09 05:00:00,8,0.02598209,0.0962113147696328,2025-11-14 05:00:00
KDP,2026-01-09 05:00:00,8,0.048694205,-0.3772826200672763,2025-11-14 05:00:00
KEY,2026-01-09 05:00:00,8,0.036719795,-0.1973293373278853,2025-11-14 05:00:00
KEYS,2026-01-09 05:00:00,8,0.032319646,0.0928754629176453,2025-11-14 05:00:00
KHC,2026-01-09 05:00:00,8,0.029420672,-0.3450648667119772,2025-11-14 05:00:00
KIM,2026-01-09 05:00:00,8,0.03095217,-0.117383221906831,2025-11-14 05:00:00
KKR,2026-01-09 05:00:00,8,0.051981807,-0.366115755103384,2025-11-14 05:00:00
KLAC,2026-01-09 05:00:00,8,0.037064396,0.2894708864550172,2025-11-14 05:00:00
KMB,2026-01-09 05:00:00,8,0.030638361,-0.4598306771654926,2025-11-14 05:00:00
KMI,2026-01-09 05:00:00,8,0.028472077,0.0114330452117522,2025-11-14 05:00:00
KMX,2026-01-09 05:00:00,8,0.08506284,-0.4075643051696292,2025-11-14 05:00:00
KO,2026-01-09 05:00:00,8,0.026260462,0.236830031071595,2025-11-14 05:00:00
KR,2026-01-09 05:00:00,8,0.028731259,-0.0690188389897832,2025-11-14 05:00:00
KVUE,2026-01-09 05:00:00,8,0.056119762,-0.6834515793527219,2025-11-14 05:00:00
L,2026-01-09 05:00:00,8,0.02684169,0.4031829249747476,2025-11-14 05:00:00
LDOS,2026-01-09 05:00:00,8,0.028606568,0.1663214524083937,2025-11-14 05:00:00
LEN,2026-01-09 05:00:00,8,0.03859347,-0.095739573045231,2025-11-14 05:00:00
LH,2026-01-09 05:00:00,8,0.031680368,-0.0180561199067459,2025-11-14 05:00:00
LHX,2026-01-09 05:00:00,8,0.026563318,0.1378826023054475,2025-11-14 05:00:00
LII,2026-01-09 05:00:00,8,0.05244823,-0.4515140047790909,2025-11-14 05:00:00
LIN,2026-01-09 05:00:00,8,0.041335173,-0.4586664391825331,2025-11-14 05:00:00
LKQ,2026-01-09 05:00:00,8,0.03801224,0.0122261652513339,2025-11-14 05:00:00
LLY,2026-01-09 05:00:00,8,0.037064396,0.5648434902793873,2025-11-14 05:00:00
LMT,2026-01-09 05:00:00,8,0.029420672,0.0521892898050877,2025-11-14 05:00:00
LNT,2026-01-09 05:00:00,8,0.026563318,0.1599304386814593,2025-11-14 05:00:00
LOW,2026-01-09 05:00:00,8,0.032491915,-0.2503075121977081,2025-11-14 05:00:00
LRCX,2026-01-09 05:00:00,8,0.042700417,0.2996366786469835,2025-11-14 05:00:00
LULU,2026-01-09 05:00:00,8,0.044778742,-0.3524734294563306,2025-11-14 05:00:00
LUV,2026-01-09 05:00:00,8,0.035040088,0.0377983877406724,2025-11-14 05:00:00
LVS,2026-01-09 05:00:00,8,0.03562132,0.1575985984778163,2025-11-14 05:00:00
LW,2026-01-09 05:00:00,8,0.039307255,0.0463372196525099,2025-11-14 05:00:00
LYB,2026-01-09 05:00:00,8,0.04380842,-0.4260861868411388,2025-11-14 05:00:00
LYV,2026-01-09 05:00:00,8,0.042559832,-0.4492229605439093,2025-11-14 05:00:00
MA,2026-01-09 05:00:00,8,0.028472077,-0.2658845123745802,2025-11-14 05:00:00
MAA,2026-01-09 05:00:00,8,0.029420672,-0.1453865534574752,2025-11-14 05:00:00
MAR,2026-01-09 05:00:00,8,0.033259373,0.0774510922549258,2025-11-14 05:00:00
MAS,2026-01-09 05:00:00,8,0.041512817,-0.4579614570493049,2025-11-14 05:00:00
MCD,2026-01-09 05:00:00,8,0.02598209,0.0302164570363139,2025-11-14 05:00:00
MCHP,2026-01-09 05:00:00,8,0.0542876,-0.4989346219610472,2025-11-14 05:00:00
MCK,2026-01-09 05:00:00,8,0.030022655,0.6056830603114581,2025-11-14 05:00:00
MCO,2026-01-09 05:00:00,8,0.028472077,-0.1744186989175727,2025-11-14 05:00:00
MDLZ,2026-01-09 05:00:00,8,0.030515347,-0.2662996162216998,2025-11-14 05:00:00
MDT,2026-01-09 05:00:00,8,0.02681068,0.1601373463966287,2025-11-14 05:00:00
MET,2026-01-09 05:00:00,8,0.02622945,-0.0588016373821828,2025-11-14 05:00:00
META,2026-01-09 05:00:00,8,0.047876365,-0.4350098442893224,2025-11-14 05:00:00
MGM,2026-01-09 05:00:00,8,0.052192368,-0.3260956199522475,2025-11-14 05:00:00
MHK,2026-01-09 05:00:00,8,0.050597,-0.3157760597827758,2025-11-14 05:00:00
MKC,2026-01-09 05:00:00,8,0.028025338,-0.1455204045418659,2025-11-14 05:00:00
MKTX,2026-01-09 05:00:00,8,0.044312317,-0.2203997762295191,2025-11-14 05:00:00
MLM,2026-01-09 05:00:00,8,0.031096576,-0.0596529122449261,2025-11-14 05:00:00
MMC,2026-01-09 05:00:00,8,0.035883114,-0.2406947693282247,2025-11-14 05:00:00
MMM,2026-01-09 05:00:00,8,0.033838894,0.1696137560353859,2025-11-14 05:00:00
MNST,2026-01-09 05:00:00,8,0.027543463,0.3904538185126633,2025-11-14 05:00:00
MO,2026-01-09 05:00:00,8,0.034855686,-0.2088282178602388,2025-11-14 05:00:00
MOH,2026-01-09 05:00:00,8,0.04722006,-0.215964557853978,2025-11-14 05:00:00
MOS,2026-01-09 05:00:00,8,0.052086536,-0.3956295227163994,2025-11-14 05:00:00
MPC,2026-01-09 05:00:00,8,0.033840604,0.2776959988321787,2025-11-14 05:00:00
MPWR,2026-01-09 05:00:00,8,0.049140025,-0.0889070085518486,2025-11-14 05:00:00
MRK,2026-01-09 05:00:00,8,0.035549983,0.1385415978151213,2025-11-14 05:00:00
MRNA,2026-01-09 05:00:00,8,0.07998074,-0.0988362003536435,2025-11-14 05:00:00
MS,2026-01-09 05:00:00,8,0.02684169,0.2815157534810669,2025-11-14 05:00:00
MSCI,2026-01-09 05:00:00,8,0.028245708,0.0285631339439423,2025-11-14 05:00:00
MSFT,2026-01-09 05:00:00,8,0.035768013,-0.1361362103635225,2025-11-14 05:00:00
MSI,2026-01-09 05:00:00,8,0.04355356,-0.5458429539394045,2025-11-14 05:00:00
MTB,2026-01-09 05:00:00,8,0.03202675,-0.1690939498384185,2025-11-14 05:00:00
MTCH,2026-01-09 05:00:00,8,0.042974215,-0.3178177407157782,2025-11-14 05:00:00
MTD,2026-01-09 05:00:00,8,0.032858748,0.182838925742668,2025-11-14 05:00:00
MU,2026-01-09 05:00:00,8,0.088731185,0.4998635709700422,2025-11-14 05:00:00
NCLH,2026-01-09 05:00:00,8,0.05740096,-0.4603376803361902,2025-11-14 05:00:00
NDAQ,2026-01-09 05:00:00,8,0.036005545,-0.3545360989451424,2025-11-14 05:00:00
NDSN,2026-01-09 05:00:00,8,0.029420672,0.0829368413632751,2025-11-14 05:00:00
NEE,2026-01-09 05:00:00,8,0.026563318,0.2726131036005989,2025-11-14 05:00:00
NEM,2026-01-09 05:00:00,8,0.04546756,0.2563309969849334,2025-11-14 05:00:00
NFLX,2026-01-09 05:00:00,8,0.047241285,-0.0951186167607337,2025-11-14 05:00:00
NI,2026-01-09 05:00:00,8,0.02684169,-0.0019684080357832,2025-11-14 05:00:00
NKE,2026-01-09 05:00:00,8,0.051704135,-0.3273159905822137,2025-11-14 05:00:00
NOC,2026-01-09 05:00:00,8,0.028094811,-0.1507623949801634,2025-11-14 05:00:00
NOW,2026-01-09 05:00:00,8,0.04074628,-0.1373857900884505,2025-11-14 05:00:00
NRG,2026-01-09 05:00:00,8,0.044733897,0.0982669516547847,2025-11-14 05:00:00
NSC,2026-01-09 05:00:00,8,0.026563318,-0.0097182947662896,2025-11-14 05:00:00
NTAP,2026-01-09 05:00:00,8,0.036746792,-0.0713182295355012,2025-11-14 05:00:00
NTRS,2026-01-09 05:00:00,8,0.030217161,-0.0458965730937797,2025-11-14 05:00:00
NUE,2026-01-09 05:00:00,8,0.03801224,-0.0896326463543324,2025-11-14 05:00:00
NVDA,2026-01-09 05:00:00,8,0.045257006,-0.0193531519678482,2025-11-14 05:00:00
NVR,2026-01-09 05:00:00,8,0.042730495,-0.2355158532899903,2025-11-14 05:00:00
NWS,2026-01-09 05:00:00,8,0.041495796,-0.4951193370941251,2025-11-14 05:00:00
NWSA,2026-01-09 05:00:00,8,0.043945286,-0.3503331241348766,2025-11-14 05:00:00
NXPI,2026-01-09 05:00:00,8,0.049844343,-0.3896057728316269,2025-11-14 05:00:00
O,2026-01-09 05:00:00,8,0.02704122,-0.0154657919795752,2025-11-14 05:00:00
ODFL,2026-01-09 05:00:00,8,0.03805816,-0.4806410759480471,2025-11-14 05:00:00
OKE,2026-01-09 05:00:00,8,0.031853143,-0.2381549946750747,2025-11-14 05:00:00
OMC,2026-01-09 05:00:00,8,0.031684298,-0.2605451652977043,2025-11-14 05:00:00
ON,2026-01-09 05:00:00,8,0.055465586,-0.279314083366469,2025-11-14 05:00:00
ORCL,2026-01-09 05:00:00,8,0.07204415,-0.1777601593924905,2025-11-14 05:00:00
ORLY,2026-01-09 05:00:00,8,0.03445618,-0.0466685721262066,2025-11-14 05:00:00
OTIS,2026-01-09 05:00:00,8,0.028025338,0.1472021635747849,2025-11-14 05:00:00
OXY,2026-01-09 05:00:00,8,0.039828464,-0.2449071102851754,2025-11-14 05:00:00
PANW,2026-01-09 05:00:00,8,0.029475952,0.138691273939415,2025-11-14 05:00:00
PAYC,2026-01-09 05:00:00,8,0.05348186,-0.5897954616436862,2025-11-14 05:00:00
PAYX,2026-01-09 05:00:00,8,0.044978913,-0.8433394500420848,2025-11-14 05:00:00
PCAR,2026-01-09 05:00:00,8,0.029420672,-0.1454940284941621,2025-11-14 05:00:00
PCG,2026-01-09 05:00:00,8,0.029420672,0.3071293693777673,2025-11-14 05:00:00
PEG,2026-01-09 05:00:00,8,0.02598209,-0.03319100569119,2025-11-14 05:00:00
PEP,2026-01-09 05:00:00,8,0.028025338,-0.1072564912774263,2025-11-14 05:00:00
PFE,2026-01-09 05:00:00,8,0.033506732,0.0120826209887657,2025-11-14 05:00:00
PFG,2026-01-09 05:00:00,8,0.02598209,0.2195942014450325,2025-11-14 05:00:00
PG,2026-01-09 05:00:00,8,0.028025338,-0.2297361175785174,2025-11-14 05:00:00
PGR,2026-01-09 05:00:00,8,0.036697324,-0.1664195405219127,2025-11-14 05:00:00
PH,2026-01-09 05:00:00,8,0.030430872,0.2128471983431189,2025-11-14 05:00:00
PHM,2026-01-09 05:00:00,8,0.046473525,-0.1273362519470366,2025-11-14 05:00:00
PKG,2026-01-09 05:00:00,8,0.031910684,-0.1705502523572388,2025-11-14 05:00:00
PLD,2026-01-09 05:00:00,8,0.026563318,0.3026338977094037,2025-11-14 05:00:00
PLTR,2026-01-09 05:00:00,8,0.20306274,0.0143584838668232,2025-11-14 05:00:00
PM,2026-01-09 05:00:00,8,0.045699198,-0.0577670478062756,2025-11-14 05:00:00
PNC,2026-01-09 05:00:00,8,0.037645213,-0.234562189052826,2025-11-14 05:00:00
PNR,2026-01-09 05:00:00,8,0.034787867,-0.1230925144445169,2025-11-14 05:00:00
PNW,2026-01-09 05:00:00,8,0.02598209,-0.0988023330314709,2025-11-14 05:00:00
PODD,2026-01-09 05:00:00,8,0.034565866,0.0021313901196357,2025-11-14 05:00:00
POOL,2026-01-09 05:00:00,8,0.0546031,-0.4551105850795304,2025-11-14 05:00:00
PPG,2026-01-09 05:00:00,8,0.03699597,-0.3572464157303715,2025-11-14 05:00:00
PPL,2026-01-09 05:00:00,8,0.026563318,0.0768017227329476,2025-11-14 05:00:00
PRU,2026-01-09 05:00:00,8,0.029420672,-0.0430399566957693,2025-11-14 05:00:00
PSA,2026-01-09 05:00:00,8,0.029420672,-0.1061725517815398,2025-11-14 05:00:00
PSKY,2026-01-09 05:00:00,8,0.09290286,-0.0242715064838149,2025-11-14 05:00:00
PSX,2026-01-09 05:00:00,8,0.030430872,0.1675693956913121,2025-11-14 05:00:00
PTC,2026-01-09 05:00:00,8,0.045389347,-0.5479287685532923,2025-11-14 05:00:00
PWR,2026-01-09 05:00:00,8,0.035110008,0.1881163498659432,2025-11-14 05:00:00
PYPL,2026-01-09 05:00:00,8,0.041076772,-0.3895644356156197,2025-11-14 05:00:00
QCOM,2026-01-09 05:00:00,8,0.037083343,0.1557255593677362,2025-11-14 05:00:00
RCL,2026-01-09 05:00:00,8,0.052271344,-0.5474473627146651,2025-11-14 05:00:00
REG,2026-01-09 05:00:00,8,0.02598209,-0.089716974142401,2025-11-14 05:00:00
REGN,2026-01-09 05:00:00,8,0.042750496,0.2924237619229223,2025-11-14 05:00:00
RF,2026-01-09 05:00:00,8,0.035987515,-0.186665917595667,2025-11-14 05:00:00
RJF,2026-01-09 05:00:00,8,0.034787867,-0.1291485760317289,2025-11-14 05:00:00
RL,2026-01-09 05:00:00,8,0.03411661,0.2374700440489315,2025-11-14 05:00:00
RMD,2026-01-09 05:00:00,8,0.03987315,-0.3980251980739909,2025-11-14 05:00:00
ROK,2026-01-09 05:00:00,8,0.02684169,0.1282235844026308,2025-11-14 05:00:00
ROL,2026-01-09 05:00:00,8,0.02684169,0.091035431416765,2025-11-14 05:00:00
ROP,2026-01-09 05:00:00,8,0.045059018,-0.593600629502716,2025-11-14 05:00:00
ROST,2026-01-09 05:00:00,8,0.026563318,0.2212377170132601,2025-11-14 05:00:00
RSG,2026-01-09 05:00:00,8,0.035424314,-0.3557591893825897,2025-11-14 05:00:00
RTX,2026-01-09 05:00:00,8,0.027543463,0.1507576969196493,2025-11-14 05:00:00
RVTY,2026-01-09 05:00:00,8,0.038478665,0.1071861139128036,2025-11-14 05:00:00
SBAC,2026-01-09 05:00:00,8,0.02598209,-0.1159791815547699,2025-11-14 05:00:00
SBUX,2026-01-09 05:00:00,8,0.03830102,-0.0353662704675515,2025-11-14 05:00:00
SCHW,2026-01-09 05:00:00,8,0.029331679,-0.068231628354514,2025-11-14 05:00:00
SHW,2026-01-09 05:00:00,8,0.029420672,-0.2253053033259297,2025-11-14 05:00:00
SJM,2026-01-09 05:00:00,8,0.02598209,-0.0132106669521094,2025-11-14 05:00:00
SLB,2026-01-09 05:00:00,8,0.038478665,0.0236028586200287,2025-11-14 05:00:00
SMCI,2026-01-09 05:00:00,8,0.095037125,-0.2699915432802698,2025-11-14 05:00:00
SNA,2026-01-09 05:00:00,8,0.029420672,-0.0336484833036942,2025-11-14 05:00:00
SNPS,2026-01-09 05:00:00,8,0.07324444,-0.3165250155052924,2025-11-14 05:00:00
SO,2026-01-09 05:00:00,8,0.026563318,-0.0506504548956792,2025-11-14 05:00:00
SOLV,2026-01-09 05:00:00,8,0.02622945,0.109175184015891,2025-11-14 05:00:00
SPG,2026-01-09 05:00:00,8,0.026563318,0.2439519223968022,2025-11-14 05:00:00
SPGI,2026-01-09 05:00:00,8,0.03593604,-0.3079003323864418,2025-11-14 05:00:00
SRE,2026-01-09 05:00:00,8,0.026563318,0.3719394712029749,2025-11-14 05:00:00
STE,2026-01-09 05:00:00,8,0.029942757,0.1352145022640478,2025-11-14 05:00:00
STLD,2026-01-09 05:00:00,8,0.03571609,0.2648517009440938,2025-11-14 05:00:00
STT,2026-01-09 05:00:00,8,0.02684169,0.0656289304408895,2025-11-14 05:00:00
STX,2026-01-09 05:00:00,8,0.0973881,0.2844230068092072,2025-11-14 05:00:00
STZ,2026-01-09 05:00:00,8,0.034505975,-0.3756394347060203,2025-11-14 05:00:00
SW,2026-01-09 05:00:00,8,0.051444,-0.4479679083388598,2025-11-14 05:00:00
SWK,2026-01-09 05:00:00,8,0.040069424,-0.1831785210542995,2025-11-14 05:00:00
SWKS,2026-01-09 05:00:00,8,0.04610599,-0.1947649922794729,2025-11-14 05:00:00
SYF,2026-01-09 05:00:00,8,0.03445618,-0.0155850969239456,2025-11-14 05:00:00
SYK,2026-01-09 05:00:00,8,0.029804198,-0.0953099769646202,2025-11-14 05:00:00
SYY,2026-01-09 05:00:00,8,0.029053306,-0.0878297966181425,2025-11-14 05:00:00
T,2026-01-09 05:00:00,8,0.035768013,-0.0511641990657661,2025-11-14 05:00:00
TAP,2026-01-09 05:00:00,8,0.03290199,-0.1259353217417081,2025-11-14 05:00:00
TDG,2026-01-09 05:00:00,8,0.02598209,0.0728281995079319,2025-11-14 05:00:00
TDY,2026-01-09 05:00:00,8,0.034787867,-0.2771255606848478,2025-11-14 05:00:00
TECH,2026-01-09 05:00:00,8,0.07289515,0.0953831317902273,2025-11-14 05:00:00
TEL,2026-01-09 05:00:00,8,0.028529504,0.2520149538877185,2025-11-14 05:00:00
TER,2026-01-09 05:00:00,8,0.07924951,0.218579148437444,2025-11-14 05:00:00
TFC,2026-01-09 05:00:00,8,0.027181737,-0.089284380177261,2025-11-14 05:00:00
TGT,2026-01-09 05:00:00,8,0.03339312,-0.3155146648036052,2025-11-14 05:00:00
TJX,2026-01-09 05:00:00,8,0.026563318,0.37014078725966,2025-11-14 05:00:00
TKO,2026-01-09 05:00:00,8,0.03803665,-0.1472360589731404,2025-11-14 05:00:00
TMO,2026-01-09 05:00:00,8,0.033840604,0.3047386204386211,2025-11-14 05:00:00
TMUS,2026-01-09 05:00:00,8,0.03962607,-0.3076058090110243,2025-11-14 05:00:00
TPL,2026-01-09 05:00:00,8,0.038478665,0.0840354503261888,2025-11-14 05:00:00
TPR,2026-01-09 05:00:00,8,0.045257006,-0.081424930615087,2025-11-14 05:00:00
TRGP,2026-01-09 05:00:00,8,0.038478665,0.0476693972169219,2025-11-14 05:00:00
TRMB,2026-01-09 05:00:00,8,0.038813356,-0.3028190022273406,2025-11-14 05:00:00
TROW,2026-01-09 05:00:00,8,0.031910684,-0.3997184868032844,2025-11-14 05:00:00
TRV,2026-01-09 05:00:00,8,0.026563318,0.1948600478530765,2025-11-14 05:00:00
TSCO,2026-01-09 05:00:00,8,0.039127734,-0.2975442435893934,2025-11-14 05:00:00
TSLA,2026-01-09 05:00:00,8,0.048861653,0.0183609634593807,2025-11-14 05:00:00
TSN,2026-01-09 05:00:00,8,0.029668033,-0.278839958341452,2025-11-14 05:00:00
TT,2026-01-09 05:00:00,8,0.035035226,-0.1481695661860211,2025-11-14 05:00:00
TTD,2026-01-09 05:00:00,8,0.093628876,-0.2659841664246098,2025-11-14 05:00:00
TTWO,2026-01-09 05:00:00,8,0.03942409,0.0543173501575497,2025-11-14 05:00:00
TXN,2026-01-09 05:00:00,8,0.044613883,-0.5344850316352148,2025-11-14 05:00:00
TXT,2026-01-09 05:00:00,8,0.029420672,-0.0362227590709738,2025-11-14 05:00:00
TYL,2026-01-09 05:00:00,8,0.043945286,-0.448156480716709,2025-11-14 05:00:00
UAL,2026-01-09 05:00:00,8,0.04681242,-0.2275219342060622,2025-11-14 05:00:00
UBER,2026-01-09 05:00:00,8,0.03844487,-0.2689814507140214,2025-11-14 05:00:00
UDR,2026-01-09 05:00:00,8,0.029420672,-0.2197727519015671,2025-11-14 05:00:00
UHS,2026-01-09 05:00:00,8,0.031513,0.586060804719378,2025-11-14 05:00:00
ULTA,2026-01-09 05:00:00,8,0.035983585,-0.0789917099467675,2025-11-14 05:00:00
UNH,2026-01-09 05:00:00,8,0.038726024,0.1790425421062548,2025-11-14 05:00:00
UNP,2026-01-09 05:00:00,8,0.028025338,-0.0791219718236808,2025-11-14 05:00:00
UPS,2026-01-09 05:00:00,8,0.036697946,0.1735990720633422,2025-11-14 05:00:00
URI,2026-01-09 05:00:00,8,0.03955509,-0.2729784823522471,2025-11-14 05:00:00
USB,2026-01-09 05:00:00,8,0.028025338,-0.0284904098846011,2025-11-14 05:00:00
V,2026-01-09 05:00:00,8,0.027513582,-0.1491029084522153,2025-11-14 05:00:00
VICI,2026-01-09 05:00:00,8,0.028472077,-0.2039338250416062,2025-11-14 05:00:00
VLO,2026-01-09 05:00:00,8,0.03562132,0.3113940573460977,2025-11-14 05:00:00
VLTO,2026-01-09 05:00:00,8,0.030631412,-0.2586425459625081,2025-11-14 05:00:00
VMC,2026-01-09 05:00:00,8,0.031096576,-0.1613397785165648,2025-11-14 05:00:00
VRSK,2026-01-09 05:00:00,8,0.04739502,-0.4481190424531412,2025-11-14 05:00:00
VRSN,2026-01-09 05:00:00,8,0.038420625,-0.1491532406332827,2025-11-14 05:00:00
VRTX,2026-01-09 05:00:00,8,0.030536335,0.2626191707064524,2025-11-14 05:00:00
VST,2026-01-09 05:00:00,8,0.052700453,-0.2270261535914212,2025-11-14 05:00:00
VTR,2026-01-09 05:00:00,8,0.027543463,0.5163467891156717,2025-11-14 05:00:00
VTRS,2026-01-09 05:00:00,8,0.03884083,0.0860921284328839,2025-11-14 05:00:00
VZ,2026-01-09 05:00:00,8,0.02598209,-0.0120917448933237,2025-11-14 05:00:00
WAB,2026-01-09 05:00:00,8,0.02598209,0.0717851701549608,2025-11-14 05:00:00
WAT,2026-01-09 05:00:00,8,0.03562132,0.467505608864028,2025-11-14 05:00:00
WBD,2026-01-09 05:00:00,8,0.09409229,0.3562363887404836,2025-11-14 05:00:00
WDAY,2026-01-09 05:00:00,8,0.03801224,0.0405918401228051,2025-11-14 05:00:00
WDC,2026-01-09 05:00:00,8,0.097025156,0.4647101247892838,2025-11-14 05:00:00
WEC,2026-01-09 05:00:00,8,0.02684169,0.1731549823807368,2025-11-14 05:00:00
WELL,2026-01-09 05:00:00,8,0.027759036,0.4213772094095154,2025-11-14 05:00:00
WFC,2026-01-09 05:00:00,8,0.026563318,0.1716622109040257,2025-11-14 05:00:00
WM,2026-01-09 05:00:00,8,0.03937871,-0.296841451682889,2025-11-14 05:00:00
WMB,2026-01-09 05:00:00,8,0.028094811,0.1130085477591605,2025-11-14 05:00:00
WMT,2026-01-09 05:00:00,8,0.027543463,0.1903460687979761,2025-11-14 05:00:00
WRB,2026-01-09 05:00:00,8,0.02684169,0.2328095977823878,2025-11-14 05:00:00
WSM,2026-01-09 05:00:00,8,0.034814496,-0.0725546911768883,2025-11-14 05:00:00
WST,2026-01-09 05:00:00,8,0.039059896,0.1478297241738142,2025-11-14 05:00:00
WTW,2026-01-09 05:00:00,8,0.02598209,-0.083599447262644,2025-11-14 05:00:00
WY,2026-01-09 05:00:00,8,0.032229118,-0.4601315120944901,2025-11-14 05:00:00
WYNN,2026-01-09 05:00:00,8,0.0398009,0.0361218116504352,2025-11-14 05:00:00
XEL,2026-01-09 05:00:00,8,0.026563318,0.2098491334419441,2025-11-14 05:00:00
XOM,2026-01-09 05:00:00,8,0.02598209,0.2250882233165156,2025-11-14 05:00:00
XYL,2026-01-09 05:00:00,8,0.026563318,0.0743732610908428,2025-11-14 05:00:00
XYZ,2026-01-09 05:00:00,8,0.057884123,-0.3891831928824389,2025-11-14 05:00:00
YUM,2026-01-09 05:00:00,8,0.029849643,0.0806616014949818,2025-11-14 05:00:00
ZBH,2026-01-09 05:00:00,8,0.044836264,-0.2483938151962178,2025-11-14 05:00:00
ZBRA,2026-01-09 05:00:00,8,0.05859142,-0.4676343570622775,2025-11-14 05:00:00
ZTS,2026-01-09 05:00:00,8,0.050793525,-0.3964080479013425,2025-11-14 05:00:00
