ticker,forecast_date,horizon_weeks,predicted_return,sharpe_ratio_3m,latest_date
A,2025-11-21 05:00:00,1,-0.03032795,0.3628956466639322,2025-11-14 05:00:00
AAPL,2025-11-21 05:00:00,1,-0.03032795,0.4549544681829668,2025-11-14 05:00:00
ABBV,2025-11-21 05:00:00,1,-0.03032795,0.3636564291672795,2025-11-14 05:00:00
ABNB,2025-11-21 05:00:00,1,-0.03032795,-0.1871703414977284,2025-11-14 05:00:00
ABT,2025-11-21 05:00:00,1,-0.03032795,0.0622993571978608,2025-11-14 05:00:00
ACGL,2025-11-21 05:00:00,1,-0.03032795,-0.0072738044438882,2025-11-14 05:00:00
ACN,2025-11-21 05:00:00,1,-0.03032795,-0.2730130312929993,2025-11-14 05:00:00
ADBE,2025-11-21 05:00:00,1,-0.03032795,-0.2079771045583132,2025-11-14 05:00:00
ADI,2025-11-21 05:00:00,1,-0.03032795,-0.1729136001718302,2025-11-14 05:00:00
ADM,2025-11-21 05:00:00,1,-0.03032795,-0.2164974113357676,2025-11-14 05:00:00
ADP,2025-11-21 05:00:00,1,-0.03032795,-0.6472246059235082,2025-11-14 05:00:00
ADSK,2025-11-21 05:00:00,1,-0.03032795,0.0240397287157634,2025-11-14 05:00:00
AEE,2025-11-21 05:00:00,1,-0.03032795,0.2012698180023851,2025-11-14 05:00:00
AEP,2025-11-21 05:00:00,1,-0.03032795,0.256129185068669,2025-11-14 05:00:00
AES,2025-11-21 05:00:00,1,-0.03032795,-0.0363198833760121,2025-11-14 05:00:00
AFL,2025-11-21 05:00:00,1,-0.03032795,0.2722812469168186,2025-11-14 05:00:00
AIG,2025-11-21 05:00:00,1,-0.03032795,-0.1540331323231766,2025-11-14 05:00:00
AIZ,2025-11-21 05:00:00,1,-0.03032795,0.2107562213303451,2025-11-14 05:00:00
AJG,2025-11-21 05:00:00,1,-0.03032795,-0.2671103743941286,2025-11-14 05:00:00
AKAM,2025-11-21 05:00:00,1,-0.03032795,0.214785828655724,2025-11-14 05:00:00
ALB,2025-11-21 05:00:00,1,-0.03032795,0.3821862995998362,2025-11-14 05:00:00
ALGN,2025-11-21 05:00:00,1,-0.03032795,-0.2680875678660505,2025-11-14 05:00:00
ALL,2025-11-21 05:00:00,1,-0.03032795,0.140976871685381,2025-11-14 05:00:00
ALLE,2025-11-21 05:00:00,1,-0.03032795,-0.1025859427697816,2025-11-14 05:00:00
AMAT,2025-11-21 05:00:00,1,-0.03032795,0.2989926227438172,2025-11-14 05:00:00
AMCR,2025-11-21 05:00:00,1,-0.03032795,-0.069323743200022,2025-11-14 05:00:00
AMD,2025-11-21 05:00:00,1,-0.03032795,0.0013822107618483,2025-11-14 05:00:00
AME,2025-11-21 05:00:00,1,-0.03032795,0.0195745750020996,2025-11-14 05:00:00
AMGN,2025-11-21 05:00:00,1,-0.03032795,0.3103767835315777,2025-11-14 05:00:00
AMP,2025-11-21 05:00:00,1,-0.03032795,-0.3937649478166642,2025-11-14 05:00:00
AMT,2025-11-21 05:00:00,1,-0.03032795,-0.2872091904834708,2025-11-14 05:00:00
AMZN,2025-11-21 05:00:00,1,-0.03032795,-0.0755616801669138,2025-11-14 05:00:00
ANET,2025-11-21 05:00:00,1,-0.03032795,-0.174474216273772,2025-11-14 05:00:00
AON,2025-11-21 05:00:00,1,-0.03032795,-0.1196479286651135,2025-11-14 05:00:00
AOS,2025-11-21 05:00:00,1,-0.03032795,-0.24625404111497,2025-11-14 05:00:00
APA,2025-11-21 05:00:00,1,-0.03032795,0.1469325217249281,2025-11-14 05:00:00
APD,2025-11-21 05:00:00,1,-0.03032795,-0.2559286320833062,2025-11-14 05:00:00
APH,2025-11-21 05:00:00,1,-0.03032795,0.3766096054104905,2025-11-14 05:00:00
APO,2025-11-21 05:00:00,1,-0.03032795,-0.1544836101373262,2025-11-14 05:00:00
APTV,2025-11-21 05:00:00,1,-0.03032795,0.0480363605934072,2025-11-14 05:00:00
ARE,2025-11-21 05:00:00,1,-0.03032795,-0.3499933268095815,2025-11-14 05:00:00
ATO,2025-11-21 05:00:00,1,-0.03032795,0.3113784699235786,2025-11-14 05:00:00
AVB,2025-11-21 05:00:00,1,-0.03032795,-0.1438169856536322,2025-11-14 05:00:00
AVGO,2025-11-21 05:00:00,1,-0.03032795,0.0494625530516285,2025-11-14 05:00:00
AVY,2025-11-21 05:00:00,1,-0.03032795,0.0216889025882564,2025-11-14 05:00:00
AWK,2025-11-21 05:00:00,1,-0.03032795,-0.1011782324248007,2025-11-14 05:00:00
AXON,2025-11-21 05:00:00,1,-0.03032795,-0.4106084865413034,2025-11-14 05:00:00
AXP,2025-11-21 05:00:00,1,-0.03032795,0.2750684478754654,2025-11-14 05:00:00
AZO,2025-11-21 05:00:00,1,-0.03032795,-0.1323445791533123,2025-11-14 05:00:00
BA,2025-11-21 05:00:00,1,-0.03032795,-0.4228782839607335,2025-11-14 05:00:00
BAC,2025-11-21 05:00:00,1,-0.03032795,0.2080518034455365,2025-11-14 05:00:00
BALL,2025-11-21 05:00:00,1,-0.03032795,-0.1182722691064765,2025-11-14 05:00:00
BAX,2025-11-21 05:00:00,1,-0.03032795,-0.2505715330857861,2025-11-14 05:00:00
BBY,2025-11-21 05:00:00,1,-0.03032795,-0.025344310565635,2025-11-14 05:00:00
BDX,2025-11-21 05:00:00,1,-0.03032795,-0.0264024522372994,2025-11-14 05:00:00
BEN,2025-11-21 05:00:00,1,-0.03032795,-0.4122678299442824,2025-11-14 05:00:00
BG,2025-11-21 05:00:00,1,-0.03032795,0.1257342721751644,2025-11-14 05:00:00
BIIB,2025-11-21 05:00:00,1,-0.03032795,0.2519854381502777,2025-11-14 05:00:00
BK,2025-11-21 05:00:00,1,-0.03032795,0.3182743761084259,2025-11-14 05:00:00
BKNG,2025-11-21 05:00:00,1,-0.03032795,-0.5502780919931333,2025-11-14 05:00:00
BKR,2025-11-21 05:00:00,1,-0.03032795,0.0505533574519701,2025-11-14 05:00:00
BLDR,2025-11-21 05:00:00,1,-0.03032795,-0.3664551419138562,2025-11-14 05:00:00
BLK,2025-11-21 05:00:00,1,-0.03032795,-0.328900723710535,2025-11-14 05:00:00
BMY,2025-11-21 05:00:00,1,-0.03032795,0.1316782992235913,2025-11-14 05:00:00
BR,2025-11-21 05:00:00,1,-0.03032795,-0.4798560393098453,2025-11-14 05:00:00
BRO,2025-11-21 05:00:00,1,-0.03032795,-0.292316973382802,2025-11-14 05:00:00
BSX,2025-11-21 05:00:00,1,-0.03032795,-0.0218538460795851,2025-11-14 05:00:00
BX,2025-11-21 05:00:00,1,-0.03032795,-0.3798553282472933,2025-11-14 05:00:00
BXP,2025-11-21 05:00:00,1,-0.03032795,0.1554489987866977,2025-11-14 05:00:00
C,2025-11-21 05:00:00,1,-0.03032795,0.0807924648938423,2025-11-14 05:00:00
CAG,2025-11-21 05:00:00,1,-0.03032795,-0.3477067122689182,2025-11-14 05:00:00
CAH,2025-11-21 05:00:00,1,-0.03032795,0.6388781686485808,2025-11-14 05:00:00
CARR,2025-11-21 05:00:00,1,-0.03032795,-0.6446672481686971,2025-11-14 05:00:00
CAT,2025-11-21 05:00:00,1,-0.03032795,0.3825420184720848,2025-11-14 05:00:00
CB,2025-11-21 05:00:00,1,-0.03032795,0.2581639730012525,2025-11-14 05:00:00
CBOE,2025-11-21 05:00:00,1,-0.03032795,0.1473881749646373,2025-11-14 05:00:00
CBRE,2025-11-21 05:00:00,1,-0.03032795,-0.1066842954346938,2025-11-14 05:00:00
CCI,2025-11-21 05:00:00,1,-0.03032795,-0.1110396530765288,2025-11-14 05:00:00
CCL,2025-11-21 05:00:00,1,-0.03032795,-0.4429288888602722,2025-11-14 05:00:00
CDNS,2025-11-21 05:00:00,1,-0.03032795,-0.2455505533358213,2025-11-14 05:00:00
CDW,2025-11-21 05:00:00,1,-0.03032795,-0.2519197434849595,2025-11-14 05:00:00
CEG,2025-11-21 05:00:00,1,-0.03032795,-0.0502668706301392,2025-11-14 05:00:00
CF,2025-11-21 05:00:00,1,-0.03032795,-0.1347901057805011,2025-11-14 05:00:00
CFG,2025-11-21 05:00:00,1,-0.03032795,0.0086589271684149,2025-11-14 05:00:00
CHD,2025-11-21 05:00:00,1,-0.03032795,-0.273962528000798,2025-11-14 05:00:00
CHRW,2025-11-21 05:00:00,1,-0.03032795,0.2627449555244271,2025-11-14 05:00:00
CHTR,2025-11-21 05:00:00,1,-0.03032795,-0.5692306996561793,2025-11-14 05:00:00
CI,2025-11-21 05:00:00,1,-0.03032795,-0.0613283642799538,2025-11-14 05:00:00
CINF,2025-11-21 05:00:00,1,-0.03032795,0.2108079523601912,2025-11-14 05:00:00
CL,2025-11-21 05:00:00,1,-0.03032795,-0.2535821070728323,2025-11-14 05:00:00
CLX,2025-11-21 05:00:00,1,-0.03032795,-0.362682127946061,2025-11-14 05:00:00
CMCSA,2025-11-21 05:00:00,1,-0.03032795,-0.3965276838051992,2025-11-14 05:00:00
CME,2025-11-21 05:00:00,1,-0.03032795,0.3009838895619032,2025-11-14 05:00:00
CMG,2025-11-21 05:00:00,1,-0.03032795,-0.3461803773242506,2025-11-14 05:00:00
CMI,2025-11-21 05:00:00,1,-0.03032795,0.2856934715326187,2025-11-14 05:00:00
CMS,2025-11-21 05:00:00,1,-0.03032795,0.3304312249762132,2025-11-14 05:00:00
CNC,2025-11-21 05:00:00,1,-0.03032795,0.3404289636445092,2025-11-14 05:00:00
CNP,2025-11-21 05:00:00,1,-0.03032795,0.2453287833686958,2025-11-14 05:00:00
COF,2025-11-21 05:00:00,1,-0.03032795,-0.1067295149528836,2025-11-14 05:00:00
COIN,2025-11-21 05:00:00,1,-0.03032795,-0.1453409850355559,2025-11-14 05:00:00
COO,2025-11-21 05:00:00,1,-0.03032795,-0.2057033235516228,2025-11-14 05:00:00
COP,2025-11-21 05:00:00,1,-0.03032795,-0.1770022170062969,2025-11-14 05:00:00
COR,2025-11-21 05:00:00,1,-0.03032795,0.7007779847223152,2025-11-14 05:00:00
COST,2025-11-21 05:00:00,1,-0.03032795,-0.0708166565536659,2025-11-14 05:00:00
CPAY,2025-11-21 05:00:00,1,-0.03032795,-0.3675379047862643,2025-11-14 05:00:00
CPB,2025-11-21 05:00:00,1,-0.03032795,-0.0604122663690814,2025-11-14 05:00:00
CPRT,2025-11-21 05:00:00,1,-0.03032795,-0.515665850912754,2025-11-14 05:00:00
CPT,2025-11-21 05:00:00,1,-0.03032795,-0.0817715381080566,2025-11-14 05:00:00
CRL,2025-11-21 05:00:00,1,-0.03032795,0.0905834224152061,2025-11-14 05:00:00
CRM,2025-11-21 05:00:00,1,-0.03032795,-0.1084354447454155,2025-11-14 05:00:00
CRWD,2025-11-21 05:00:00,1,-0.03032795,0.2876269870497362,2025-11-14 05:00:00
CSCO,2025-11-21 05:00:00,1,-0.03032795,0.3210467965961932,2025-11-14 05:00:00
CSGP,2025-11-21 05:00:00,1,-0.03032795,-0.4497679480655374,2025-11-14 05:00:00
CSX,2025-11-21 05:00:00,1,-0.03032795,-0.0407518394653648,2025-11-14 05:00:00
CTAS,2025-11-21 05:00:00,1,-0.03032795,-0.3348980927169945,2025-11-14 05:00:00
CTRA,2025-11-21 05:00:00,1,-0.03032795,0.1613848703342393,2025-11-14 05:00:00
CTSH,2025-11-21 05:00:00,1,-0.03032795,0.0305299277240057,2025-11-14 05:00:00
CTVA,2025-11-21 05:00:00,1,-0.03032795,-0.2145665320014767,2025-11-14 05:00:00
CVS,2025-11-21 05:00:00,1,-0.03032795,0.564779781077684,2025-11-14 05:00:00
CVX,2025-11-21 05:00:00,1,-0.03032795,-0.061613356743659,2025-11-14 05:00:00
CZR,2025-11-21 05:00:00,1,-0.03032795,-0.3608632573733664,2025-11-14 05:00:00
D,2025-11-21 05:00:00,1,-0.03032795,0.085973407938768,2025-11-14 05:00:00
DAL,2025-11-21 05:00:00,1,-0.03032795,-0.1508006958155285,2025-11-14 05:00:00
DASH,2025-11-21 05:00:00,1,-0.03032795,-0.3845125616471455,2025-11-14 05:00:00
DAY,2025-11-21 05:00:00,1,-0.03032795,-0.0261740927056501,2025-11-14 05:00:00
DD,2025-11-21 05:00:00,1,-0.03032795,0.3305761807031999,2025-11-14 05:00:00
DDOG,2025-11-21 05:00:00,1,-0.03032795,0.4490288226011202,2025-11-14 05:00:00
DE,2025-11-21 05:00:00,1,-0.03032795,-0.2014058248190563,2025-11-14 05:00:00
DECK,2025-11-21 05:00:00,1,-0.03032795,-0.3778074506379167,2025-11-14 05:00:00
DELL,2025-11-21 05:00:00,1,-0.03032795,-0.1111450406337145,2025-11-14 05:00:00
DG,2025-11-21 05:00:00,1,-0.03032795,-0.1703425992879158,2025-11-14 05:00:00
DGX,2025-11-21 05:00:00,1,-0.03032795,0.2468428438957667,2025-11-14 05:00:00
DHI,2025-11-21 05:00:00,1,-0.03032795,-0.1977374189313972,2025-11-14 05:00:00
DHR,2025-11-21 05:00:00,1,-0.03032795,0.1345370271054476,2025-11-14 05:00:00
DIS,2025-11-21 05:00:00,1,-0.03032795,-0.4684799185973609,2025-11-14 05:00:00
DLR,2025-11-21 05:00:00,1,-0.03032795,-0.0791018152313136,2025-11-14 05:00:00
DLTR,2025-11-21 05:00:00,1,-0.03032795,-0.1902561992924366,2025-11-14 05:00:00
DOC,2025-11-21 05:00:00,1,-0.03032795,0.0308020387249756,2025-11-14 05:00:00
DOV,2025-11-21 05:00:00,1,-0.03032795,-0.1065877264112418,2025-11-14 05:00:00
DOW,2025-11-21 05:00:00,1,-0.03032795,-0.0844003957680212,2025-11-14 05:00:00
DPZ,2025-11-21 05:00:00,1,-0.03032795,-0.2691171824942053,2025-11-14 05:00:00
DRI,2025-11-21 05:00:00,1,-0.03032795,-0.3307608449374809,2025-11-14 05:00:00
DTE,2025-11-21 05:00:00,1,-0.03032795,-0.0077180711656002,2025-11-14 05:00:00
DUK,2025-11-21 05:00:00,1,-0.03032795,0.0895373362454057,2025-11-14 05:00:00
DVA,2025-11-21 05:00:00,1,-0.03032795,-0.1869434146374664,2025-11-14 05:00:00
DVN,2025-11-21 05:00:00,1,-0.03032795,-0.0248765001153767,2025-11-14 05:00:00
DXCM,2025-11-21 05:00:00,1,-0.03032795,-0.3203354686233522,2025-11-14 05:00:00
EA,2025-11-21 05:00:00,1,-0.03032795,0.3097168950673699,2025-11-14 05:00:00
EBAY,2025-11-21 05:00:00,1,-0.03032795,-0.1899770097783032,2025-11-14 05:00:00
ECL,2025-11-21 05:00:00,1,-0.03032795,-0.2387175874467072,2025-11-14 05:00:00
ED,2025-11-21 05:00:00,1,-0.03032795,0.0680140556410931,2025-11-14 05:00:00
EFX,2025-11-21 05:00:00,1,-0.03032795,-0.3980175462691591,2025-11-14 05:00:00
EG,2025-11-21 05:00:00,1,-0.03032795,-0.0255669483410184,2025-11-14 05:00:00
EIX,2025-11-21 05:00:00,1,-0.03032795,0.230131672160857,2025-11-14 05:00:00
EL,2025-11-21 05:00:00,1,-0.03032795,-0.1897070103338585,2025-11-14 05:00:00
ELV,2025-11-21 05:00:00,1,-0.03032795,0.1458310883270961,2025-11-14 05:00:00
EMN,2025-11-21 05:00:00,1,-0.03032795,-0.232083859046394,2025-11-14 05:00:00
EMR,2025-11-21 05:00:00,1,-0.03032795,-0.1566914376673365,2025-11-14 05:00:00
ENPH,2025-11-21 05:00:00,1,-0.03032795,-0.37488931432347,2025-11-14 05:00:00
EOG,2025-11-21 05:00:00,1,-0.03032795,-0.2926783702260247,2025-11-14 05:00:00
EPAM,2025-11-21 05:00:00,1,-0.03032795,0.0519179513330684,2025-11-14 05:00:00
EQIX,2025-11-21 05:00:00,1,-0.03032795,0.0554257610476112,2025-11-14 05:00:00
EQR,2025-11-21 05:00:00,1,-0.03032795,-0.193133400134649,2025-11-14 05:00:00
EQT,2025-11-21 05:00:00,1,-0.03032795,0.2145769245403636,2025-11-14 05:00:00
ERIE,2025-11-21 05:00:00,1,-0.03032795,-0.5073234799365656,2025-11-14 05:00:00
ES,2025-11-21 05:00:00,1,-0.03032795,0.7725290199071412,2025-11-14 05:00:00
ESS,2025-11-21 05:00:00,1,-0.03032795,0.0462579678651171,2025-11-14 05:00:00
ETN,2025-11-21 05:00:00,1,-0.03032795,-0.1949409310909997,2025-11-14 05:00:00
ETR,2025-11-21 05:00:00,1,-0.03032795,0.2383438207175731,2025-11-14 05:00:00
EVRG,2025-11-21 05:00:00,1,-0.03032795,0.2488352029218149,2025-11-14 05:00:00
EW,2025-11-21 05:00:00,1,-0.03032795,0.1826943337208795,2025-11-14 05:00:00
EXC,2025-11-21 05:00:00,1,-0.03032795,0.1304017072734688,2025-11-14 05:00:00
EXE,2025-11-21 05:00:00,1,-0.03032795,0.3504920420407681,2025-11-14 05:00:00
EXPD,2025-11-21 05:00:00,1,-0.03032795,0.2560806674085086,2025-11-14 05:00:00
EXPE,2025-11-21 05:00:00,1,-0.03032795,0.3355109785106761,2025-11-14 05:00:00
EXR,2025-11-21 05:00:00,1,-0.03032795,-0.0534937268561879,2025-11-14 05:00:00
F,2025-11-21 05:00:00,1,-0.03032795,0.1979646348716374,2025-11-14 05:00:00
FANG,2025-11-21 05:00:00,1,-0.03032795,-0.0182310980397827,2025-11-14 05:00:00
FAST,2025-11-21 05:00:00,1,-0.03032795,-0.6616784988757894,2025-11-14 05:00:00
FCX,2025-11-21 05:00:00,1,-0.03032795,-0.1722524309050328,2025-11-14 05:00:00
FDS,2025-11-21 05:00:00,1,-0.03032795,-0.4129573599160263,2025-11-14 05:00:00
FDX,2025-11-21 05:00:00,1,-0.03032795,0.3054235006925887,2025-11-14 05:00:00
FE,2025-11-21 05:00:00,1,-0.03032795,0.3184016545453776,2025-11-14 05:00:00
FFIV,2025-11-21 05:00:00,1,-0.03032795,-0.4210861496047587,2025-11-14 05:00:00
FI,2025-11-21 05:00:00,1,-0.03032795,-0.3783588562146641,2025-11-14 05:00:00
FICO,2025-11-21 05:00:00,1,-0.03032795,0.239911523642566,2025-11-14 05:00:00
FIS,2025-11-21 05:00:00,1,-0.03032795,-0.1854849407133767,2025-11-14 05:00:00
FITB,2025-11-21 05:00:00,1,-0.03032795,-0.1201510931400482,2025-11-14 05:00:00
FOX,2025-11-21 05:00:00,1,-0.03032795,0.1353567657428007,2025-11-14 05:00:00
FOXA,2025-11-21 05:00:00,1,-0.03032795,0.1431727993424941,2025-11-14 05:00:00
FRT,2025-11-21 05:00:00,1,-0.03032795,0.1138811463975775,2025-11-14 05:00:00
FSLR,2025-11-21 05:00:00,1,-0.03032795,0.3968310073708393,2025-11-14 05:00:00
FTNT,2025-11-21 05:00:00,1,-0.03032795,0.0814712687880093,2025-11-14 05:00:00
FTV,2025-11-21 05:00:00,1,-0.03032795,0.2060956989999058,2025-11-14 05:00:00
GD,2025-11-21 05:00:00,1,-0.03032795,0.2070665481424876,2025-11-14 05:00:00
GDDY,2025-11-21 05:00:00,1,-0.03032795,-0.5241256083458329,2025-11-14 05:00:00
GE,2025-11-21 05:00:00,1,-0.03032795,0.3065791408625534,2025-11-14 05:00:00
GEHC,2025-11-21 05:00:00,1,-0.03032795,-0.072896155135626,2025-11-14 05:00:00
GEN,2025-11-21 05:00:00,1,-0.03032795,-0.4807229318413151,2025-11-14 05:00:00
GEV,2025-11-21 05:00:00,1,-0.03032795,-0.5293813637214615,2025-11-14 05:00:00
GILD,2025-11-21 05:00:00,1,-0.03032795,0.2615531451532077,2025-11-14 05:00:00
GIS,2025-11-21 05:00:00,1,-0.03032795,-0.1940328038880326,2025-11-14 05:00:00
GL,2025-11-21 05:00:00,1,-0.03032795,-0.1567079628016904,2025-11-14 05:00:00
GLW,2025-11-21 05:00:00,1,-0.03032795,0.2693001044520278,2025-11-14 05:00:00
GM,2025-11-21 05:00:00,1,-0.03032795,0.3101370578296736,2025-11-14 05:00:00
GNRC,2025-11-21 05:00:00,1,-0.03032795,-0.3596329782786797,2025-11-14 05:00:00
GOOG,2025-11-21 05:00:00,1,-0.03032795,0.4629312172364457,2025-11-14 05:00:00
GOOGL,2025-11-21 05:00:00,1,-0.03032795,0.4493959277807005,2025-11-14 05:00:00
GPC,2025-11-21 05:00:00,1,-0.03032795,-0.2625814506182292,2025-11-14 05:00:00
GPN,2025-11-21 05:00:00,1,-0.03032795,-0.3807713776311432,2025-11-14 05:00:00
GRMN,2025-11-21 05:00:00,1,-0.03032795,-0.295379366817168,2025-11-14 05:00:00
GS,2025-11-21 05:00:00,1,-0.03032795,0.1375345546835694,2025-11-14 05:00:00
GWW,2025-11-21 05:00:00,1,-0.03032795,-0.4059284217468016,2025-11-14 05:00:00
HAL,2025-11-21 05:00:00,1,-0.03032795,0.2295678683845378,2025-11-14 05:00:00
HAS,2025-11-21 05:00:00,1,-0.03032795,-0.1483845940553625,2025-11-14 05:00:00
HBAN,2025-11-21 05:00:00,1,-0.03032795,-0.2029171091251627,2025-11-14 05:00:00
HCA,2025-11-21 05:00:00,1,-0.03032795,0.6487785997788916,2025-11-14 05:00:00
HD,2025-11-21 05:00:00,1,-0.03032795,-0.2702187364262851,2025-11-14 05:00:00
HIG,2025-11-21 05:00:00,1,-0.03032795,0.0721570418118646,2025-11-14 05:00:00
HII,2025-11-21 05:00:00,1,-0.03032795,0.3709276468631017,2025-11-14 05:00:00
HLT,2025-11-21 05:00:00,1,-0.03032795,-0.0475337091230631,2025-11-14 05:00:00
HOLX,2025-11-21 05:00:00,1,-0.03032795,0.2100383296247481,2025-11-14 05:00:00
HON,2025-11-21 05:00:00,1,-0.03032795,-0.2321157357269662,2025-11-14 05:00:00
HPE,2025-11-21 05:00:00,1,-0.03032795,-0.1068154024389414,2025-11-14 05:00:00
HPQ,2025-11-21 05:00:00,1,-0.03032795,-0.259088951540625,2025-11-14 05:00:00
HRL,2025-11-21 05:00:00,1,-0.03032795,-0.3797504260768706,2025-11-14 05:00:00
HSIC,2025-11-21 05:00:00,1,-0.03032795,0.0812197078260276,2025-11-14 05:00:00
HST,2025-11-21 05:00:00,1,-0.03032795,0.0572715161126269,2025-11-14 05:00:00
HSY,2025-11-21 05:00:00,1,-0.03032795,0.0416082297084531,2025-11-14 05:00:00
HUBB,2025-11-21 05:00:00,1,-0.03032795,-0.1437237513563881,2025-11-14 05:00:00
HUM,2025-11-21 05:00:00,1,-0.03032795,-0.2558579981775694,2025-11-14 05:00:00
HWM,2025-11-21 05:00:00,1,-0.03032795,0.3262169383583091,2025-11-14 05:00:00
IBM,2025-11-21 05:00:00,1,-0.03032795,0.5260824640283686,2025-11-14 05:00:00
ICE,2025-11-21 05:00:00,1,-0.03032795,-0.4150288230831129,2025-11-14 05:00:00
IDXX,2025-11-21 05:00:00,1,-0.03032795,-0.0616221765702878,2025-11-14 05:00:00
IEX,2025-11-21 05:00:00,1,-0.03032795,-0.1100517072250007,2025-11-14 05:00:00
IFF,2025-11-21 05:00:00,1,-0.03032795,-0.0044065793319002,2025-11-14 05:00:00
INCY,2025-11-21 05:00:00,1,-0.03032795,0.3229155348254637,2025-11-14 05:00:00
INTC,2025-11-21 05:00:00,1,-0.03032795,0.3328475303809074,2025-11-14 05:00:00
INTU,2025-11-21 05:00:00,1,-0.03032795,-0.0003465549743162,2025-11-14 05:00:00
INVH,2025-11-21 05:00:00,1,-0.03032795,-0.3011764929011723,2025-11-14 05:00:00
IP,2025-11-21 05:00:00,1,-0.03032795,-0.2037481501395664,2025-11-14 05:00:00
IPG,2025-11-21 05:00:00,1,-0.03032795,-0.2226874776639472,2025-11-14 05:00:00
IQV,2025-11-21 05:00:00,1,-0.03032795,0.2854392576524431,2025-11-14 05:00:00
IR,2025-11-21 05:00:00,1,-0.03032795,-0.1654256708501259,2025-11-14 05:00:00
IRM,2025-11-21 05:00:00,1,-0.03032795,-0.0378217236042384,2025-11-14 05:00:00
ISRG,2025-11-21 05:00:00,1,-0.03032795,0.21303114300249,2025-11-14 05:00:00
IT,2025-11-21 05:00:00,1,-0.03032795,-0.2377817060759271,2025-11-14 05:00:00
ITW,2025-11-21 05:00:00,1,-0.03032795,-0.4338981084508339,2025-11-14 05:00:00
IVZ,2025-11-21 05:00:00,1,-0.03032795,0.2126796902905249,2025-11-14 05:00:00
J,2025-11-21 05:00:00,1,-0.03032795,-0.0083196919079848,2025-11-14 05:00:00
JBHT,2025-11-21 05:00:00,1,-0.03032795,0.1423999722481137,2025-11-14 05:00:00
JBL,2025-11-21 05:00:00,1,-0.03032795,-0.2036025144855415,2025-11-14 05:00:00
JCI,2025-11-21 05:00:00,1,-0.03032795,0.2588815424037398,2025-11-14 05:00:00
JKHY,2025-11-21 05:00:00,1,-0.03032795,0.0181815712696215,2025-11-14 05:00:00
JNJ,2025-11-21 05:00:00,1,-0.03032795,0.4193401037607335,2025-11-14 05:00:00
JPM,2025-11-21 05:00:00,1,-0.03032795,0.1154283861594093,2025-11-14 05:00:00
K,2025-11-21 05:00:00,1,-0.03032795,0.0962113147696328,2025-11-14 05:00:00
KDP,2025-11-21 05:00:00,1,-0.03032795,-0.3772826200672763,2025-11-14 05:00:00
KEY,2025-11-21 05:00:00,1,-0.03032795,-0.1973293373278853,2025-11-14 05:00:00
KEYS,2025-11-21 05:00:00,1,-0.03032795,0.0928754629176453,2025-11-14 05:00:00
KHC,2025-11-21 05:00:00,1,-0.03032795,-0.3450648667119772,2025-11-14 05:00:00
KIM,2025-11-21 05:00:00,1,-0.03032795,-0.117383221906831,2025-11-14 05:00:00
KKR,2025-11-21 05:00:00,1,-0.03032795,-0.366115755103384,2025-11-14 05:00:00
KLAC,2025-11-21 05:00:00,1,-0.03032795,0.2894708864550172,2025-11-14 05:00:00
KMB,2025-11-21 05:00:00,1,-0.03032795,-0.4598306771654926,2025-11-14 05:00:00
KMI,2025-11-21 05:00:00,1,-0.03032795,0.0114330452117522,2025-11-14 05:00:00
KMX,2025-11-21 05:00:00,1,-0.03032795,-0.4075643051696292,2025-11-14 05:00:00
KO,2025-11-21 05:00:00,1,-0.03032795,0.236830031071595,2025-11-14 05:00:00
KR,2025-11-21 05:00:00,1,-0.03032795,-0.0690188389897832,2025-11-14 05:00:00
KVUE,2025-11-21 05:00:00,1,-0.03032795,-0.6834515793527219,2025-11-14 05:00:00
L,2025-11-21 05:00:00,1,-0.03032795,0.4031829249747476,2025-11-14 05:00:00
LDOS,2025-11-21 05:00:00,1,-0.03032795,0.1663214524083937,2025-11-14 05:00:00
LEN,2025-11-21 05:00:00,1,-0.03032795,-0.095739573045231,2025-11-14 05:00:00
LH,2025-11-21 05:00:00,1,-0.03032795,-0.0180561199067459,2025-11-14 05:00:00
LHX,2025-11-21 05:00:00,1,-0.03032795,0.1378826023054475,2025-11-14 05:00:00
LII,2025-11-21 05:00:00,1,-0.03032795,-0.4515140047790909,2025-11-14 05:00:00
LIN,2025-11-21 05:00:00,1,-0.03032795,-0.4586664391825331,2025-11-14 05:00:00
LKQ,2025-11-21 05:00:00,1,-0.03032795,0.0122261652513339,2025-11-14 05:00:00
LLY,2025-11-21 05:00:00,1,-0.03032795,0.5648434902793873,2025-11-14 05:00:00
LMT,2025-11-21 05:00:00,1,-0.03032795,0.0521892898050877,2025-11-14 05:00:00
LNT,2025-11-21 05:00:00,1,-0.03032795,0.1599304386814593,2025-11-14 05:00:00
LOW,2025-11-21 05:00:00,1,-0.03032795,-0.2503075121977081,2025-11-14 05:00:00
LRCX,2025-11-21 05:00:00,1,-0.03032795,0.2996366786469835,2025-11-14 05:00:00
LULU,2025-11-21 05:00:00,1,-0.03032795,-0.3524734294563306,2025-11-14 05:00:00
LUV,2025-11-21 05:00:00,1,-0.03032795,0.0377983877406724,2025-11-14 05:00:00
LVS,2025-11-21 05:00:00,1,-0.03032795,0.1575985984778163,2025-11-14 05:00:00
LW,2025-11-21 05:00:00,1,-0.03032795,0.0463372196525099,2025-11-14 05:00:00
LYB,2025-11-21 05:00:00,1,-0.03032795,-0.4260861868411388,2025-11-14 05:00:00
LYV,2025-11-21 05:00:00,1,-0.03032795,-0.4492229605439093,2025-11-14 05:00:00
MA,2025-11-21 05:00:00,1,-0.03032795,-0.2658845123745802,2025-11-14 05:00:00
MAA,2025-11-21 05:00:00,1,-0.03032795,-0.1453865534574752,2025-11-14 05:00:00
MAR,2025-11-21 05:00:00,1,-0.03032795,0.0774510922549258,2025-11-14 05:00:00
MAS,2025-11-21 05:00:00,1,-0.03032795,-0.4579614570493049,2025-11-14 05:00:00
MCD,2025-11-21 05:00:00,1,-0.03032795,0.0302164570363139,2025-11-14 05:00:00
MCHP,2025-11-21 05:00:00,1,-0.03032795,-0.4989346219610472,2025-11-14 05:00:00
MCK,2025-11-21 05:00:00,1,-0.03032795,0.6056830603114581,2025-11-14 05:00:00
MCO,2025-11-21 05:00:00,1,-0.03032795,-0.1744186989175727,2025-11-14 05:00:00
MDLZ,2025-11-21 05:00:00,1,-0.03032795,-0.2662996162216998,2025-11-14 05:00:00
MDT,2025-11-21 05:00:00,1,-0.03032795,0.1601373463966287,2025-11-14 05:00:00
MET,2025-11-21 05:00:00,1,-0.03032795,-0.0588016373821828,2025-11-14 05:00:00
META,2025-11-21 05:00:00,1,-0.03032795,-0.4350098442893224,2025-11-14 05:00:00
MGM,2025-11-21 05:00:00,1,-0.03032795,-0.3260956199522475,2025-11-14 05:00:00
MHK,2025-11-21 05:00:00,1,-0.03032795,-0.3157760597827758,2025-11-14 05:00:00
MKC,2025-11-21 05:00:00,1,-0.03032795,-0.1455204045418659,2025-11-14 05:00:00
MKTX,2025-11-21 05:00:00,1,-0.03032795,-0.2203997762295191,2025-11-14 05:00:00
MLM,2025-11-21 05:00:00,1,-0.03032795,-0.0596529122449261,2025-11-14 05:00:00
MMC,2025-11-21 05:00:00,1,-0.03032795,-0.2406947693282247,2025-11-14 05:00:00
MMM,2025-11-21 05:00:00,1,-0.03032795,0.1696137560353859,2025-11-14 05:00:00
MNST,2025-11-21 05:00:00,1,-0.03032795,0.3904538185126633,2025-11-14 05:00:00
MO,2025-11-21 05:00:00,1,-0.03032795,-0.2088282178602388,2025-11-14 05:00:00
MOH,2025-11-21 05:00:00,1,-0.03032795,-0.215964557853978,2025-11-14 05:00:00
MOS,2025-11-21 05:00:00,1,-0.03032795,-0.3956295227163994,2025-11-14 05:00:00
MPC,2025-11-21 05:00:00,1,-0.03032795,0.2776959988321787,2025-11-14 05:00:00
MPWR,2025-11-21 05:00:00,1,-0.03032795,-0.0889070085518486,2025-11-14 05:00:00
MRK,2025-11-21 05:00:00,1,-0.03032795,0.1385415978151213,2025-11-14 05:00:00
MRNA,2025-11-21 05:00:00,1,-0.03032795,-0.0988362003536435,2025-11-14 05:00:00
MS,2025-11-21 05:00:00,1,-0.03032795,0.2815157534810669,2025-11-14 05:00:00
MSCI,2025-11-21 05:00:00,1,-0.03032795,0.0285631339439423,2025-11-14 05:00:00
MSFT,2025-11-21 05:00:00,1,-0.03032795,-0.1361362103635225,2025-11-14 05:00:00
MSI,2025-11-21 05:00:00,1,-0.03032795,-0.5458429539394045,2025-11-14 05:00:00
MTB,2025-11-21 05:00:00,1,-0.03032795,-0.1690939498384185,2025-11-14 05:00:00
MTCH,2025-11-21 05:00:00,1,-0.03032795,-0.3178177407157782,2025-11-14 05:00:00
MTD,2025-11-21 05:00:00,1,-0.03032795,0.182838925742668,2025-11-14 05:00:00
MU,2025-11-21 05:00:00,1,-0.03032795,0.4998635709700422,2025-11-14 05:00:00
NCLH,2025-11-21 05:00:00,1,-0.03032795,-0.4603376803361902,2025-11-14 05:00:00
NDAQ,2025-11-21 05:00:00,1,-0.03032795,-0.3545360989451424,2025-11-14 05:00:00
NDSN,2025-11-21 05:00:00,1,-0.03032795,0.0829368413632751,2025-11-14 05:00:00
NEE,2025-11-21 05:00:00,1,-0.03032795,0.2726131036005989,2025-11-14 05:00:00
NEM,2025-11-21 05:00:00,1,-0.03032795,0.2563309969849334,2025-11-14 05:00:00
NFLX,2025-11-21 05:00:00,1,-0.03032795,-0.0951186167607337,2025-11-14 05:00:00
NI,2025-11-21 05:00:00,1,-0.03032795,-0.0019684080357832,2025-11-14 05:00:00
NKE,2025-11-21 05:00:00,1,-0.03032795,-0.3273159905822137,2025-11-14 05:00:00
NOC,2025-11-21 05:00:00,1,-0.03032795,-0.1507623949801634,2025-11-14 05:00:00
NOW,2025-11-21 05:00:00,1,-0.03032795,-0.1373857900884505,2025-11-14 05:00:00
NRG,2025-11-21 05:00:00,1,-0.03032795,0.0982669516547847,2025-11-14 05:00:00
NSC,2025-11-21 05:00:00,1,-0.03032795,-0.0097182947662896,2025-11-14 05:00:00
NTAP,2025-11-21 05:00:00,1,-0.03032795,-0.0713182295355012,2025-11-14 05:00:00
NTRS,2025-11-21 05:00:00,1,-0.03032795,-0.0458965730937797,2025-11-14 05:00:00
NUE,2025-11-21 05:00:00,1,-0.03032795,-0.0896326463543324,2025-11-14 05:00:00
NVDA,2025-11-21 05:00:00,1,-0.03032795,-0.0193531519678482,2025-11-14 05:00:00
NVR,2025-11-21 05:00:00,1,-0.03032795,-0.2355158532899903,2025-11-14 05:00:00
NWS,2025-11-21 05:00:00,1,-0.03032795,-0.4951193370941251,2025-11-14 05:00:00
NWSA,2025-11-21 05:00:00,1,-0.03032795,-0.3503331241348766,2025-11-14 05:00:00
NXPI,2025-11-21 05:00:00,1,-0.03032795,-0.3896057728316269,2025-11-14 05:00:00
O,2025-11-21 05:00:00,1,-0.03032795,-0.0154657919795752,2025-11-14 05:00:00
ODFL,2025-11-21 05:00:00,1,-0.03032795,-0.4806410759480471,2025-11-14 05:00:00
OKE,2025-11-21 05:00:00,1,-0.03032795,-0.2381549946750747,2025-11-14 05:00:00
OMC,2025-11-21 05:00:00,1,-0.03032795,-0.2605451652977043,2025-11-14 05:00:00
ON,2025-11-21 05:00:00,1,-0.03032795,-0.279314083366469,2025-11-14 05:00:00
ORCL,2025-11-21 05:00:00,1,-0.03032795,-0.1777601593924905,2025-11-14 05:00:00
ORLY,2025-11-21 05:00:00,1,-0.03032795,-0.0466685721262066,2025-11-14 05:00:00
OTIS,2025-11-21 05:00:00,1,-0.03032795,0.1472021635747849,2025-11-14 05:00:00
OXY,2025-11-21 05:00:00,1,-0.03032795,-0.2449071102851754,2025-11-14 05:00:00
PANW,2025-11-21 05:00:00,1,-0.03032795,0.138691273939415,2025-11-14 05:00:00
PAYC,2025-11-21 05:00:00,1,-0.03032795,-0.5897954616436862,2025-11-14 05:00:00
PAYX,2025-11-21 05:00:00,1,-0.03032795,-0.8433394500420848,2025-11-14 05:00:00
PCAR,2025-11-21 05:00:00,1,-0.03032795,-0.1454940284941621,2025-11-14 05:00:00
PCG,2025-11-21 05:00:00,1,-0.03032795,0.3071293693777673,2025-11-14 05:00:00
PEG,2025-11-21 05:00:00,1,-0.03032795,-0.03319100569119,2025-11-14 05:00:00
PEP,2025-11-21 05:00:00,1,-0.03032795,-0.1072564912774263,2025-11-14 05:00:00
PFE,2025-11-21 05:00:00,1,-0.03032795,0.0120826209887657,2025-11-14 05:00:00
PFG,2025-11-21 05:00:00,1,-0.03032795,0.2195942014450325,2025-11-14 05:00:00
PG,2025-11-21 05:00:00,1,-0.03032795,-0.2297361175785174,2025-11-14 05:00:00
PGR,2025-11-21 05:00:00,1,-0.03032795,-0.1664195405219127,2025-11-14 05:00:00
PH,2025-11-21 05:00:00,1,-0.03032795,0.2128471983431189,2025-11-14 05:00:00
PHM,2025-11-21 05:00:00,1,-0.03032795,-0.1273362519470366,2025-11-14 05:00:00
PKG,2025-11-21 05:00:00,1,-0.03032795,-0.1705502523572388,2025-11-14 05:00:00
PLD,2025-11-21 05:00:00,1,-0.03032795,0.3026338977094037,2025-11-14 05:00:00
PLTR,2025-11-21 05:00:00,1,-0.03032795,0.0143584838668232,2025-11-14 05:00:00
PM,2025-11-21 05:00:00,1,-0.03032795,-0.0577670478062756,2025-11-14 05:00:00
PNC,2025-11-21 05:00:00,1,-0.03032795,-0.234562189052826,2025-11-14 05:00:00
PNR,2025-11-21 05:00:00,1,-0.03032795,-0.1230925144445169,2025-11-14 05:00:00
PNW,2025-11-21 05:00:00,1,-0.03032795,-0.0988023330314709,2025-11-14 05:00:00
PODD,2025-11-21 05:00:00,1,-0.03032795,0.0021313901196357,2025-11-14 05:00:00
POOL,2025-11-21 05:00:00,1,-0.03032795,-0.4551105850795304,2025-11-14 05:00:00
PPG,2025-11-21 05:00:00,1,-0.03032795,-0.3572464157303715,2025-11-14 05:00:00
PPL,2025-11-21 05:00:00,1,-0.03032795,0.0768017227329476,2025-11-14 05:00:00
PRU,2025-11-21 05:00:00,1,-0.03032795,-0.0430399566957693,2025-11-14 05:00:00
PSA,2025-11-21 05:00:00,1,-0.03032795,-0.1061725517815398,2025-11-14 05:00:00
PSKY,2025-11-21 05:00:00,1,-0.03032795,-0.0242715064838149,2025-11-14 05:00:00
PSX,2025-11-21 05:00:00,1,-0.03032795,0.1675693956913121,2025-11-14 05:00:00
PTC,2025-11-21 05:00:00,1,-0.03032795,-0.5479287685532923,2025-11-14 05:00:00
PWR,2025-11-21 05:00:00,1,-0.03032795,0.1881163498659432,2025-11-14 05:00:00
PYPL,2025-11-21 05:00:00,1,-0.03032795,-0.3895644356156197,2025-11-14 05:00:00
QCOM,2025-11-21 05:00:00,1,-0.03032795,0.1557255593677362,2025-11-14 05:00:00
RCL,2025-11-21 05:00:00,1,-0.03032795,-0.5474473627146651,2025-11-14 05:00:00
REG,2025-11-21 05:00:00,1,-0.03032795,-0.089716974142401,2025-11-14 05:00:00
REGN,2025-11-21 05:00:00,1,-0.03032795,0.2924237619229223,2025-11-14 05:00:00
RF,2025-11-21 05:00:00,1,-0.03032795,-0.186665917595667,2025-11-14 05:00:00
RJF,2025-11-21 05:00:00,1,-0.03032795,-0.1291485760317289,2025-11-14 05:00:00
RL,2025-11-21 05:00:00,1,-0.03032795,0.2374700440489315,2025-11-14 05:00:00
RMD,2025-11-21 05:00:00,1,-0.03032795,-0.3980251980739909,2025-11-14 05:00:00
ROK,2025-11-21 05:00:00,1,-0.03032795,0.1282235844026308,2025-11-14 05:00:00
ROL,2025-11-21 05:00:00,1,-0.03032795,0.091035431416765,2025-11-14 05:00:00
ROP,2025-11-21 05:00:00,1,-0.03032795,-0.593600629502716,2025-11-14 05:00:00
ROST,2025-11-21 05:00:00,1,-0.03032795,0.2212377170132601,2025-11-14 05:00:00
RSG,2025-11-21 05:00:00,1,-0.03032795,-0.3557591893825897,2025-11-14 05:00:00
RTX,2025-11-21 05:00:00,1,-0.03032795,0.1507576969196493,2025-11-14 05:00:00
RVTY,2025-11-21 05:00:00,1,-0.03032795,0.1071861139128036,2025-11-14 05:00:00
SBAC,2025-11-21 05:00:00,1,-0.03032795,-0.1159791815547699,2025-11-14 05:00:00
SBUX,2025-11-21 05:00:00,1,-0.03032795,-0.0353662704675515,2025-11-14 05:00:00
SCHW,2025-11-21 05:00:00,1,-0.03032795,-0.068231628354514,2025-11-14 05:00:00
SHW,2025-11-21 05:00:00,1,-0.03032795,-0.2253053033259297,2025-11-14 05:00:00
SJM,2025-11-21 05:00:00,1,-0.03032795,-0.0132106669521094,2025-11-14 05:00:00
SLB,2025-11-21 05:00:00,1,-0.03032795,0.0236028586200287,2025-11-14 05:00:00
SMCI,2025-11-21 05:00:00,1,-0.03032795,-0.2699915432802698,2025-11-14 05:00:00
SNA,2025-11-21 05:00:00,1,-0.03032795,-0.0336484833036942,2025-11-14 05:00:00
SNPS,2025-11-21 05:00:00,1,-0.03032795,-0.3165250155052924,2025-11-14 05:00:00
SO,2025-11-21 05:00:00,1,-0.03032795,-0.0506504548956792,2025-11-14 05:00:00
SOLV,2025-11-21 05:00:00,1,-0.03032795,0.109175184015891,2025-11-14 05:00:00
SPG,2025-11-21 05:00:00,1,-0.03032795,0.2439519223968022,2025-11-14 05:00:00
SPGI,2025-11-21 05:00:00,1,-0.03032795,-0.3079003323864418,2025-11-14 05:00:00
SRE,2025-11-21 05:00:00,1,-0.03032795,0.3719394712029749,2025-11-14 05:00:00
STE,2025-11-21 05:00:00,1,-0.03032795,0.1352145022640478,2025-11-14 05:00:00
STLD,2025-11-21 05:00:00,1,-0.03032795,0.2648517009440938,2025-11-14 05:00:00
STT,2025-11-21 05:00:00,1,-0.03032795,0.0656289304408895,2025-11-14 05:00:00
STX,2025-11-21 05:00:00,1,-0.03032795,0.2844230068092072,2025-11-14 05:00:00
STZ,2025-11-21 05:00:00,1,-0.03032795,-0.3756394347060203,2025-11-14 05:00:00
SW,2025-11-21 05:00:00,1,-0.03032795,-0.4479679083388598,2025-11-14 05:00:00
SWK,2025-11-21 05:00:00,1,-0.03032795,-0.1831785210542995,2025-11-14 05:00:00
SWKS,2025-11-21 05:00:00,1,-0.03032795,-0.1947649922794729,2025-11-14 05:00:00
SYF,2025-11-21 05:00:00,1,-0.03032795,-0.0155850969239456,2025-11-14 05:00:00
SYK,2025-11-21 05:00:00,1,-0.03032795,-0.0953099769646202,2025-11-14 05:00:00
SYY,2025-11-21 05:00:00,1,-0.03032795,-0.0878297966181425,2025-11-14 05:00:00
T,2025-11-21 05:00:00,1,-0.03032795,-0.0511641990657661,2025-11-14 05:00:00
TAP,2025-11-21 05:00:00,1,-0.03032795,-0.1259353217417081,2025-11-14 05:00:00
TDG,2025-11-21 05:00:00,1,-0.03032795,0.0728281995079319,2025-11-14 05:00:00
TDY,2025-11-21 05:00:00,1,-0.03032795,-0.2771255606848478,2025-11-14 05:00:00
TECH,2025-11-21 05:00:00,1,-0.03032795,0.0953831317902273,2025-11-14 05:00:00
TEL,2025-11-21 05:00:00,1,-0.03032795,0.2520149538877185,2025-11-14 05:00:00
TER,2025-11-21 05:00:00,1,-0.03032795,0.218579148437444,2025-11-14 05:00:00
TFC,2025-11-21 05:00:00,1,-0.03032795,-0.089284380177261,2025-11-14 05:00:00
TGT,2025-11-21 05:00:00,1,-0.03032795,-0.3155146648036052,2025-11-14 05:00:00
TJX,2025-11-21 05:00:00,1,-0.03032795,0.37014078725966,2025-11-14 05:00:00
TKO,2025-11-21 05:00:00,1,-0.03032795,-0.1472360589731404,2025-11-14 05:00:00
TMO,2025-11-21 05:00:00,1,-0.03032795,0.3047386204386211,2025-11-14 05:00:00
TMUS,2025-11-21 05:00:00,1,-0.03032795,-0.3076058090110243,2025-11-14 05:00:00
TPL,2025-11-21 05:00:00,1,-0.03032795,0.0840354503261888,2025-11-14 05:00:00
TPR,2025-11-21 05:00:00,1,-0.03032795,-0.081424930615087,2025-11-14 05:00:00
TRGP,2025-11-21 05:00:00,1,-0.03032795,0.0476693972169219,2025-11-14 05:00:00
TRMB,2025-11-21 05:00:00,1,-0.03032795,-0.3028190022273406,2025-11-14 05:00:00
TROW,2025-11-21 05:00:00,1,-0.03032795,-0.3997184868032844,2025-11-14 05:00:00
TRV,2025-11-21 05:00:00,1,-0.03032795,0.1948600478530765,2025-11-14 05:00:00
TSCO,2025-11-21 05:00:00,1,-0.03032795,-0.2975442435893934,2025-11-14 05:00:00
TSLA,2025-11-21 05:00:00,1,-0.03032795,0.0183609634593807,2025-11-14 05:00:00
TSN,2025-11-21 05:00:00,1,-0.03032795,-0.278839958341452,2025-11-14 05:00:00
TT,2025-11-21 05:00:00,1,-0.03032795,-0.1481695661860211,2025-11-14 05:00:00
TTD,2025-11-21 05:00:00,1,-0.03032795,-0.2659841664246098,2025-11-14 05:00:00
TTWO,2025-11-21 05:00:00,1,-0.03032795,0.0543173501575497,2025-11-14 05:00:00
TXN,2025-11-21 05:00:00,1,-0.03032795,-0.5344850316352148,2025-11-14 05:00:00
TXT,2025-11-21 05:00:00,1,-0.03032795,-0.0362227590709738,2025-11-14 05:00:00
TYL,2025-11-21 05:00:00,1,-0.03032795,-0.448156480716709,2025-11-14 05:00:00
UAL,2025-11-21 05:00:00,1,-0.03032795,-0.2275219342060622,2025-11-14 05:00:00
UBER,2025-11-21 05:00:00,1,-0.03032795,-0.2689814507140214,2025-11-14 05:00:00
UDR,2025-11-21 05:00:00,1,-0.03032795,-0.2197727519015671,2025-11-14 05:00:00
UHS,2025-11-21 05:00:00,1,-0.03032795,0.586060804719378,2025-11-14 05:00:00
ULTA,2025-11-21 05:00:00,1,-0.03032795,-0.0789917099467675,2025-11-14 05:00:00
UNH,2025-11-21 05:00:00,1,-0.03032795,0.1790425421062548,2025-11-14 05:00:00
UNP,2025-11-21 05:00:00,1,-0.03032795,-0.0791219718236808,2025-11-14 05:00:00
UPS,2025-11-21 05:00:00,1,-0.03032795,0.1735990720633422,2025-11-14 05:00:00
URI,2025-11-21 05:00:00,1,-0.03032795,-0.2729784823522471,2025-11-14 05:00:00
USB,2025-11-21 05:00:00,1,-0.03032795,-0.0284904098846011,2025-11-14 05:00:00
V,2025-11-21 05:00:00,1,-0.03032795,-0.1491029084522153,2025-11-14 05:00:00
VICI,2025-11-21 05:00:00,1,-0.03032795,-0.2039338250416062,2025-11-14 05:00:00
VLO,2025-11-21 05:00:00,1,-0.03032795,0.3113940573460977,2025-11-14 05:00:00
VLTO,2025-11-21 05:00:00,1,-0.03032795,-0.2586425459625081,2025-11-14 05:00:00
VMC,2025-11-21 05:00:00,1,-0.03032795,-0.1613397785165648,2025-11-14 05:00:00
VRSK,2025-11-21 05:00:00,1,-0.03032795,-0.4481190424531412,2025-11-14 05:00:00
VRSN,2025-11-21 05:00:00,1,-0.03032795,-0.1491532406332827,2025-11-14 05:00:00
VRTX,2025-11-21 05:00:00,1,-0.03032795,0.2626191707064524,2025-11-14 05:00:00
VST,2025-11-21 05:00:00,1,-0.03032795,-0.2270261535914212,2025-11-14 05:00:00
VTR,2025-11-21 05:00:00,1,-0.03032795,0.5163467891156717,2025-11-14 05:00:00
VTRS,2025-11-21 05:00:00,1,-0.03032795,0.0860921284328839,2025-11-14 05:00:00
VZ,2025-11-21 05:00:00,1,-0.03032795,-0.0120917448933237,2025-11-14 05:00:00
WAB,2025-11-21 05:00:00,1,-0.03032795,0.0717851701549608,2025-11-14 05:00:00
WAT,2025-11-21 05:00:00,1,-0.03032795,0.467505608864028,2025-11-14 05:00:00
WBD,2025-11-21 05:00:00,1,-0.03032795,0.3562363887404836,2025-11-14 05:00:00
WDAY,2025-11-21 05:00:00,1,-0.03032795,0.0405918401228051,2025-11-14 05:00:00
WDC,2025-11-21 05:00:00,1,-0.03032795,0.4647101247892838,2025-11-14 05:00:00
WEC,2025-11-21 05:00:00,1,-0.03032795,0.1731549823807368,2025-11-14 05:00:00
WELL,2025-11-21 05:00:00,1,-0.03032795,0.4213772094095154,2025-11-14 05:00:00
WFC,2025-11-21 05:00:00,1,-0.03032795,0.1716622109040257,2025-11-14 05:00:00
WM,2025-11-21 05:00:00,1,-0.03032795,-0.296841451682889,2025-11-14 05:00:00
WMB,2025-11-21 05:00:00,1,-0.03032795,0.1130085477591605,2025-11-14 05:00:00
WMT,2025-11-21 05:00:00,1,-0.03032795,0.1903460687979761,2025-11-14 05:00:00
WRB,2025-11-21 05:00:00,1,-0.03032795,0.2328095977823878,2025-11-14 05:00:00
WSM,2025-11-21 05:00:00,1,-0.03032795,-0.0725546911768883,2025-11-14 05:00:00
WST,2025-11-21 05:00:00,1,-0.03032795,0.1478297241738142,2025-11-14 05:00:00
WTW,2025-11-21 05:00:00,1,-0.03032795,-0.083599447262644,2025-11-14 05:00:00
WY,2025-11-21 05:00:00,1,-0.03032795,-0.4601315120944901,2025-11-14 05:00:00
WYNN,2025-11-21 05:00:00,1,-0.03032795,0.0361218116504352,2025-11-14 05:00:00
XEL,2025-11-21 05:00:00,1,-0.03032795,0.2098491334419441,2025-11-14 05:00:00
XOM,2025-11-21 05:00:00,1,-0.03032795,0.2250882233165156,2025-11-14 05:00:00
XYL,2025-11-21 05:00:00,1,-0.03032795,0.0743732610908428,2025-11-14 05:00:00
XYZ,2025-11-21 05:00:00,1,-0.03032795,-0.3891831928824389,2025-11-14 05:00:00
YUM,2025-11-21 05:00:00,1,-0.03032795,0.0806616014949818,2025-11-14 05:00:00
ZBH,2025-11-21 05:00:00,1,-0.03032795,-0.2483938151962178,2025-11-14 05:00:00
ZBRA,2025-11-21 05:00:00,1,-0.03032795,-0.4676343570622775,2025-11-14 05:00:00
ZTS,2025-11-21 05:00:00,1,-0.03032795,-0.3964080479013425,2025-11-14 05:00:00
A,2025-11-28 05:00:00,2,0.0029563527,0.3628956466639322,2025-11-14 05:00:00
AAPL,2025-11-28 05:00:00,2,0.0029563527,0.4549544681829668,2025-11-14 05:00:00
ABBV,2025-11-28 05:00:00,2,0.0029563527,0.3636564291672795,2025-11-14 05:00:00
ABNB,2025-11-28 05:00:00,2,0.0029563527,-0.1871703414977284,2025-11-14 05:00:00
ABT,2025-11-28 05:00:00,2,0.0029563527,0.0622993571978608,2025-11-14 05:00:00
ACGL,2025-11-28 05:00:00,2,0.0029563527,-0.0072738044438882,2025-11-14 05:00:00
ACN,2025-11-28 05:00:00,2,0.0029563527,-0.2730130312929993,2025-11-14 05:00:00
ADBE,2025-11-28 05:00:00,2,0.0029563527,-0.2079771045583132,2025-11-14 05:00:00
ADI,2025-11-28 05:00:00,2,0.0029563527,-0.1729136001718302,2025-11-14 05:00:00
ADM,2025-11-28 05:00:00,2,0.0029563527,-0.2164974113357676,2025-11-14 05:00:00
ADP,2025-11-28 05:00:00,2,0.0029563527,-0.6472246059235082,2025-11-14 05:00:00
ADSK,2025-11-28 05:00:00,2,0.0029563527,0.0240397287157634,2025-11-14 05:00:00
AEE,2025-11-28 05:00:00,2,0.0029563527,0.2012698180023851,2025-11-14 05:00:00
AEP,2025-11-28 05:00:00,2,0.0029563527,0.256129185068669,2025-11-14 05:00:00
AES,2025-11-28 05:00:00,2,0.0029563527,-0.0363198833760121,2025-11-14 05:00:00
AFL,2025-11-28 05:00:00,2,0.0029563527,0.2722812469168186,2025-11-14 05:00:00
AIG,2025-11-28 05:00:00,2,0.0029563527,-0.1540331323231766,2025-11-14 05:00:00
AIZ,2025-11-28 05:00:00,2,0.0029563527,0.2107562213303451,2025-11-14 05:00:00
AJG,2025-11-28 05:00:00,2,0.0029563527,-0.2671103743941286,2025-11-14 05:00:00
AKAM,2025-11-28 05:00:00,2,0.0029563527,0.214785828655724,2025-11-14 05:00:00
ALB,2025-11-28 05:00:00,2,0.004726598,0.3821862995998362,2025-11-14 05:00:00
ALGN,2025-11-28 05:00:00,2,0.0029563527,-0.2680875678660505,2025-11-14 05:00:00
ALL,2025-11-28 05:00:00,2,0.0029563527,0.140976871685381,2025-11-14 05:00:00
ALLE,2025-11-28 05:00:00,2,0.0029563527,-0.1025859427697816,2025-11-14 05:00:00
AMAT,2025-11-28 05:00:00,2,0.0029563527,0.2989926227438172,2025-11-14 05:00:00
AMCR,2025-11-28 05:00:00,2,0.0029563527,-0.069323743200022,2025-11-14 05:00:00
AMD,2025-11-28 05:00:00,2,0.0029563527,0.0013822107618483,2025-11-14 05:00:00
AME,2025-11-28 05:00:00,2,0.0029563527,0.0195745750020996,2025-11-14 05:00:00
AMGN,2025-11-28 05:00:00,2,0.0029563527,0.3103767835315777,2025-11-14 05:00:00
AMP,2025-11-28 05:00:00,2,0.0029563527,-0.3937649478166642,2025-11-14 05:00:00
AMT,2025-11-28 05:00:00,2,0.0029563527,-0.2872091904834708,2025-11-14 05:00:00
AMZN,2025-11-28 05:00:00,2,0.0029563527,-0.0755616801669138,2025-11-14 05:00:00
ANET,2025-11-28 05:00:00,2,0.004726598,-0.174474216273772,2025-11-14 05:00:00
AON,2025-11-28 05:00:00,2,0.0029563527,-0.1196479286651135,2025-11-14 05:00:00
AOS,2025-11-28 05:00:00,2,0.0029563527,-0.24625404111497,2025-11-14 05:00:00
APA,2025-11-28 05:00:00,2,0.0029563527,0.1469325217249281,2025-11-14 05:00:00
APD,2025-11-28 05:00:00,2,0.0029563527,-0.2559286320833062,2025-11-14 05:00:00
APH,2025-11-28 05:00:00,2,0.0029563527,0.3766096054104905,2025-11-14 05:00:00
APO,2025-11-28 05:00:00,2,0.0029563527,-0.1544836101373262,2025-11-14 05:00:00
APTV,2025-11-28 05:00:00,2,0.0029563527,0.0480363605934072,2025-11-14 05:00:00
ARE,2025-11-28 05:00:00,2,0.0029563527,-0.3499933268095815,2025-11-14 05:00:00
ATO,2025-11-28 05:00:00,2,0.0029563527,0.3113784699235786,2025-11-14 05:00:00
AVB,2025-11-28 05:00:00,2,0.0029563527,-0.1438169856536322,2025-11-14 05:00:00
AVGO,2025-11-28 05:00:00,2,0.0029563527,0.0494625530516285,2025-11-14 05:00:00
AVY,2025-11-28 05:00:00,2,0.0029563527,0.0216889025882564,2025-11-14 05:00:00
AWK,2025-11-28 05:00:00,2,0.0029563527,-0.1011782324248007,2025-11-14 05:00:00
AXON,2025-11-28 05:00:00,2,0.0029834998,-0.4106084865413034,2025-11-14 05:00:00
AXP,2025-11-28 05:00:00,2,0.0029563527,0.2750684478754654,2025-11-14 05:00:00
AZO,2025-11-28 05:00:00,2,0.0029563527,-0.1323445791533123,2025-11-14 05:00:00
BA,2025-11-28 05:00:00,2,0.0029563527,-0.4228782839607335,2025-11-14 05:00:00
BAC,2025-11-28 05:00:00,2,0.0029563527,0.2080518034455365,2025-11-14 05:00:00
BALL,2025-11-28 05:00:00,2,0.0029563527,-0.1182722691064765,2025-11-14 05:00:00
BAX,2025-11-28 05:00:00,2,0.0029563527,-0.2505715330857861,2025-11-14 05:00:00
BBY,2025-11-28 05:00:00,2,0.0029563527,-0.025344310565635,2025-11-14 05:00:00
BDX,2025-11-28 05:00:00,2,0.0029563527,-0.0264024522372994,2025-11-14 05:00:00
BEN,2025-11-28 05:00:00,2,0.0029563527,-0.4122678299442824,2025-11-14 05:00:00
BG,2025-11-28 05:00:00,2,0.0029563527,0.1257342721751644,2025-11-14 05:00:00
BIIB,2025-11-28 05:00:00,2,0.0029563527,0.2519854381502777,2025-11-14 05:00:00
BK,2025-11-28 05:00:00,2,0.0029563527,0.3182743761084259,2025-11-14 05:00:00
BKNG,2025-11-28 05:00:00,2,0.0029563527,-0.5502780919931333,2025-11-14 05:00:00
BKR,2025-11-28 05:00:00,2,0.0029563527,0.0505533574519701,2025-11-14 05:00:00
BLDR,2025-11-28 05:00:00,2,0.0029563527,-0.3664551419138562,2025-11-14 05:00:00
BLK,2025-11-28 05:00:00,2,0.0029563527,-0.328900723710535,2025-11-14 05:00:00
BMY,2025-11-28 05:00:00,2,0.0029563527,0.1316782992235913,2025-11-14 05:00:00
BR,2025-11-28 05:00:00,2,0.0029563527,-0.4798560393098453,2025-11-14 05:00:00
BRO,2025-11-28 05:00:00,2,0.0029563527,-0.292316973382802,2025-11-14 05:00:00
BSX,2025-11-28 05:00:00,2,0.0029563527,-0.0218538460795851,2025-11-14 05:00:00
BX,2025-11-28 05:00:00,2,0.0029563527,-0.3798553282472933,2025-11-14 05:00:00
BXP,2025-11-28 05:00:00,2,0.0029563527,0.1554489987866977,2025-11-14 05:00:00
C,2025-11-28 05:00:00,2,0.0029563527,0.0807924648938423,2025-11-14 05:00:00
CAG,2025-11-28 05:00:00,2,0.0029563527,-0.3477067122689182,2025-11-14 05:00:00
CAH,2025-11-28 05:00:00,2,0.0029563527,0.6388781686485808,2025-11-14 05:00:00
CARR,2025-11-28 05:00:00,2,0.0029563527,-0.6446672481686971,2025-11-14 05:00:00
CAT,2025-11-28 05:00:00,2,0.0029563527,0.3825420184720848,2025-11-14 05:00:00
CB,2025-11-28 05:00:00,2,0.0029563527,0.2581639730012525,2025-11-14 05:00:00
CBOE,2025-11-28 05:00:00,2,0.0029563527,0.1473881749646373,2025-11-14 05:00:00
CBRE,2025-11-28 05:00:00,2,0.0029563527,-0.1066842954346938,2025-11-14 05:00:00
CCI,2025-11-28 05:00:00,2,0.0029563527,-0.1110396530765288,2025-11-14 05:00:00
CCL,2025-11-28 05:00:00,2,0.0029563527,-0.4429288888602722,2025-11-14 05:00:00
CDNS,2025-11-28 05:00:00,2,0.0029563527,-0.2455505533358213,2025-11-14 05:00:00
CDW,2025-11-28 05:00:00,2,0.0029563527,-0.2519197434849595,2025-11-14 05:00:00
CEG,2025-11-28 05:00:00,2,0.0029563527,-0.0502668706301392,2025-11-14 05:00:00
CF,2025-11-28 05:00:00,2,0.0029563527,-0.1347901057805011,2025-11-14 05:00:00
CFG,2025-11-28 05:00:00,2,0.0029563527,0.0086589271684149,2025-11-14 05:00:00
CHD,2025-11-28 05:00:00,2,0.0029563527,-0.273962528000798,2025-11-14 05:00:00
CHRW,2025-11-28 05:00:00,2,0.0029563527,0.2627449555244271,2025-11-14 05:00:00
CHTR,2025-11-28 05:00:00,2,0.0029563527,-0.5692306996561793,2025-11-14 05:00:00
CI,2025-11-28 05:00:00,2,0.0029563527,-0.0613283642799538,2025-11-14 05:00:00
CINF,2025-11-28 05:00:00,2,0.0029563527,0.2108079523601912,2025-11-14 05:00:00
CL,2025-11-28 05:00:00,2,0.0029563527,-0.2535821070728323,2025-11-14 05:00:00
CLX,2025-11-28 05:00:00,2,0.0029563527,-0.362682127946061,2025-11-14 05:00:00
CMCSA,2025-11-28 05:00:00,2,0.0029563527,-0.3965276838051992,2025-11-14 05:00:00
CME,2025-11-28 05:00:00,2,0.0029563527,0.3009838895619032,2025-11-14 05:00:00
CMG,2025-11-28 05:00:00,2,0.0029563527,-0.3461803773242506,2025-11-14 05:00:00
CMI,2025-11-28 05:00:00,2,0.0029563527,0.2856934715326187,2025-11-14 05:00:00
CMS,2025-11-28 05:00:00,2,0.0029563527,0.3304312249762132,2025-11-14 05:00:00
CNC,2025-11-28 05:00:00,2,0.0035152806,0.3404289636445092,2025-11-14 05:00:00
CNP,2025-11-28 05:00:00,2,0.0029563527,0.2453287833686958,2025-11-14 05:00:00
COF,2025-11-28 05:00:00,2,0.0029563527,-0.1067295149528836,2025-11-14 05:00:00
COIN,2025-11-28 05:00:00,2,0.004726598,-0.1453409850355559,2025-11-14 05:00:00
COO,2025-11-28 05:00:00,2,0.0029563527,-0.2057033235516228,2025-11-14 05:00:00
COP,2025-11-28 05:00:00,2,0.0029563527,-0.1770022170062969,2025-11-14 05:00:00
COR,2025-11-28 05:00:00,2,0.0029563527,0.7007779847223152,2025-11-14 05:00:00
COST,2025-11-28 05:00:00,2,0.0029563527,-0.0708166565536659,2025-11-14 05:00:00
CPAY,2025-11-28 05:00:00,2,0.0029563527,-0.3675379047862643,2025-11-14 05:00:00
CPB,2025-11-28 05:00:00,2,0.0029563527,-0.0604122663690814,2025-11-14 05:00:00
CPRT,2025-11-28 05:00:00,2,0.0029563527,-0.515665850912754,2025-11-14 05:00:00
CPT,2025-11-28 05:00:00,2,0.0029563527,-0.0817715381080566,2025-11-14 05:00:00
CRL,2025-11-28 05:00:00,2,0.0035152806,0.0905834224152061,2025-11-14 05:00:00
CRM,2025-11-28 05:00:00,2,0.0029563527,-0.1084354447454155,2025-11-14 05:00:00
CRWD,2025-11-28 05:00:00,2,0.0029563527,0.2876269870497362,2025-11-14 05:00:00
CSCO,2025-11-28 05:00:00,2,0.0029563527,0.3210467965961932,2025-11-14 05:00:00
CSGP,2025-11-28 05:00:00,2,0.0029563527,-0.4497679480655374,2025-11-14 05:00:00
CSX,2025-11-28 05:00:00,2,0.0029563527,-0.0407518394653648,2025-11-14 05:00:00
CTAS,2025-11-28 05:00:00,2,0.0029563527,-0.3348980927169945,2025-11-14 05:00:00
CTRA,2025-11-28 05:00:00,2,0.0029563527,0.1613848703342393,2025-11-14 05:00:00
CTSH,2025-11-28 05:00:00,2,0.0029563527,0.0305299277240057,2025-11-14 05:00:00
CTVA,2025-11-28 05:00:00,2,0.0029563527,-0.2145665320014767,2025-11-14 05:00:00
CVS,2025-11-28 05:00:00,2,0.0029563527,0.564779781077684,2025-11-14 05:00:00
CVX,2025-11-28 05:00:00,2,0.0029563527,-0.061613356743659,2025-11-14 05:00:00
CZR,2025-11-28 05:00:00,2,0.0029563527,-0.3608632573733664,2025-11-14 05:00:00
D,2025-11-28 05:00:00,2,0.0029563527,0.085973407938768,2025-11-14 05:00:00
DAL,2025-11-28 05:00:00,2,0.0029563527,-0.1508006958155285,2025-11-14 05:00:00
DASH,2025-11-28 05:00:00,2,0.0029563527,-0.3845125616471455,2025-11-14 05:00:00
DAY,2025-11-28 05:00:00,2,0.0029563527,-0.0261740927056501,2025-11-14 05:00:00
DD,2025-11-28 05:00:00,2,0.0029563527,0.3305761807031999,2025-11-14 05:00:00
DDOG,2025-11-28 05:00:00,2,0.0029563527,0.4490288226011202,2025-11-14 05:00:00
DE,2025-11-28 05:00:00,2,0.0029563527,-0.2014058248190563,2025-11-14 05:00:00
DECK,2025-11-28 05:00:00,2,0.0029563527,-0.3778074506379167,2025-11-14 05:00:00
DELL,2025-11-28 05:00:00,2,0.0029563527,-0.1111450406337145,2025-11-14 05:00:00
DG,2025-11-28 05:00:00,2,0.0029563527,-0.1703425992879158,2025-11-14 05:00:00
DGX,2025-11-28 05:00:00,2,0.0029563527,0.2468428438957667,2025-11-14 05:00:00
DHI,2025-11-28 05:00:00,2,0.0029563527,-0.1977374189313972,2025-11-14 05:00:00
DHR,2025-11-28 05:00:00,2,0.0029563527,0.1345370271054476,2025-11-14 05:00:00
DIS,2025-11-28 05:00:00,2,0.0029563527,-0.4684799185973609,2025-11-14 05:00:00
DLR,2025-11-28 05:00:00,2,0.0029563527,-0.0791018152313136,2025-11-14 05:00:00
DLTR,2025-11-28 05:00:00,2,0.0029563527,-0.1902561992924366,2025-11-14 05:00:00
DOC,2025-11-28 05:00:00,2,0.0029563527,0.0308020387249756,2025-11-14 05:00:00
DOV,2025-11-28 05:00:00,2,0.0029563527,-0.1065877264112418,2025-11-14 05:00:00
DOW,2025-11-28 05:00:00,2,0.0029563527,-0.0844003957680212,2025-11-14 05:00:00
DPZ,2025-11-28 05:00:00,2,0.0029563527,-0.2691171824942053,2025-11-14 05:00:00
DRI,2025-11-28 05:00:00,2,0.0029563527,-0.3307608449374809,2025-11-14 05:00:00
DTE,2025-11-28 05:00:00,2,0.0029563527,-0.0077180711656002,2025-11-14 05:00:00
DUK,2025-11-28 05:00:00,2,0.0029563527,0.0895373362454057,2025-11-14 05:00:00
DVA,2025-11-28 05:00:00,2,0.0029563527,-0.1869434146374664,2025-11-14 05:00:00
DVN,2025-11-28 05:00:00,2,0.0029563527,-0.0248765001153767,2025-11-14 05:00:00
DXCM,2025-11-28 05:00:00,2,0.004726598,-0.3203354686233522,2025-11-14 05:00:00
EA,2025-11-28 05:00:00,2,0.0029563527,0.3097168950673699,2025-11-14 05:00:00
EBAY,2025-11-28 05:00:00,2,0.0029563527,-0.1899770097783032,2025-11-14 05:00:00
ECL,2025-11-28 05:00:00,2,0.0029563527,-0.2387175874467072,2025-11-14 05:00:00
ED,2025-11-28 05:00:00,2,0.0029563527,0.0680140556410931,2025-11-14 05:00:00
EFX,2025-11-28 05:00:00,2,0.0029563527,-0.3980175462691591,2025-11-14 05:00:00
EG,2025-11-28 05:00:00,2,0.0029563527,-0.0255669483410184,2025-11-14 05:00:00
EIX,2025-11-28 05:00:00,2,0.0029563527,0.230131672160857,2025-11-14 05:00:00
EL,2025-11-28 05:00:00,2,0.0029563527,-0.1897070103338585,2025-11-14 05:00:00
ELV,2025-11-28 05:00:00,2,0.0029563527,0.1458310883270961,2025-11-14 05:00:00
EMN,2025-11-28 05:00:00,2,0.0029563527,-0.232083859046394,2025-11-14 05:00:00
EMR,2025-11-28 05:00:00,2,0.0029563527,-0.1566914376673365,2025-11-14 05:00:00
ENPH,2025-11-28 05:00:00,2,0.004726598,-0.37488931432347,2025-11-14 05:00:00
EOG,2025-11-28 05:00:00,2,0.0029563527,-0.2926783702260247,2025-11-14 05:00:00
EPAM,2025-11-28 05:00:00,2,0.0029563527,0.0519179513330684,2025-11-14 05:00:00
EQIX,2025-11-28 05:00:00,2,0.0029563527,0.0554257610476112,2025-11-14 05:00:00
EQR,2025-11-28 05:00:00,2,0.0029563527,-0.193133400134649,2025-11-14 05:00:00
EQT,2025-11-28 05:00:00,2,0.0029563527,0.2145769245403636,2025-11-14 05:00:00
ERIE,2025-11-28 05:00:00,2,0.0029563527,-0.5073234799365656,2025-11-14 05:00:00
ES,2025-11-28 05:00:00,2,0.0029563527,0.7725290199071412,2025-11-14 05:00:00
ESS,2025-11-28 05:00:00,2,0.0029563527,0.0462579678651171,2025-11-14 05:00:00
ETN,2025-11-28 05:00:00,2,0.0029563527,-0.1949409310909997,2025-11-14 05:00:00
ETR,2025-11-28 05:00:00,2,0.0029563527,0.2383438207175731,2025-11-14 05:00:00
EVRG,2025-11-28 05:00:00,2,0.0029563527,0.2488352029218149,2025-11-14 05:00:00
EW,2025-11-28 05:00:00,2,0.0029563527,0.1826943337208795,2025-11-14 05:00:00
EXC,2025-11-28 05:00:00,2,0.0029563527,0.1304017072734688,2025-11-14 05:00:00
EXE,2025-11-28 05:00:00,2,0.0029563527,0.3504920420407681,2025-11-14 05:00:00
EXPD,2025-11-28 05:00:00,2,0.0029563527,0.2560806674085086,2025-11-14 05:00:00
EXPE,2025-11-28 05:00:00,2,0.0029563527,0.3355109785106761,2025-11-14 05:00:00
EXR,2025-11-28 05:00:00,2,0.0029563527,-0.0534937268561879,2025-11-14 05:00:00
F,2025-11-28 05:00:00,2,0.0029563527,0.1979646348716374,2025-11-14 05:00:00
FANG,2025-11-28 05:00:00,2,0.0029563527,-0.0182310980397827,2025-11-14 05:00:00
FAST,2025-11-28 05:00:00,2,0.0029563527,-0.6616784988757894,2025-11-14 05:00:00
FCX,2025-11-28 05:00:00,2,0.0029563527,-0.1722524309050328,2025-11-14 05:00:00
FDS,2025-11-28 05:00:00,2,0.0029563527,-0.4129573599160263,2025-11-14 05:00:00
FDX,2025-11-28 05:00:00,2,0.0029563527,0.3054235006925887,2025-11-14 05:00:00
FE,2025-11-28 05:00:00,2,0.0029563527,0.3184016545453776,2025-11-14 05:00:00
FFIV,2025-11-28 05:00:00,2,0.0029563527,-0.4210861496047587,2025-11-14 05:00:00
FI,2025-11-28 05:00:00,2,0.004726598,-0.3783588562146641,2025-11-14 05:00:00
FICO,2025-11-28 05:00:00,2,0.0029563527,0.239911523642566,2025-11-14 05:00:00
FIS,2025-11-28 05:00:00,2,0.0029563527,-0.1854849407133767,2025-11-14 05:00:00
FITB,2025-11-28 05:00:00,2,0.0029563527,-0.1201510931400482,2025-11-14 05:00:00
FOX,2025-11-28 05:00:00,2,0.0029563527,0.1353567657428007,2025-11-14 05:00:00
FOXA,2025-11-28 05:00:00,2,0.0029563527,0.1431727993424941,2025-11-14 05:00:00
FRT,2025-11-28 05:00:00,2,0.0029563527,0.1138811463975775,2025-11-14 05:00:00
FSLR,2025-11-28 05:00:00,2,0.0029563527,0.3968310073708393,2025-11-14 05:00:00
FTNT,2025-11-28 05:00:00,2,0.0029563527,0.0814712687880093,2025-11-14 05:00:00
FTV,2025-11-28 05:00:00,2,0.0029563527,0.2060956989999058,2025-11-14 05:00:00
GD,2025-11-28 05:00:00,2,0.0029563527,0.2070665481424876,2025-11-14 05:00:00
GDDY,2025-11-28 05:00:00,2,0.0029563527,-0.5241256083458329,2025-11-14 05:00:00
GE,2025-11-28 05:00:00,2,0.0029563527,0.3065791408625534,2025-11-14 05:00:00
GEHC,2025-11-28 05:00:00,2,0.0029563527,-0.072896155135626,2025-11-14 05:00:00
GEN,2025-11-28 05:00:00,2,0.0029563527,-0.4807229318413151,2025-11-14 05:00:00
GEV,2025-11-28 05:00:00,2,0.0029563527,-0.5293813637214615,2025-11-14 05:00:00
GILD,2025-11-28 05:00:00,2,0.0029563527,0.2615531451532077,2025-11-14 05:00:00
GIS,2025-11-28 05:00:00,2,0.0029563527,-0.1940328038880326,2025-11-14 05:00:00
GL,2025-11-28 05:00:00,2,0.0029563527,-0.1567079628016904,2025-11-14 05:00:00
GLW,2025-11-28 05:00:00,2,0.0029563527,0.2693001044520278,2025-11-14 05:00:00
GM,2025-11-28 05:00:00,2,0.0029563527,0.3101370578296736,2025-11-14 05:00:00
GNRC,2025-11-28 05:00:00,2,0.0029563527,-0.3596329782786797,2025-11-14 05:00:00
GOOG,2025-11-28 05:00:00,2,0.0029563527,0.4629312172364457,2025-11-14 05:00:00
GOOGL,2025-11-28 05:00:00,2,0.0029563527,0.4493959277807005,2025-11-14 05:00:00
GPC,2025-11-28 05:00:00,2,0.0029563527,-0.2625814506182292,2025-11-14 05:00:00
GPN,2025-11-28 05:00:00,2,0.0029563527,-0.3807713776311432,2025-11-14 05:00:00
GRMN,2025-11-28 05:00:00,2,0.0029563527,-0.295379366817168,2025-11-14 05:00:00
GS,2025-11-28 05:00:00,2,0.0029563527,0.1375345546835694,2025-11-14 05:00:00
GWW,2025-11-28 05:00:00,2,0.0029563527,-0.4059284217468016,2025-11-14 05:00:00
HAL,2025-11-28 05:00:00,2,0.0029563527,0.2295678683845378,2025-11-14 05:00:00
HAS,2025-11-28 05:00:00,2,0.0029563527,-0.1483845940553625,2025-11-14 05:00:00
HBAN,2025-11-28 05:00:00,2,0.0029563527,-0.2029171091251627,2025-11-14 05:00:00
HCA,2025-11-28 05:00:00,2,0.0029563527,0.6487785997788916,2025-11-14 05:00:00
HD,2025-11-28 05:00:00,2,0.0029563527,-0.2702187364262851,2025-11-14 05:00:00
HIG,2025-11-28 05:00:00,2,0.0029563527,0.0721570418118646,2025-11-14 05:00:00
HII,2025-11-28 05:00:00,2,0.0029563527,0.3709276468631017,2025-11-14 05:00:00
HLT,2025-11-28 05:00:00,2,0.0029563527,-0.0475337091230631,2025-11-14 05:00:00
HOLX,2025-11-28 05:00:00,2,0.0029563527,0.2100383296247481,2025-11-14 05:00:00
HON,2025-11-28 05:00:00,2,0.0029563527,-0.2321157357269662,2025-11-14 05:00:00
HPE,2025-11-28 05:00:00,2,0.0029563527,-0.1068154024389414,2025-11-14 05:00:00
HPQ,2025-11-28 05:00:00,2,0.0029563527,-0.259088951540625,2025-11-14 05:00:00
HRL,2025-11-28 05:00:00,2,0.0029563527,-0.3797504260768706,2025-11-14 05:00:00
HSIC,2025-11-28 05:00:00,2,0.0029563527,0.0812197078260276,2025-11-14 05:00:00
HST,2025-11-28 05:00:00,2,0.0029563527,0.0572715161126269,2025-11-14 05:00:00
HSY,2025-11-28 05:00:00,2,0.0029563527,0.0416082297084531,2025-11-14 05:00:00
HUBB,2025-11-28 05:00:00,2,0.0029563527,-0.1437237513563881,2025-11-14 05:00:00
HUM,2025-11-28 05:00:00,2,0.0029563527,-0.2558579981775694,2025-11-14 05:00:00
HWM,2025-11-28 05:00:00,2,0.0029563527,0.3262169383583091,2025-11-14 05:00:00
IBM,2025-11-28 05:00:00,2,0.0029563527,0.5260824640283686,2025-11-14 05:00:00
ICE,2025-11-28 05:00:00,2,0.0029563527,-0.4150288230831129,2025-11-14 05:00:00
IDXX,2025-11-28 05:00:00,2,0.0029563527,-0.0616221765702878,2025-11-14 05:00:00
IEX,2025-11-28 05:00:00,2,0.0029563527,-0.1100517072250007,2025-11-14 05:00:00
IFF,2025-11-28 05:00:00,2,0.0029563527,-0.0044065793319002,2025-11-14 05:00:00
INCY,2025-11-28 05:00:00,2,0.0029563527,0.3229155348254637,2025-11-14 05:00:00
INTC,2025-11-28 05:00:00,2,0.004726598,0.3328475303809074,2025-11-14 05:00:00
INTU,2025-11-28 05:00:00,2,0.0029563527,-0.0003465549743162,2025-11-14 05:00:00
INVH,2025-11-28 05:00:00,2,0.0029563527,-0.3011764929011723,2025-11-14 05:00:00
IP,2025-11-28 05:00:00,2,0.0029563527,-0.2037481501395664,2025-11-14 05:00:00
IPG,2025-11-28 05:00:00,2,0.0029563527,-0.2226874776639472,2025-11-14 05:00:00
IQV,2025-11-28 05:00:00,2,0.0029563527,0.2854392576524431,2025-11-14 05:00:00
IR,2025-11-28 05:00:00,2,0.0029563527,-0.1654256708501259,2025-11-14 05:00:00
IRM,2025-11-28 05:00:00,2,0.0029563527,-0.0378217236042384,2025-11-14 05:00:00
ISRG,2025-11-28 05:00:00,2,0.0029563527,0.21303114300249,2025-11-14 05:00:00
IT,2025-11-28 05:00:00,2,0.0029563527,-0.2377817060759271,2025-11-14 05:00:00
ITW,2025-11-28 05:00:00,2,0.0029563527,-0.4338981084508339,2025-11-14 05:00:00
IVZ,2025-11-28 05:00:00,2,0.0029563527,0.2126796902905249,2025-11-14 05:00:00
J,2025-11-28 05:00:00,2,0.0029563527,-0.0083196919079848,2025-11-14 05:00:00
JBHT,2025-11-28 05:00:00,2,0.0029563527,0.1423999722481137,2025-11-14 05:00:00
JBL,2025-11-28 05:00:00,2,0.0029563527,-0.2036025144855415,2025-11-14 05:00:00
JCI,2025-11-28 05:00:00,2,0.0029563527,0.2588815424037398,2025-11-14 05:00:00
JKHY,2025-11-28 05:00:00,2,0.0029563527,0.0181815712696215,2025-11-14 05:00:00
JNJ,2025-11-28 05:00:00,2,0.0029563527,0.4193401037607335,2025-11-14 05:00:00
JPM,2025-11-28 05:00:00,2,0.0029563527,0.1154283861594093,2025-11-14 05:00:00
K,2025-11-28 05:00:00,2,0.0029563527,0.0962113147696328,2025-11-14 05:00:00
KDP,2025-11-28 05:00:00,2,0.0029563527,-0.3772826200672763,2025-11-14 05:00:00
KEY,2025-11-28 05:00:00,2,0.0029563527,-0.1973293373278853,2025-11-14 05:00:00
KEYS,2025-11-28 05:00:00,2,0.0029563527,0.0928754629176453,2025-11-14 05:00:00
KHC,2025-11-28 05:00:00,2,0.0029563527,-0.3450648667119772,2025-11-14 05:00:00
KIM,2025-11-28 05:00:00,2,0.0029563527,-0.117383221906831,2025-11-14 05:00:00
KKR,2025-11-28 05:00:00,2,0.0029563527,-0.366115755103384,2025-11-14 05:00:00
KLAC,2025-11-28 05:00:00,2,0.0029563527,0.2894708864550172,2025-11-14 05:00:00
KMB,2025-11-28 05:00:00,2,0.0029563527,-0.4598306771654926,2025-11-14 05:00:00
KMI,2025-11-28 05:00:00,2,0.0029563527,0.0114330452117522,2025-11-14 05:00:00
KMX,2025-11-28 05:00:00,2,0.004726598,-0.4075643051696292,2025-11-14 05:00:00
KO,2025-11-28 05:00:00,2,0.0029563527,0.236830031071595,2025-11-14 05:00:00
KR,2025-11-28 05:00:00,2,0.0029563527,-0.0690188389897832,2025-11-14 05:00:00
KVUE,2025-11-28 05:00:00,2,0.0029563527,-0.6834515793527219,2025-11-14 05:00:00
L,2025-11-28 05:00:00,2,0.0029563527,0.4031829249747476,2025-11-14 05:00:00
LDOS,2025-11-28 05:00:00,2,0.0029563527,0.1663214524083937,2025-11-14 05:00:00
LEN,2025-11-28 05:00:00,2,0.0029563527,-0.095739573045231,2025-11-14 05:00:00
LH,2025-11-28 05:00:00,2,0.0029563527,-0.0180561199067459,2025-11-14 05:00:00
LHX,2025-11-28 05:00:00,2,0.0029563527,0.1378826023054475,2025-11-14 05:00:00
LII,2025-11-28 05:00:00,2,0.0029563527,-0.4515140047790909,2025-11-14 05:00:00
LIN,2025-11-28 05:00:00,2,0.0029563527,-0.4586664391825331,2025-11-14 05:00:00
LKQ,2025-11-28 05:00:00,2,0.0029563527,0.0122261652513339,2025-11-14 05:00:00
LLY,2025-11-28 05:00:00,2,0.0029563527,0.5648434902793873,2025-11-14 05:00:00
LMT,2025-11-28 05:00:00,2,0.0029563527,0.0521892898050877,2025-11-14 05:00:00
LNT,2025-11-28 05:00:00,2,0.0029563527,0.1599304386814593,2025-11-14 05:00:00
LOW,2025-11-28 05:00:00,2,0.0029563527,-0.2503075121977081,2025-11-14 05:00:00
LRCX,2025-11-28 05:00:00,2,0.0029563527,0.2996366786469835,2025-11-14 05:00:00
LULU,2025-11-28 05:00:00,2,0.0029563527,-0.3524734294563306,2025-11-14 05:00:00
LUV,2025-11-28 05:00:00,2,0.0029563527,0.0377983877406724,2025-11-14 05:00:00
LVS,2025-11-28 05:00:00,2,0.0029563527,0.1575985984778163,2025-11-14 05:00:00
LW,2025-11-28 05:00:00,2,0.0029563527,0.0463372196525099,2025-11-14 05:00:00
LYB,2025-11-28 05:00:00,2,0.0029563527,-0.4260861868411388,2025-11-14 05:00:00
LYV,2025-11-28 05:00:00,2,0.0029563527,-0.4492229605439093,2025-11-14 05:00:00
MA,2025-11-28 05:00:00,2,0.0029563527,-0.2658845123745802,2025-11-14 05:00:00
MAA,2025-11-28 05:00:00,2,0.0029563527,-0.1453865534574752,2025-11-14 05:00:00
MAR,2025-11-28 05:00:00,2,0.0029563527,0.0774510922549258,2025-11-14 05:00:00
MAS,2025-11-28 05:00:00,2,0.0029563527,-0.4579614570493049,2025-11-14 05:00:00
MCD,2025-11-28 05:00:00,2,0.0029563527,0.0302164570363139,2025-11-14 05:00:00
MCHP,2025-11-28 05:00:00,2,0.0029563527,-0.4989346219610472,2025-11-14 05:00:00
MCK,2025-11-28 05:00:00,2,0.0029563527,0.6056830603114581,2025-11-14 05:00:00
MCO,2025-11-28 05:00:00,2,0.0029563527,-0.1744186989175727,2025-11-14 05:00:00
MDLZ,2025-11-28 05:00:00,2,0.0029563527,-0.2662996162216998,2025-11-14 05:00:00
MDT,2025-11-28 05:00:00,2,0.0029563527,0.1601373463966287,2025-11-14 05:00:00
MET,2025-11-28 05:00:00,2,0.0029563527,-0.0588016373821828,2025-11-14 05:00:00
META,2025-11-28 05:00:00,2,0.0029563527,-0.4350098442893224,2025-11-14 05:00:00
MGM,2025-11-28 05:00:00,2,0.0029563527,-0.3260956199522475,2025-11-14 05:00:00
MHK,2025-11-28 05:00:00,2,0.0029563527,-0.3157760597827758,2025-11-14 05:00:00
MKC,2025-11-28 05:00:00,2,0.0029563527,-0.1455204045418659,2025-11-14 05:00:00
MKTX,2025-11-28 05:00:00,2,0.0029563527,-0.2203997762295191,2025-11-14 05:00:00
MLM,2025-11-28 05:00:00,2,0.0029563527,-0.0596529122449261,2025-11-14 05:00:00
MMC,2025-11-28 05:00:00,2,0.0029563527,-0.2406947693282247,2025-11-14 05:00:00
MMM,2025-11-28 05:00:00,2,0.0029563527,0.1696137560353859,2025-11-14 05:00:00
MNST,2025-11-28 05:00:00,2,0.0029563527,0.3904538185126633,2025-11-14 05:00:00
MO,2025-11-28 05:00:00,2,0.0029563527,-0.2088282178602388,2025-11-14 05:00:00
MOH,2025-11-28 05:00:00,2,0.0029563527,-0.215964557853978,2025-11-14 05:00:00
MOS,2025-11-28 05:00:00,2,0.0029563527,-0.3956295227163994,2025-11-14 05:00:00
MPC,2025-11-28 05:00:00,2,0.0029563527,0.2776959988321787,2025-11-14 05:00:00
MPWR,2025-11-28 05:00:00,2,0.0029563527,-0.0889070085518486,2025-11-14 05:00:00
MRK,2025-11-28 05:00:00,2,0.0029563527,0.1385415978151213,2025-11-14 05:00:00
MRNA,2025-11-28 05:00:00,2,0.004726598,-0.0988362003536435,2025-11-14 05:00:00
MS,2025-11-28 05:00:00,2,0.0029563527,0.2815157534810669,2025-11-14 05:00:00
MSCI,2025-11-28 05:00:00,2,0.0029563527,0.0285631339439423,2025-11-14 05:00:00
MSFT,2025-11-28 05:00:00,2,0.0029563527,-0.1361362103635225,2025-11-14 05:00:00
MSI,2025-11-28 05:00:00,2,0.0029563527,-0.5458429539394045,2025-11-14 05:00:00
MTB,2025-11-28 05:00:00,2,0.0029563527,-0.1690939498384185,2025-11-14 05:00:00
MTCH,2025-11-28 05:00:00,2,0.0029563527,-0.3178177407157782,2025-11-14 05:00:00
MTD,2025-11-28 05:00:00,2,0.0029563527,0.182838925742668,2025-11-14 05:00:00
MU,2025-11-28 05:00:00,2,0.004726598,0.4998635709700422,2025-11-14 05:00:00
NCLH,2025-11-28 05:00:00,2,0.0029563527,-0.4603376803361902,2025-11-14 05:00:00
NDAQ,2025-11-28 05:00:00,2,0.0029563527,-0.3545360989451424,2025-11-14 05:00:00
NDSN,2025-11-28 05:00:00,2,0.0029563527,0.0829368413632751,2025-11-14 05:00:00
NEE,2025-11-28 05:00:00,2,0.0029563527,0.2726131036005989,2025-11-14 05:00:00
NEM,2025-11-28 05:00:00,2,0.0029563527,0.2563309969849334,2025-11-14 05:00:00
NFLX,2025-11-28 05:00:00,2,0.0029563527,-0.0951186167607337,2025-11-14 05:00:00
NI,2025-11-28 05:00:00,2,0.0029563527,-0.0019684080357832,2025-11-14 05:00:00
NKE,2025-11-28 05:00:00,2,0.0029563527,-0.3273159905822137,2025-11-14 05:00:00
NOC,2025-11-28 05:00:00,2,0.0029563527,-0.1507623949801634,2025-11-14 05:00:00
NOW,2025-11-28 05:00:00,2,0.0029563527,-0.1373857900884505,2025-11-14 05:00:00
NRG,2025-11-28 05:00:00,2,0.0029563527,0.0982669516547847,2025-11-14 05:00:00
NSC,2025-11-28 05:00:00,2,0.0029563527,-0.0097182947662896,2025-11-14 05:00:00
NTAP,2025-11-28 05:00:00,2,0.0029563527,-0.0713182295355012,2025-11-14 05:00:00
NTRS,2025-11-28 05:00:00,2,0.0029563527,-0.0458965730937797,2025-11-14 05:00:00
NUE,2025-11-28 05:00:00,2,0.0029563527,-0.0896326463543324,2025-11-14 05:00:00
NVDA,2025-11-28 05:00:00,2,0.0029563527,-0.0193531519678482,2025-11-14 05:00:00
NVR,2025-11-28 05:00:00,2,0.0029563527,-0.2355158532899903,2025-11-14 05:00:00
NWS,2025-11-28 05:00:00,2,0.0029563527,-0.4951193370941251,2025-11-14 05:00:00
NWSA,2025-11-28 05:00:00,2,0.0029563527,-0.3503331241348766,2025-11-14 05:00:00
NXPI,2025-11-28 05:00:00,2,0.0029563527,-0.3896057728316269,2025-11-14 05:00:00
O,2025-11-28 05:00:00,2,0.0029563527,-0.0154657919795752,2025-11-14 05:00:00
ODFL,2025-11-28 05:00:00,2,0.0029563527,-0.4806410759480471,2025-11-14 05:00:00
OKE,2025-11-28 05:00:00,2,0.0029563527,-0.2381549946750747,2025-11-14 05:00:00
OMC,2025-11-28 05:00:00,2,0.0029563527,-0.2605451652977043,2025-11-14 05:00:00
ON,2025-11-28 05:00:00,2,0.0029563527,-0.279314083366469,2025-11-14 05:00:00
ORCL,2025-11-28 05:00:00,2,0.0029834998,-0.1777601593924905,2025-11-14 05:00:00
ORLY,2025-11-28 05:00:00,2,0.0029563527,-0.0466685721262066,2025-11-14 05:00:00
OTIS,2025-11-28 05:00:00,2,0.0029563527,0.1472021635747849,2025-11-14 05:00:00
OXY,2025-11-28 05:00:00,2,0.0029563527,-0.2449071102851754,2025-11-14 05:00:00
PANW,2025-11-28 05:00:00,2,0.0029563527,0.138691273939415,2025-11-14 05:00:00
PAYC,2025-11-28 05:00:00,2,0.0029563527,-0.5897954616436862,2025-11-14 05:00:00
PAYX,2025-11-28 05:00:00,2,0.0029563527,-0.8433394500420848,2025-11-14 05:00:00
PCAR,2025-11-28 05:00:00,2,0.0029563527,-0.1454940284941621,2025-11-14 05:00:00
PCG,2025-11-28 05:00:00,2,0.0029563527,0.3071293693777673,2025-11-14 05:00:00
PEG,2025-11-28 05:00:00,2,0.0029563527,-0.03319100569119,2025-11-14 05:00:00
PEP,2025-11-28 05:00:00,2,0.0029563527,-0.1072564912774263,2025-11-14 05:00:00
PFE,2025-11-28 05:00:00,2,0.0029563527,0.0120826209887657,2025-11-14 05:00:00
PFG,2025-11-28 05:00:00,2,0.0029563527,0.2195942014450325,2025-11-14 05:00:00
PG,2025-11-28 05:00:00,2,0.0029563527,-0.2297361175785174,2025-11-14 05:00:00
PGR,2025-11-28 05:00:00,2,0.0029563527,-0.1664195405219127,2025-11-14 05:00:00
PH,2025-11-28 05:00:00,2,0.0029563527,0.2128471983431189,2025-11-14 05:00:00
PHM,2025-11-28 05:00:00,2,0.0029563527,-0.1273362519470366,2025-11-14 05:00:00
PKG,2025-11-28 05:00:00,2,0.0029563527,-0.1705502523572388,2025-11-14 05:00:00
PLD,2025-11-28 05:00:00,2,0.0029563527,0.3026338977094037,2025-11-14 05:00:00
PLTR,2025-11-28 05:00:00,2,0.004726598,0.0143584838668232,2025-11-14 05:00:00
PM,2025-11-28 05:00:00,2,0.0029563527,-0.0577670478062756,2025-11-14 05:00:00
PNC,2025-11-28 05:00:00,2,0.0029563527,-0.234562189052826,2025-11-14 05:00:00
PNR,2025-11-28 05:00:00,2,0.0029563527,-0.1230925144445169,2025-11-14 05:00:00
PNW,2025-11-28 05:00:00,2,0.0029563527,-0.0988023330314709,2025-11-14 05:00:00
PODD,2025-11-28 05:00:00,2,0.0029563527,0.0021313901196357,2025-11-14 05:00:00
POOL,2025-11-28 05:00:00,2,0.0029563527,-0.4551105850795304,2025-11-14 05:00:00
PPG,2025-11-28 05:00:00,2,0.0029563527,-0.3572464157303715,2025-11-14 05:00:00
PPL,2025-11-28 05:00:00,2,0.0029563527,0.0768017227329476,2025-11-14 05:00:00
PRU,2025-11-28 05:00:00,2,0.0029563527,-0.0430399566957693,2025-11-14 05:00:00
PSA,2025-11-28 05:00:00,2,0.0029563527,-0.1061725517815398,2025-11-14 05:00:00
PSKY,2025-11-28 05:00:00,2,0.004726598,-0.0242715064838149,2025-11-14 05:00:00
PSX,2025-11-28 05:00:00,2,0.0029563527,0.1675693956913121,2025-11-14 05:00:00
PTC,2025-11-28 05:00:00,2,0.0029563527,-0.5479287685532923,2025-11-14 05:00:00
PWR,2025-11-28 05:00:00,2,0.0029563527,0.1881163498659432,2025-11-14 05:00:00
PYPL,2025-11-28 05:00:00,2,0.0029563527,-0.3895644356156197,2025-11-14 05:00:00
QCOM,2025-11-28 05:00:00,2,0.0029563527,0.1557255593677362,2025-11-14 05:00:00
RCL,2025-11-28 05:00:00,2,0.0029563527,-0.5474473627146651,2025-11-14 05:00:00
REG,2025-11-28 05:00:00,2,0.0029563527,-0.089716974142401,2025-11-14 05:00:00
REGN,2025-11-28 05:00:00,2,0.0029563527,0.2924237619229223,2025-11-14 05:00:00
RF,2025-11-28 05:00:00,2,0.0029563527,-0.186665917595667,2025-11-14 05:00:00
RJF,2025-11-28 05:00:00,2,0.0029563527,-0.1291485760317289,2025-11-14 05:00:00
RL,2025-11-28 05:00:00,2,0.0029563527,0.2374700440489315,2025-11-14 05:00:00
RMD,2025-11-28 05:00:00,2,0.0029563527,-0.3980251980739909,2025-11-14 05:00:00
ROK,2025-11-28 05:00:00,2,0.0029563527,0.1282235844026308,2025-11-14 05:00:00
ROL,2025-11-28 05:00:00,2,0.0029563527,0.091035431416765,2025-11-14 05:00:00
ROP,2025-11-28 05:00:00,2,0.0029563527,-0.593600629502716,2025-11-14 05:00:00
ROST,2025-11-28 05:00:00,2,0.0029563527,0.2212377170132601,2025-11-14 05:00:00
RSG,2025-11-28 05:00:00,2,0.0029563527,-0.3557591893825897,2025-11-14 05:00:00
RTX,2025-11-28 05:00:00,2,0.0029563527,0.1507576969196493,2025-11-14 05:00:00
RVTY,2025-11-28 05:00:00,2,0.0029563527,0.1071861139128036,2025-11-14 05:00:00
SBAC,2025-11-28 05:00:00,2,0.0029563527,-0.1159791815547699,2025-11-14 05:00:00
SBUX,2025-11-28 05:00:00,2,0.0029563527,-0.0353662704675515,2025-11-14 05:00:00
SCHW,2025-11-28 05:00:00,2,0.0029563527,-0.068231628354514,2025-11-14 05:00:00
SHW,2025-11-28 05:00:00,2,0.0029563527,-0.2253053033259297,2025-11-14 05:00:00
SJM,2025-11-28 05:00:00,2,0.0029563527,-0.0132106669521094,2025-11-14 05:00:00
SLB,2025-11-28 05:00:00,2,0.0029563527,0.0236028586200287,2025-11-14 05:00:00
SMCI,2025-11-28 05:00:00,2,0.0056019216,-0.2699915432802698,2025-11-14 05:00:00
SNA,2025-11-28 05:00:00,2,0.0029563527,-0.0336484833036942,2025-11-14 05:00:00
SNPS,2025-11-28 05:00:00,2,0.0029563527,-0.3165250155052924,2025-11-14 05:00:00
SO,2025-11-28 05:00:00,2,0.0029563527,-0.0506504548956792,2025-11-14 05:00:00
SOLV,2025-11-28 05:00:00,2,0.0029563527,0.109175184015891,2025-11-14 05:00:00
SPG,2025-11-28 05:00:00,2,0.0029563527,0.2439519223968022,2025-11-14 05:00:00
SPGI,2025-11-28 05:00:00,2,0.0029563527,-0.3079003323864418,2025-11-14 05:00:00
SRE,2025-11-28 05:00:00,2,0.0029563527,0.3719394712029749,2025-11-14 05:00:00
STE,2025-11-28 05:00:00,2,0.0029563527,0.1352145022640478,2025-11-14 05:00:00
STLD,2025-11-28 05:00:00,2,0.0029563527,0.2648517009440938,2025-11-14 05:00:00
STT,2025-11-28 05:00:00,2,0.0029563527,0.0656289304408895,2025-11-14 05:00:00
STX,2025-11-28 05:00:00,2,0.004726598,0.2844230068092072,2025-11-14 05:00:00
STZ,2025-11-28 05:00:00,2,0.0029563527,-0.3756394347060203,2025-11-14 05:00:00
SW,2025-11-28 05:00:00,2,0.0029563527,-0.4479679083388598,2025-11-14 05:00:00
SWK,2025-11-28 05:00:00,2,0.0029563527,-0.1831785210542995,2025-11-14 05:00:00
SWKS,2025-11-28 05:00:00,2,0.0029563527,-0.1947649922794729,2025-11-14 05:00:00
SYF,2025-11-28 05:00:00,2,0.0029563527,-0.0155850969239456,2025-11-14 05:00:00
SYK,2025-11-28 05:00:00,2,0.0029563527,-0.0953099769646202,2025-11-14 05:00:00
SYY,2025-11-28 05:00:00,2,0.0029563527,-0.0878297966181425,2025-11-14 05:00:00
T,2025-11-28 05:00:00,2,0.0029563527,-0.0511641990657661,2025-11-14 05:00:00
TAP,2025-11-28 05:00:00,2,0.0029563527,-0.1259353217417081,2025-11-14 05:00:00
TDG,2025-11-28 05:00:00,2,0.0029563527,0.0728281995079319,2025-11-14 05:00:00
TDY,2025-11-28 05:00:00,2,0.0029563527,-0.2771255606848478,2025-11-14 05:00:00
TECH,2025-11-28 05:00:00,2,0.0035152806,0.0953831317902273,2025-11-14 05:00:00
TEL,2025-11-28 05:00:00,2,0.0029563527,0.2520149538877185,2025-11-14 05:00:00
TER,2025-11-28 05:00:00,2,0.004726598,0.218579148437444,2025-11-14 05:00:00
TFC,2025-11-28 05:00:00,2,0.0029563527,-0.089284380177261,2025-11-14 05:00:00
TGT,2025-11-28 05:00:00,2,0.0029563527,-0.3155146648036052,2025-11-14 05:00:00
TJX,2025-11-28 05:00:00,2,0.0029563527,0.37014078725966,2025-11-14 05:00:00
TKO,2025-11-28 05:00:00,2,0.0029563527,-0.1472360589731404,2025-11-14 05:00:00
TMO,2025-11-28 05:00:00,2,0.0029563527,0.3047386204386211,2025-11-14 05:00:00
TMUS,2025-11-28 05:00:00,2,0.0029563527,-0.3076058090110243,2025-11-14 05:00:00
TPL,2025-11-28 05:00:00,2,0.0029563527,0.0840354503261888,2025-11-14 05:00:00
TPR,2025-11-28 05:00:00,2,0.0029563527,-0.081424930615087,2025-11-14 05:00:00
TRGP,2025-11-28 05:00:00,2,0.0029563527,0.0476693972169219,2025-11-14 05:00:00
TRMB,2025-11-28 05:00:00,2,0.0029563527,-0.3028190022273406,2025-11-14 05:00:00
TROW,2025-11-28 05:00:00,2,0.0029563527,-0.3997184868032844,2025-11-14 05:00:00
TRV,2025-11-28 05:00:00,2,0.0029563527,0.1948600478530765,2025-11-14 05:00:00
TSCO,2025-11-28 05:00:00,2,0.0029563527,-0.2975442435893934,2025-11-14 05:00:00
TSLA,2025-11-28 05:00:00,2,0.0029563527,0.0183609634593807,2025-11-14 05:00:00
TSN,2025-11-28 05:00:00,2,0.0029563527,-0.278839958341452,2025-11-14 05:00:00
TT,2025-11-28 05:00:00,2,0.0029563527,-0.1481695661860211,2025-11-14 05:00:00
TTD,2025-11-28 05:00:00,2,0.004726598,-0.2659841664246098,2025-11-14 05:00:00
TTWO,2025-11-28 05:00:00,2,0.0029563527,0.0543173501575497,2025-11-14 05:00:00
TXN,2025-11-28 05:00:00,2,0.0029563527,-0.5344850316352148,2025-11-14 05:00:00
TXT,2025-11-28 05:00:00,2,0.0029563527,-0.0362227590709738,2025-11-14 05:00:00
TYL,2025-11-28 05:00:00,2,0.0029563527,-0.448156480716709,2025-11-14 05:00:00
UAL,2025-11-28 05:00:00,2,0.0029563527,-0.2275219342060622,2025-11-14 05:00:00
UBER,2025-11-28 05:00:00,2,0.0029563527,-0.2689814507140214,2025-11-14 05:00:00
UDR,2025-11-28 05:00:00,2,0.0029563527,-0.2197727519015671,2025-11-14 05:00:00
UHS,2025-11-28 05:00:00,2,0.0029563527,0.586060804719378,2025-11-14 05:00:00
ULTA,2025-11-28 05:00:00,2,0.0029563527,-0.0789917099467675,2025-11-14 05:00:00
UNH,2025-11-28 05:00:00,2,0.0029563527,0.1790425421062548,2025-11-14 05:00:00
UNP,2025-11-28 05:00:00,2,0.0029563527,-0.0791219718236808,2025-11-14 05:00:00
UPS,2025-11-28 05:00:00,2,0.0029563527,0.1735990720633422,2025-11-14 05:00:00
URI,2025-11-28 05:00:00,2,0.0029563527,-0.2729784823522471,2025-11-14 05:00:00
USB,2025-11-28 05:00:00,2,0.0029563527,-0.0284904098846011,2025-11-14 05:00:00
V,2025-11-28 05:00:00,2,0.0029563527,-0.1491029084522153,2025-11-14 05:00:00
VICI,2025-11-28 05:00:00,2,0.0029563527,-0.2039338250416062,2025-11-14 05:00:00
VLO,2025-11-28 05:00:00,2,0.0029563527,0.3113940573460977,2025-11-14 05:00:00
VLTO,2025-11-28 05:00:00,2,0.0029563527,-0.2586425459625081,2025-11-14 05:00:00
VMC,2025-11-28 05:00:00,2,0.0029563527,-0.1613397785165648,2025-11-14 05:00:00
VRSK,2025-11-28 05:00:00,2,0.0029563527,-0.4481190424531412,2025-11-14 05:00:00
VRSN,2025-11-28 05:00:00,2,0.0029563527,-0.1491532406332827,2025-11-14 05:00:00
VRTX,2025-11-28 05:00:00,2,0.0029563527,0.2626191707064524,2025-11-14 05:00:00
VST,2025-11-28 05:00:00,2,0.0029563527,-0.2270261535914212,2025-11-14 05:00:00
VTR,2025-11-28 05:00:00,2,0.0029563527,0.5163467891156717,2025-11-14 05:00:00
VTRS,2025-11-28 05:00:00,2,0.0029563527,0.0860921284328839,2025-11-14 05:00:00
VZ,2025-11-28 05:00:00,2,0.0029563527,-0.0120917448933237,2025-11-14 05:00:00
WAB,2025-11-28 05:00:00,2,0.0029563527,0.0717851701549608,2025-11-14 05:00:00
WAT,2025-11-28 05:00:00,2,0.0029563527,0.467505608864028,2025-11-14 05:00:00
WBD,2025-11-28 05:00:00,2,0.004726598,0.3562363887404836,2025-11-14 05:00:00
WDAY,2025-11-28 05:00:00,2,0.0029563527,0.0405918401228051,2025-11-14 05:00:00
WDC,2025-11-28 05:00:00,2,0.004726598,0.4647101247892838,2025-11-14 05:00:00
WEC,2025-11-28 05:00:00,2,0.0029563527,0.1731549823807368,2025-11-14 05:00:00
WELL,2025-11-28 05:00:00,2,0.0029563527,0.4213772094095154,2025-11-14 05:00:00
WFC,2025-11-28 05:00:00,2,0.0029563527,0.1716622109040257,2025-11-14 05:00:00
WM,2025-11-28 05:00:00,2,0.0029563527,-0.296841451682889,2025-11-14 05:00:00
WMB,2025-11-28 05:00:00,2,0.0029563527,0.1130085477591605,2025-11-14 05:00:00
WMT,2025-11-28 05:00:00,2,0.0029563527,0.1903460687979761,2025-11-14 05:00:00
WRB,2025-11-28 05:00:00,2,0.0029563527,0.2328095977823878,2025-11-14 05:00:00
WSM,2025-11-28 05:00:00,2,0.0029563527,-0.0725546911768883,2025-11-14 05:00:00
WST,2025-11-28 05:00:00,2,0.0029563527,0.1478297241738142,2025-11-14 05:00:00
WTW,2025-11-28 05:00:00,2,0.0029563527,-0.083599447262644,2025-11-14 05:00:00
WY,2025-11-28 05:00:00,2,0.0029563527,-0.4601315120944901,2025-11-14 05:00:00
WYNN,2025-11-28 05:00:00,2,0.0029563527,0.0361218116504352,2025-11-14 05:00:00
XEL,2025-11-28 05:00:00,2,0.0029563527,0.2098491334419441,2025-11-14 05:00:00
XOM,2025-11-28 05:00:00,2,0.0029563527,0.2250882233165156,2025-11-14 05:00:00
XYL,2025-11-28 05:00:00,2,0.0029563527,0.0743732610908428,2025-11-14 05:00:00
XYZ,2025-11-28 05:00:00,2,0.0029563527,-0.3891831928824389,2025-11-14 05:00:00
YUM,2025-11-28 05:00:00,2,0.0029563527,0.0806616014949818,2025-11-14 05:00:00
ZBH,2025-11-28 05:00:00,2,0.0029563527,-0.2483938151962178,2025-11-14 05:00:00
ZBRA,2025-11-28 05:00:00,2,0.0029563527,-0.4676343570622775,2025-11-14 05:00:00
ZTS,2025-11-28 05:00:00,2,0.0029563527,-0.3964080479013425,2025-11-14 05:00:00
A,2025-12-12 05:00:00,4,0.008476061,0.3628956466639322,2025-11-14 05:00:00
AAPL,2025-12-12 05:00:00,4,0.008476061,0.4549544681829668,2025-11-14 05:00:00
ABBV,2025-12-12 05:00:00,4,0.008476061,0.3636564291672795,2025-11-14 05:00:00
ABNB,2025-12-12 05:00:00,4,0.008476061,-0.1871703414977284,2025-11-14 05:00:00
ABT,2025-12-12 05:00:00,4,0.008476061,0.0622993571978608,2025-11-14 05:00:00
ACGL,2025-12-12 05:00:00,4,0.008476061,-0.0072738044438882,2025-11-14 05:00:00
ACN,2025-12-12 05:00:00,4,0.008476061,-0.2730130312929993,2025-11-14 05:00:00
ADBE,2025-12-12 05:00:00,4,0.008476061,-0.2079771045583132,2025-11-14 05:00:00
ADI,2025-12-12 05:00:00,4,0.008476061,-0.1729136001718302,2025-11-14 05:00:00
ADM,2025-12-12 05:00:00,4,0.008476061,-0.2164974113357676,2025-11-14 05:00:00
ADP,2025-12-12 05:00:00,4,0.008476061,-0.6472246059235082,2025-11-14 05:00:00
ADSK,2025-12-12 05:00:00,4,0.008476061,0.0240397287157634,2025-11-14 05:00:00
AEE,2025-12-12 05:00:00,4,0.008476061,0.2012698180023851,2025-11-14 05:00:00
AEP,2025-12-12 05:00:00,4,0.008476061,0.256129185068669,2025-11-14 05:00:00
AES,2025-12-12 05:00:00,4,0.008476061,-0.0363198833760121,2025-11-14 05:00:00
AFL,2025-12-12 05:00:00,4,0.008476061,0.2722812469168186,2025-11-14 05:00:00
AIG,2025-12-12 05:00:00,4,0.008476061,-0.1540331323231766,2025-11-14 05:00:00
AIZ,2025-12-12 05:00:00,4,0.008476061,0.2107562213303451,2025-11-14 05:00:00
AJG,2025-12-12 05:00:00,4,0.008476061,-0.2671103743941286,2025-11-14 05:00:00
AKAM,2025-12-12 05:00:00,4,0.008476061,0.214785828655724,2025-11-14 05:00:00
ALB,2025-12-12 05:00:00,4,0.01012134,0.3821862995998362,2025-11-14 05:00:00
ALGN,2025-12-12 05:00:00,4,0.008476061,-0.2680875678660505,2025-11-14 05:00:00
ALL,2025-12-12 05:00:00,4,0.008476061,0.140976871685381,2025-11-14 05:00:00
ALLE,2025-12-12 05:00:00,4,0.008476061,-0.1025859427697816,2025-11-14 05:00:00
AMAT,2025-12-12 05:00:00,4,0.008476061,0.2989926227438172,2025-11-14 05:00:00
AMCR,2025-12-12 05:00:00,4,0.008476061,-0.069323743200022,2025-11-14 05:00:00
AMD,2025-12-12 05:00:00,4,0.008876466,0.0013822107618483,2025-11-14 05:00:00
AME,2025-12-12 05:00:00,4,0.008476061,0.0195745750020996,2025-11-14 05:00:00
AMGN,2025-12-12 05:00:00,4,0.008476061,0.3103767835315777,2025-11-14 05:00:00
AMP,2025-12-12 05:00:00,4,0.008476061,-0.3937649478166642,2025-11-14 05:00:00
AMT,2025-12-12 05:00:00,4,0.008476061,-0.2872091904834708,2025-11-14 05:00:00
AMZN,2025-12-12 05:00:00,4,0.008476061,-0.0755616801669138,2025-11-14 05:00:00
ANET,2025-12-12 05:00:00,4,0.01012134,-0.174474216273772,2025-11-14 05:00:00
AON,2025-12-12 05:00:00,4,0.008476061,-0.1196479286651135,2025-11-14 05:00:00
AOS,2025-12-12 05:00:00,4,0.008476061,-0.24625404111497,2025-11-14 05:00:00
APA,2025-12-12 05:00:00,4,0.008476061,0.1469325217249281,2025-11-14 05:00:00
APD,2025-12-12 05:00:00,4,0.008476061,-0.2559286320833062,2025-11-14 05:00:00
APH,2025-12-12 05:00:00,4,0.008476061,0.3766096054104905,2025-11-14 05:00:00
APO,2025-12-12 05:00:00,4,0.008476061,-0.1544836101373262,2025-11-14 05:00:00
APTV,2025-12-12 05:00:00,4,0.008476061,0.0480363605934072,2025-11-14 05:00:00
ARE,2025-12-12 05:00:00,4,0.008876466,-0.3499933268095815,2025-11-14 05:00:00
ATO,2025-12-12 05:00:00,4,0.008476061,0.3113784699235786,2025-11-14 05:00:00
AVB,2025-12-12 05:00:00,4,0.008476061,-0.1438169856536322,2025-11-14 05:00:00
AVGO,2025-12-12 05:00:00,4,0.008476061,0.0494625530516285,2025-11-14 05:00:00
AVY,2025-12-12 05:00:00,4,0.008476061,0.0216889025882564,2025-11-14 05:00:00
AWK,2025-12-12 05:00:00,4,0.008476061,-0.1011782324248007,2025-11-14 05:00:00
AXON,2025-12-12 05:00:00,4,0.008876466,-0.4106084865413034,2025-11-14 05:00:00
AXP,2025-12-12 05:00:00,4,0.008476061,0.2750684478754654,2025-11-14 05:00:00
AZO,2025-12-12 05:00:00,4,0.008476061,-0.1323445791533123,2025-11-14 05:00:00
BA,2025-12-12 05:00:00,4,0.008476061,-0.4228782839607335,2025-11-14 05:00:00
BAC,2025-12-12 05:00:00,4,0.008476061,0.2080518034455365,2025-11-14 05:00:00
BALL,2025-12-12 05:00:00,4,0.008476061,-0.1182722691064765,2025-11-14 05:00:00
BAX,2025-12-12 05:00:00,4,0.008876466,-0.2505715330857861,2025-11-14 05:00:00
BBY,2025-12-12 05:00:00,4,0.008476061,-0.025344310565635,2025-11-14 05:00:00
BDX,2025-12-12 05:00:00,4,0.008476061,-0.0264024522372994,2025-11-14 05:00:00
BEN,2025-12-12 05:00:00,4,0.008476061,-0.4122678299442824,2025-11-14 05:00:00
BG,2025-12-12 05:00:00,4,0.008476061,0.1257342721751644,2025-11-14 05:00:00
BIIB,2025-12-12 05:00:00,4,0.008476061,0.2519854381502777,2025-11-14 05:00:00
BK,2025-12-12 05:00:00,4,0.008476061,0.3182743761084259,2025-11-14 05:00:00
BKNG,2025-12-12 05:00:00,4,0.008476061,-0.5502780919931333,2025-11-14 05:00:00
BKR,2025-12-12 05:00:00,4,0.008476061,0.0505533574519701,2025-11-14 05:00:00
BLDR,2025-12-12 05:00:00,4,0.008476061,-0.3664551419138562,2025-11-14 05:00:00
BLK,2025-12-12 05:00:00,4,0.008476061,-0.328900723710535,2025-11-14 05:00:00
BMY,2025-12-12 05:00:00,4,0.008476061,0.1316782992235913,2025-11-14 05:00:00
BR,2025-12-12 05:00:00,4,0.008476061,-0.4798560393098453,2025-11-14 05:00:00
BRO,2025-12-12 05:00:00,4,0.008476061,-0.292316973382802,2025-11-14 05:00:00
BSX,2025-12-12 05:00:00,4,0.008476061,-0.0218538460795851,2025-11-14 05:00:00
BX,2025-12-12 05:00:00,4,0.008476061,-0.3798553282472933,2025-11-14 05:00:00
BXP,2025-12-12 05:00:00,4,0.008476061,0.1554489987866977,2025-11-14 05:00:00
C,2025-12-12 05:00:00,4,0.008476061,0.0807924648938423,2025-11-14 05:00:00
CAG,2025-12-12 05:00:00,4,0.008476061,-0.3477067122689182,2025-11-14 05:00:00
CAH,2025-12-12 05:00:00,4,0.008476061,0.6388781686485808,2025-11-14 05:00:00
CARR,2025-12-12 05:00:00,4,0.008476061,-0.6446672481686971,2025-11-14 05:00:00
CAT,2025-12-12 05:00:00,4,0.008476061,0.3825420184720848,2025-11-14 05:00:00
CB,2025-12-12 05:00:00,4,0.008476061,0.2581639730012525,2025-11-14 05:00:00
CBOE,2025-12-12 05:00:00,4,0.008476061,0.1473881749646373,2025-11-14 05:00:00
CBRE,2025-12-12 05:00:00,4,0.008476061,-0.1066842954346938,2025-11-14 05:00:00
CCI,2025-12-12 05:00:00,4,0.008476061,-0.1110396530765288,2025-11-14 05:00:00
CCL,2025-12-12 05:00:00,4,0.008476061,-0.4429288888602722,2025-11-14 05:00:00
CDNS,2025-12-12 05:00:00,4,0.008476061,-0.2455505533358213,2025-11-14 05:00:00
CDW,2025-12-12 05:00:00,4,0.008476061,-0.2519197434849595,2025-11-14 05:00:00
CEG,2025-12-12 05:00:00,4,0.008476061,-0.0502668706301392,2025-11-14 05:00:00
CF,2025-12-12 05:00:00,4,0.008476061,-0.1347901057805011,2025-11-14 05:00:00
CFG,2025-12-12 05:00:00,4,0.008476061,0.0086589271684149,2025-11-14 05:00:00
CHD,2025-12-12 05:00:00,4,0.008476061,-0.273962528000798,2025-11-14 05:00:00
CHRW,2025-12-12 05:00:00,4,0.008476061,0.2627449555244271,2025-11-14 05:00:00
CHTR,2025-12-12 05:00:00,4,0.008476061,-0.5692306996561793,2025-11-14 05:00:00
CI,2025-12-12 05:00:00,4,0.008476061,-0.0613283642799538,2025-11-14 05:00:00
CINF,2025-12-12 05:00:00,4,0.008476061,0.2108079523601912,2025-11-14 05:00:00
CL,2025-12-12 05:00:00,4,0.008476061,-0.2535821070728323,2025-11-14 05:00:00
CLX,2025-12-12 05:00:00,4,0.008476061,-0.362682127946061,2025-11-14 05:00:00
CMCSA,2025-12-12 05:00:00,4,0.008476061,-0.3965276838051992,2025-11-14 05:00:00
CME,2025-12-12 05:00:00,4,0.008476061,0.3009838895619032,2025-11-14 05:00:00
CMG,2025-12-12 05:00:00,4,0.008476061,-0.3461803773242506,2025-11-14 05:00:00
CMI,2025-12-12 05:00:00,4,0.008476061,0.2856934715326187,2025-11-14 05:00:00
CMS,2025-12-12 05:00:00,4,0.008476061,0.3304312249762132,2025-11-14 05:00:00
CNC,2025-12-12 05:00:00,4,0.009717643,0.3404289636445092,2025-11-14 05:00:00
CNP,2025-12-12 05:00:00,4,0.008476061,0.2453287833686958,2025-11-14 05:00:00
COF,2025-12-12 05:00:00,4,0.008476061,-0.1067295149528836,2025-11-14 05:00:00
COIN,2025-12-12 05:00:00,4,0.01012134,-0.1453409850355559,2025-11-14 05:00:00
COO,2025-12-12 05:00:00,4,0.008476061,-0.2057033235516228,2025-11-14 05:00:00
COP,2025-12-12 05:00:00,4,0.008476061,-0.1770022170062969,2025-11-14 05:00:00
COR,2025-12-12 05:00:00,4,0.008476061,0.7007779847223152,2025-11-14 05:00:00
COST,2025-12-12 05:00:00,4,0.008476061,-0.0708166565536659,2025-11-14 05:00:00
CPAY,2025-12-12 05:00:00,4,0.008476061,-0.3675379047862643,2025-11-14 05:00:00
CPB,2025-12-12 05:00:00,4,0.008476061,-0.0604122663690814,2025-11-14 05:00:00
CPRT,2025-12-12 05:00:00,4,0.008476061,-0.515665850912754,2025-11-14 05:00:00
CPT,2025-12-12 05:00:00,4,0.008476061,-0.0817715381080566,2025-11-14 05:00:00
CRL,2025-12-12 05:00:00,4,0.009717643,0.0905834224152061,2025-11-14 05:00:00
CRM,2025-12-12 05:00:00,4,0.008476061,-0.1084354447454155,2025-11-14 05:00:00
CRWD,2025-12-12 05:00:00,4,0.008476061,0.2876269870497362,2025-11-14 05:00:00
CSCO,2025-12-12 05:00:00,4,0.008476061,0.3210467965961932,2025-11-14 05:00:00
CSGP,2025-12-12 05:00:00,4,0.008476061,-0.4497679480655374,2025-11-14 05:00:00
CSX,2025-12-12 05:00:00,4,0.008476061,-0.0407518394653648,2025-11-14 05:00:00
CTAS,2025-12-12 05:00:00,4,0.008476061,-0.3348980927169945,2025-11-14 05:00:00
CTRA,2025-12-12 05:00:00,4,0.008476061,0.1613848703342393,2025-11-14 05:00:00
CTSH,2025-12-12 05:00:00,4,0.008476061,0.0305299277240057,2025-11-14 05:00:00
CTVA,2025-12-12 05:00:00,4,0.008476061,-0.2145665320014767,2025-11-14 05:00:00
CVS,2025-12-12 05:00:00,4,0.008476061,0.564779781077684,2025-11-14 05:00:00
CVX,2025-12-12 05:00:00,4,0.008476061,-0.061613356743659,2025-11-14 05:00:00
CZR,2025-12-12 05:00:00,4,0.008876466,-0.3608632573733664,2025-11-14 05:00:00
D,2025-12-12 05:00:00,4,0.008476061,0.085973407938768,2025-11-14 05:00:00
DAL,2025-12-12 05:00:00,4,0.008476061,-0.1508006958155285,2025-11-14 05:00:00
DASH,2025-12-12 05:00:00,4,0.008476061,-0.3845125616471455,2025-11-14 05:00:00
DAY,2025-12-12 05:00:00,4,0.008476061,-0.0261740927056501,2025-11-14 05:00:00
DD,2025-12-12 05:00:00,4,0.008476061,0.3305761807031999,2025-11-14 05:00:00
DDOG,2025-12-12 05:00:00,4,0.008876466,0.4490288226011202,2025-11-14 05:00:00
DE,2025-12-12 05:00:00,4,0.008476061,-0.2014058248190563,2025-11-14 05:00:00
DECK,2025-12-12 05:00:00,4,0.008476061,-0.3778074506379167,2025-11-14 05:00:00
DELL,2025-12-12 05:00:00,4,0.008476061,-0.1111450406337145,2025-11-14 05:00:00
DG,2025-12-12 05:00:00,4,0.008476061,-0.1703425992879158,2025-11-14 05:00:00
DGX,2025-12-12 05:00:00,4,0.008476061,0.2468428438957667,2025-11-14 05:00:00
DHI,2025-12-12 05:00:00,4,0.008476061,-0.1977374189313972,2025-11-14 05:00:00
DHR,2025-12-12 05:00:00,4,0.008476061,0.1345370271054476,2025-11-14 05:00:00
DIS,2025-12-12 05:00:00,4,0.008476061,-0.4684799185973609,2025-11-14 05:00:00
DLR,2025-12-12 05:00:00,4,0.008476061,-0.0791018152313136,2025-11-14 05:00:00
DLTR,2025-12-12 05:00:00,4,0.008476061,-0.1902561992924366,2025-11-14 05:00:00
DOC,2025-12-12 05:00:00,4,0.008476061,0.0308020387249756,2025-11-14 05:00:00
DOV,2025-12-12 05:00:00,4,0.008476061,-0.1065877264112418,2025-11-14 05:00:00
DOW,2025-12-12 05:00:00,4,0.008876466,-0.0844003957680212,2025-11-14 05:00:00
DPZ,2025-12-12 05:00:00,4,0.008476061,-0.2691171824942053,2025-11-14 05:00:00
DRI,2025-12-12 05:00:00,4,0.008476061,-0.3307608449374809,2025-11-14 05:00:00
DTE,2025-12-12 05:00:00,4,0.008476061,-0.0077180711656002,2025-11-14 05:00:00
DUK,2025-12-12 05:00:00,4,0.008476061,0.0895373362454057,2025-11-14 05:00:00
DVA,2025-12-12 05:00:00,4,0.008476061,-0.1869434146374664,2025-11-14 05:00:00
DVN,2025-12-12 05:00:00,4,0.008476061,-0.0248765001153767,2025-11-14 05:00:00
DXCM,2025-12-12 05:00:00,4,0.01012134,-0.3203354686233522,2025-11-14 05:00:00
EA,2025-12-12 05:00:00,4,0.008476061,0.3097168950673699,2025-11-14 05:00:00
EBAY,2025-12-12 05:00:00,4,0.008476061,-0.1899770097783032,2025-11-14 05:00:00
ECL,2025-12-12 05:00:00,4,0.008476061,-0.2387175874467072,2025-11-14 05:00:00
ED,2025-12-12 05:00:00,4,0.008476061,0.0680140556410931,2025-11-14 05:00:00
EFX,2025-12-12 05:00:00,4,0.008476061,-0.3980175462691591,2025-11-14 05:00:00
EG,2025-12-12 05:00:00,4,0.008476061,-0.0255669483410184,2025-11-14 05:00:00
EIX,2025-12-12 05:00:00,4,0.008476061,0.230131672160857,2025-11-14 05:00:00
EL,2025-12-12 05:00:00,4,0.008476061,-0.1897070103338585,2025-11-14 05:00:00
ELV,2025-12-12 05:00:00,4,0.008476061,0.1458310883270961,2025-11-14 05:00:00
EMN,2025-12-12 05:00:00,4,0.008476061,-0.232083859046394,2025-11-14 05:00:00
EMR,2025-12-12 05:00:00,4,0.008476061,-0.1566914376673365,2025-11-14 05:00:00
ENPH,2025-12-12 05:00:00,4,0.01012134,-0.37488931432347,2025-11-14 05:00:00
EOG,2025-12-12 05:00:00,4,0.008476061,-0.2926783702260247,2025-11-14 05:00:00
EPAM,2025-12-12 05:00:00,4,0.008476061,0.0519179513330684,2025-11-14 05:00:00
EQIX,2025-12-12 05:00:00,4,0.008476061,0.0554257610476112,2025-11-14 05:00:00
EQR,2025-12-12 05:00:00,4,0.008476061,-0.193133400134649,2025-11-14 05:00:00
EQT,2025-12-12 05:00:00,4,0.008476061,0.2145769245403636,2025-11-14 05:00:00
ERIE,2025-12-12 05:00:00,4,0.008476061,-0.5073234799365656,2025-11-14 05:00:00
ES,2025-12-12 05:00:00,4,0.008476061,0.7725290199071412,2025-11-14 05:00:00
ESS,2025-12-12 05:00:00,4,0.008476061,0.0462579678651171,2025-11-14 05:00:00
ETN,2025-12-12 05:00:00,4,0.008476061,-0.1949409310909997,2025-11-14 05:00:00
ETR,2025-12-12 05:00:00,4,0.008476061,0.2383438207175731,2025-11-14 05:00:00
EVRG,2025-12-12 05:00:00,4,0.008476061,0.2488352029218149,2025-11-14 05:00:00
EW,2025-12-12 05:00:00,4,0.008476061,0.1826943337208795,2025-11-14 05:00:00
EXC,2025-12-12 05:00:00,4,0.008476061,0.1304017072734688,2025-11-14 05:00:00
EXE,2025-12-12 05:00:00,4,0.008476061,0.3504920420407681,2025-11-14 05:00:00
EXPD,2025-12-12 05:00:00,4,0.008476061,0.2560806674085086,2025-11-14 05:00:00
EXPE,2025-12-12 05:00:00,4,0.008476061,0.3355109785106761,2025-11-14 05:00:00
EXR,2025-12-12 05:00:00,4,0.008476061,-0.0534937268561879,2025-11-14 05:00:00
F,2025-12-12 05:00:00,4,0.008476061,0.1979646348716374,2025-11-14 05:00:00
FANG,2025-12-12 05:00:00,4,0.008476061,-0.0182310980397827,2025-11-14 05:00:00
FAST,2025-12-12 05:00:00,4,0.008476061,-0.6616784988757894,2025-11-14 05:00:00
FCX,2025-12-12 05:00:00,4,0.008476061,-0.1722524309050328,2025-11-14 05:00:00
FDS,2025-12-12 05:00:00,4,0.008476061,-0.4129573599160263,2025-11-14 05:00:00
FDX,2025-12-12 05:00:00,4,0.008476061,0.3054235006925887,2025-11-14 05:00:00
FE,2025-12-12 05:00:00,4,0.008476061,0.3184016545453776,2025-11-14 05:00:00
FFIV,2025-12-12 05:00:00,4,0.008476061,-0.4210861496047587,2025-11-14 05:00:00
FI,2025-12-12 05:00:00,4,0.01012134,-0.3783588562146641,2025-11-14 05:00:00
FICO,2025-12-12 05:00:00,4,0.008876466,0.239911523642566,2025-11-14 05:00:00
FIS,2025-12-12 05:00:00,4,0.008476061,-0.1854849407133767,2025-11-14 05:00:00
FITB,2025-12-12 05:00:00,4,0.008476061,-0.1201510931400482,2025-11-14 05:00:00
FOX,2025-12-12 05:00:00,4,0.008476061,0.1353567657428007,2025-11-14 05:00:00
FOXA,2025-12-12 05:00:00,4,0.008476061,0.1431727993424941,2025-11-14 05:00:00
FRT,2025-12-12 05:00:00,4,0.008476061,0.1138811463975775,2025-11-14 05:00:00
FSLR,2025-12-12 05:00:00,4,0.008476061,0.3968310073708393,2025-11-14 05:00:00
FTNT,2025-12-12 05:00:00,4,0.008476061,0.0814712687880093,2025-11-14 05:00:00
FTV,2025-12-12 05:00:00,4,0.008476061,0.2060956989999058,2025-11-14 05:00:00
GD,2025-12-12 05:00:00,4,0.008476061,0.2070665481424876,2025-11-14 05:00:00
GDDY,2025-12-12 05:00:00,4,0.008476061,-0.5241256083458329,2025-11-14 05:00:00
GE,2025-12-12 05:00:00,4,0.008476061,0.3065791408625534,2025-11-14 05:00:00
GEHC,2025-12-12 05:00:00,4,0.008476061,-0.072896155135626,2025-11-14 05:00:00
GEN,2025-12-12 05:00:00,4,0.008476061,-0.4807229318413151,2025-11-14 05:00:00
GEV,2025-12-12 05:00:00,4,0.008476061,-0.5293813637214615,2025-11-14 05:00:00
GILD,2025-12-12 05:00:00,4,0.008476061,0.2615531451532077,2025-11-14 05:00:00
GIS,2025-12-12 05:00:00,4,0.008476061,-0.1940328038880326,2025-11-14 05:00:00
GL,2025-12-12 05:00:00,4,0.008476061,-0.1567079628016904,2025-11-14 05:00:00
GLW,2025-12-12 05:00:00,4,0.008476061,0.2693001044520278,2025-11-14 05:00:00
GM,2025-12-12 05:00:00,4,0.008476061,0.3101370578296736,2025-11-14 05:00:00
GNRC,2025-12-12 05:00:00,4,0.008876466,-0.3596329782786797,2025-11-14 05:00:00
GOOG,2025-12-12 05:00:00,4,0.008476061,0.4629312172364457,2025-11-14 05:00:00
GOOGL,2025-12-12 05:00:00,4,0.008476061,0.4493959277807005,2025-11-14 05:00:00
GPC,2025-12-12 05:00:00,4,0.008476061,-0.2625814506182292,2025-11-14 05:00:00
GPN,2025-12-12 05:00:00,4,0.008476061,-0.3807713776311432,2025-11-14 05:00:00
GRMN,2025-12-12 05:00:00,4,0.008476061,-0.295379366817168,2025-11-14 05:00:00
GS,2025-12-12 05:00:00,4,0.008476061,0.1375345546835694,2025-11-14 05:00:00
GWW,2025-12-12 05:00:00,4,0.008476061,-0.4059284217468016,2025-11-14 05:00:00
HAL,2025-12-12 05:00:00,4,0.008476061,0.2295678683845378,2025-11-14 05:00:00
HAS,2025-12-12 05:00:00,4,0.008476061,-0.1483845940553625,2025-11-14 05:00:00
HBAN,2025-12-12 05:00:00,4,0.008476061,-0.2029171091251627,2025-11-14 05:00:00
HCA,2025-12-12 05:00:00,4,0.008476061,0.6487785997788916,2025-11-14 05:00:00
HD,2025-12-12 05:00:00,4,0.008476061,-0.2702187364262851,2025-11-14 05:00:00
HIG,2025-12-12 05:00:00,4,0.008476061,0.0721570418118646,2025-11-14 05:00:00
HII,2025-12-12 05:00:00,4,0.008476061,0.3709276468631017,2025-11-14 05:00:00
HLT,2025-12-12 05:00:00,4,0.008476061,-0.0475337091230631,2025-11-14 05:00:00
HOLX,2025-12-12 05:00:00,4,0.008476061,0.2100383296247481,2025-11-14 05:00:00
HON,2025-12-12 05:00:00,4,0.008476061,-0.2321157357269662,2025-11-14 05:00:00
HPE,2025-12-12 05:00:00,4,0.008476061,-0.1068154024389414,2025-11-14 05:00:00
HPQ,2025-12-12 05:00:00,4,0.008476061,-0.259088951540625,2025-11-14 05:00:00
HRL,2025-12-12 05:00:00,4,0.008476061,-0.3797504260768706,2025-11-14 05:00:00
HSIC,2025-12-12 05:00:00,4,0.008476061,0.0812197078260276,2025-11-14 05:00:00
HST,2025-12-12 05:00:00,4,0.008476061,0.0572715161126269,2025-11-14 05:00:00
HSY,2025-12-12 05:00:00,4,0.008476061,0.0416082297084531,2025-11-14 05:00:00
HUBB,2025-12-12 05:00:00,4,0.008476061,-0.1437237513563881,2025-11-14 05:00:00
HUM,2025-12-12 05:00:00,4,0.008476061,-0.2558579981775694,2025-11-14 05:00:00
HWM,2025-12-12 05:00:00,4,0.008476061,0.3262169383583091,2025-11-14 05:00:00
IBM,2025-12-12 05:00:00,4,0.008476061,0.5260824640283686,2025-11-14 05:00:00
ICE,2025-12-12 05:00:00,4,0.008476061,-0.4150288230831129,2025-11-14 05:00:00
IDXX,2025-12-12 05:00:00,4,0.008476061,-0.0616221765702878,2025-11-14 05:00:00
IEX,2025-12-12 05:00:00,4,0.008476061,-0.1100517072250007,2025-11-14 05:00:00
IFF,2025-12-12 05:00:00,4,0.008476061,-0.0044065793319002,2025-11-14 05:00:00
INCY,2025-12-12 05:00:00,4,0.008476061,0.3229155348254637,2025-11-14 05:00:00
INTC,2025-12-12 05:00:00,4,0.01012134,0.3328475303809074,2025-11-14 05:00:00
INTU,2025-12-12 05:00:00,4,0.008476061,-0.0003465549743162,2025-11-14 05:00:00
INVH,2025-12-12 05:00:00,4,0.008476061,-0.3011764929011723,2025-11-14 05:00:00
IP,2025-12-12 05:00:00,4,0.008476061,-0.2037481501395664,2025-11-14 05:00:00
IPG,2025-12-12 05:00:00,4,0.008476061,-0.2226874776639472,2025-11-14 05:00:00
IQV,2025-12-12 05:00:00,4,0.008476061,0.2854392576524431,2025-11-14 05:00:00
IR,2025-12-12 05:00:00,4,0.008476061,-0.1654256708501259,2025-11-14 05:00:00
IRM,2025-12-12 05:00:00,4,0.008476061,-0.0378217236042384,2025-11-14 05:00:00
ISRG,2025-12-12 05:00:00,4,0.008476061,0.21303114300249,2025-11-14 05:00:00
IT,2025-12-12 05:00:00,4,0.008476061,-0.2377817060759271,2025-11-14 05:00:00
ITW,2025-12-12 05:00:00,4,0.008476061,-0.4338981084508339,2025-11-14 05:00:00
IVZ,2025-12-12 05:00:00,4,0.008476061,0.2126796902905249,2025-11-14 05:00:00
J,2025-12-12 05:00:00,4,0.008476061,-0.0083196919079848,2025-11-14 05:00:00
JBHT,2025-12-12 05:00:00,4,0.008476061,0.1423999722481137,2025-11-14 05:00:00
JBL,2025-12-12 05:00:00,4,0.008476061,-0.2036025144855415,2025-11-14 05:00:00
JCI,2025-12-12 05:00:00,4,0.008476061,0.2588815424037398,2025-11-14 05:00:00
JKHY,2025-12-12 05:00:00,4,0.008476061,0.0181815712696215,2025-11-14 05:00:00
JNJ,2025-12-12 05:00:00,4,0.008476061,0.4193401037607335,2025-11-14 05:00:00
JPM,2025-12-12 05:00:00,4,0.008476061,0.1154283861594093,2025-11-14 05:00:00
K,2025-12-12 05:00:00,4,0.008476061,0.0962113147696328,2025-11-14 05:00:00
KDP,2025-12-12 05:00:00,4,0.008476061,-0.3772826200672763,2025-11-14 05:00:00
KEY,2025-12-12 05:00:00,4,0.008476061,-0.1973293373278853,2025-11-14 05:00:00
KEYS,2025-12-12 05:00:00,4,0.008476061,0.0928754629176453,2025-11-14 05:00:00
KHC,2025-12-12 05:00:00,4,0.008476061,-0.3450648667119772,2025-11-14 05:00:00
KIM,2025-12-12 05:00:00,4,0.008476061,-0.117383221906831,2025-11-14 05:00:00
KKR,2025-12-12 05:00:00,4,0.008476061,-0.366115755103384,2025-11-14 05:00:00
KLAC,2025-12-12 05:00:00,4,0.008476061,0.2894708864550172,2025-11-14 05:00:00
KMB,2025-12-12 05:00:00,4,0.008476061,-0.4598306771654926,2025-11-14 05:00:00
KMI,2025-12-12 05:00:00,4,0.008476061,0.0114330452117522,2025-11-14 05:00:00
KMX,2025-12-12 05:00:00,4,0.01012134,-0.4075643051696292,2025-11-14 05:00:00
KO,2025-12-12 05:00:00,4,0.008476061,0.236830031071595,2025-11-14 05:00:00
KR,2025-12-12 05:00:00,4,0.008476061,-0.0690188389897832,2025-11-14 05:00:00
KVUE,2025-12-12 05:00:00,4,0.008476061,-0.6834515793527219,2025-11-14 05:00:00
L,2025-12-12 05:00:00,4,0.008476061,0.4031829249747476,2025-11-14 05:00:00
LDOS,2025-12-12 05:00:00,4,0.008476061,0.1663214524083937,2025-11-14 05:00:00
LEN,2025-12-12 05:00:00,4,0.008476061,-0.095739573045231,2025-11-14 05:00:00
LH,2025-12-12 05:00:00,4,0.008476061,-0.0180561199067459,2025-11-14 05:00:00
LHX,2025-12-12 05:00:00,4,0.008476061,0.1378826023054475,2025-11-14 05:00:00
LII,2025-12-12 05:00:00,4,0.008476061,-0.4515140047790909,2025-11-14 05:00:00
LIN,2025-12-12 05:00:00,4,0.008476061,-0.4586664391825331,2025-11-14 05:00:00
LKQ,2025-12-12 05:00:00,4,0.008476061,0.0122261652513339,2025-11-14 05:00:00
LLY,2025-12-12 05:00:00,4,0.008476061,0.5648434902793873,2025-11-14 05:00:00
LMT,2025-12-12 05:00:00,4,0.008476061,0.0521892898050877,2025-11-14 05:00:00
LNT,2025-12-12 05:00:00,4,0.008476061,0.1599304386814593,2025-11-14 05:00:00
LOW,2025-12-12 05:00:00,4,0.008476061,-0.2503075121977081,2025-11-14 05:00:00
LRCX,2025-12-12 05:00:00,4,0.008476061,0.2996366786469835,2025-11-14 05:00:00
LULU,2025-12-12 05:00:00,4,0.008476061,-0.3524734294563306,2025-11-14 05:00:00
LUV,2025-12-12 05:00:00,4,0.008476061,0.0377983877406724,2025-11-14 05:00:00
LVS,2025-12-12 05:00:00,4,0.008476061,0.1575985984778163,2025-11-14 05:00:00
LW,2025-12-12 05:00:00,4,0.008476061,0.0463372196525099,2025-11-14 05:00:00
LYB,2025-12-12 05:00:00,4,0.008476061,-0.4260861868411388,2025-11-14 05:00:00
LYV,2025-12-12 05:00:00,4,0.008476061,-0.4492229605439093,2025-11-14 05:00:00
MA,2025-12-12 05:00:00,4,0.008476061,-0.2658845123745802,2025-11-14 05:00:00
MAA,2025-12-12 05:00:00,4,0.008476061,-0.1453865534574752,2025-11-14 05:00:00
MAR,2025-12-12 05:00:00,4,0.008476061,0.0774510922549258,2025-11-14 05:00:00
MAS,2025-12-12 05:00:00,4,0.008476061,-0.4579614570493049,2025-11-14 05:00:00
MCD,2025-12-12 05:00:00,4,0.008476061,0.0302164570363139,2025-11-14 05:00:00
MCHP,2025-12-12 05:00:00,4,0.008476061,-0.4989346219610472,2025-11-14 05:00:00
MCK,2025-12-12 05:00:00,4,0.008476061,0.6056830603114581,2025-11-14 05:00:00
MCO,2025-12-12 05:00:00,4,0.008476061,-0.1744186989175727,2025-11-14 05:00:00
MDLZ,2025-12-12 05:00:00,4,0.008476061,-0.2662996162216998,2025-11-14 05:00:00
MDT,2025-12-12 05:00:00,4,0.008476061,0.1601373463966287,2025-11-14 05:00:00
MET,2025-12-12 05:00:00,4,0.008476061,-0.0588016373821828,2025-11-14 05:00:00
META,2025-12-12 05:00:00,4,0.008476061,-0.4350098442893224,2025-11-14 05:00:00
MGM,2025-12-12 05:00:00,4,0.008476061,-0.3260956199522475,2025-11-14 05:00:00
MHK,2025-12-12 05:00:00,4,0.008476061,-0.3157760597827758,2025-11-14 05:00:00
MKC,2025-12-12 05:00:00,4,0.008476061,-0.1455204045418659,2025-11-14 05:00:00
MKTX,2025-12-12 05:00:00,4,0.008476061,-0.2203997762295191,2025-11-14 05:00:00
MLM,2025-12-12 05:00:00,4,0.008476061,-0.0596529122449261,2025-11-14 05:00:00
MMC,2025-12-12 05:00:00,4,0.008476061,-0.2406947693282247,2025-11-14 05:00:00
MMM,2025-12-12 05:00:00,4,0.008476061,0.1696137560353859,2025-11-14 05:00:00
MNST,2025-12-12 05:00:00,4,0.008476061,0.3904538185126633,2025-11-14 05:00:00
MO,2025-12-12 05:00:00,4,0.008476061,-0.2088282178602388,2025-11-14 05:00:00
MOH,2025-12-12 05:00:00,4,0.008476061,-0.215964557853978,2025-11-14 05:00:00
MOS,2025-12-12 05:00:00,4,0.008476061,-0.3956295227163994,2025-11-14 05:00:00
MPC,2025-12-12 05:00:00,4,0.008476061,0.2776959988321787,2025-11-14 05:00:00
MPWR,2025-12-12 05:00:00,4,0.008476061,-0.0889070085518486,2025-11-14 05:00:00
MRK,2025-12-12 05:00:00,4,0.008476061,0.1385415978151213,2025-11-14 05:00:00
MRNA,2025-12-12 05:00:00,4,0.01012134,-0.0988362003536435,2025-11-14 05:00:00
MS,2025-12-12 05:00:00,4,0.008476061,0.2815157534810669,2025-11-14 05:00:00
MSCI,2025-12-12 05:00:00,4,0.008476061,0.0285631339439423,2025-11-14 05:00:00
MSFT,2025-12-12 05:00:00,4,0.008476061,-0.1361362103635225,2025-11-14 05:00:00
MSI,2025-12-12 05:00:00,4,0.008476061,-0.5458429539394045,2025-11-14 05:00:00
MTB,2025-12-12 05:00:00,4,0.008476061,-0.1690939498384185,2025-11-14 05:00:00
MTCH,2025-12-12 05:00:00,4,0.008476061,-0.3178177407157782,2025-11-14 05:00:00
MTD,2025-12-12 05:00:00,4,0.008476061,0.182838925742668,2025-11-14 05:00:00
MU,2025-12-12 05:00:00,4,0.01012134,0.4998635709700422,2025-11-14 05:00:00
NCLH,2025-12-12 05:00:00,4,0.008476061,-0.4603376803361902,2025-11-14 05:00:00
NDAQ,2025-12-12 05:00:00,4,0.008476061,-0.3545360989451424,2025-11-14 05:00:00
NDSN,2025-12-12 05:00:00,4,0.008476061,0.0829368413632751,2025-11-14 05:00:00
NEE,2025-12-12 05:00:00,4,0.008476061,0.2726131036005989,2025-11-14 05:00:00
NEM,2025-12-12 05:00:00,4,0.008476061,0.2563309969849334,2025-11-14 05:00:00
NFLX,2025-12-12 05:00:00,4,0.008476061,-0.0951186167607337,2025-11-14 05:00:00
NI,2025-12-12 05:00:00,4,0.008476061,-0.0019684080357832,2025-11-14 05:00:00
NKE,2025-12-12 05:00:00,4,0.008476061,-0.3273159905822137,2025-11-14 05:00:00
NOC,2025-12-12 05:00:00,4,0.008476061,-0.1507623949801634,2025-11-14 05:00:00
NOW,2025-12-12 05:00:00,4,0.008476061,-0.1373857900884505,2025-11-14 05:00:00
NRG,2025-12-12 05:00:00,4,0.008476061,0.0982669516547847,2025-11-14 05:00:00
NSC,2025-12-12 05:00:00,4,0.008476061,-0.0097182947662896,2025-11-14 05:00:00
NTAP,2025-12-12 05:00:00,4,0.008476061,-0.0713182295355012,2025-11-14 05:00:00
NTRS,2025-12-12 05:00:00,4,0.008476061,-0.0458965730937797,2025-11-14 05:00:00
NUE,2025-12-12 05:00:00,4,0.008476061,-0.0896326463543324,2025-11-14 05:00:00
NVDA,2025-12-12 05:00:00,4,0.008476061,-0.0193531519678482,2025-11-14 05:00:00
NVR,2025-12-12 05:00:00,4,0.008476061,-0.2355158532899903,2025-11-14 05:00:00
NWS,2025-12-12 05:00:00,4,0.008476061,-0.4951193370941251,2025-11-14 05:00:00
NWSA,2025-12-12 05:00:00,4,0.008476061,-0.3503331241348766,2025-11-14 05:00:00
NXPI,2025-12-12 05:00:00,4,0.008476061,-0.3896057728316269,2025-11-14 05:00:00
O,2025-12-12 05:00:00,4,0.008476061,-0.0154657919795752,2025-11-14 05:00:00
ODFL,2025-12-12 05:00:00,4,0.008476061,-0.4806410759480471,2025-11-14 05:00:00
OKE,2025-12-12 05:00:00,4,0.008476061,-0.2381549946750747,2025-11-14 05:00:00
OMC,2025-12-12 05:00:00,4,0.008476061,-0.2605451652977043,2025-11-14 05:00:00
ON,2025-12-12 05:00:00,4,0.008476061,-0.279314083366469,2025-11-14 05:00:00
ORCL,2025-12-12 05:00:00,4,0.008876466,-0.1777601593924905,2025-11-14 05:00:00
ORLY,2025-12-12 05:00:00,4,0.008476061,-0.0466685721262066,2025-11-14 05:00:00
OTIS,2025-12-12 05:00:00,4,0.008476061,0.1472021635747849,2025-11-14 05:00:00
OXY,2025-12-12 05:00:00,4,0.008476061,-0.2449071102851754,2025-11-14 05:00:00
PANW,2025-12-12 05:00:00,4,0.008476061,0.138691273939415,2025-11-14 05:00:00
PAYC,2025-12-12 05:00:00,4,0.008476061,-0.5897954616436862,2025-11-14 05:00:00
PAYX,2025-12-12 05:00:00,4,0.008476061,-0.8433394500420848,2025-11-14 05:00:00
PCAR,2025-12-12 05:00:00,4,0.008476061,-0.1454940284941621,2025-11-14 05:00:00
PCG,2025-12-12 05:00:00,4,0.008476061,0.3071293693777673,2025-11-14 05:00:00
PEG,2025-12-12 05:00:00,4,0.008476061,-0.03319100569119,2025-11-14 05:00:00
PEP,2025-12-12 05:00:00,4,0.008476061,-0.1072564912774263,2025-11-14 05:00:00
PFE,2025-12-12 05:00:00,4,0.008476061,0.0120826209887657,2025-11-14 05:00:00
PFG,2025-12-12 05:00:00,4,0.008476061,0.2195942014450325,2025-11-14 05:00:00
PG,2025-12-12 05:00:00,4,0.008476061,-0.2297361175785174,2025-11-14 05:00:00
PGR,2025-12-12 05:00:00,4,0.008476061,-0.1664195405219127,2025-11-14 05:00:00
PH,2025-12-12 05:00:00,4,0.008476061,0.2128471983431189,2025-11-14 05:00:00
PHM,2025-12-12 05:00:00,4,0.008476061,-0.1273362519470366,2025-11-14 05:00:00
PKG,2025-12-12 05:00:00,4,0.008476061,-0.1705502523572388,2025-11-14 05:00:00
PLD,2025-12-12 05:00:00,4,0.008476061,0.3026338977094037,2025-11-14 05:00:00
PLTR,2025-12-12 05:00:00,4,0.01012134,0.0143584838668232,2025-11-14 05:00:00
PM,2025-12-12 05:00:00,4,0.008476061,-0.0577670478062756,2025-11-14 05:00:00
PNC,2025-12-12 05:00:00,4,0.008476061,-0.234562189052826,2025-11-14 05:00:00
PNR,2025-12-12 05:00:00,4,0.008476061,-0.1230925144445169,2025-11-14 05:00:00
PNW,2025-12-12 05:00:00,4,0.008476061,-0.0988023330314709,2025-11-14 05:00:00
PODD,2025-12-12 05:00:00,4,0.008476061,0.0021313901196357,2025-11-14 05:00:00
POOL,2025-12-12 05:00:00,4,0.008476061,-0.4551105850795304,2025-11-14 05:00:00
PPG,2025-12-12 05:00:00,4,0.008476061,-0.3572464157303715,2025-11-14 05:00:00
PPL,2025-12-12 05:00:00,4,0.008476061,0.0768017227329476,2025-11-14 05:00:00
PRU,2025-12-12 05:00:00,4,0.008476061,-0.0430399566957693,2025-11-14 05:00:00
PSA,2025-12-12 05:00:00,4,0.008476061,-0.1061725517815398,2025-11-14 05:00:00
PSKY,2025-12-12 05:00:00,4,0.01012134,-0.0242715064838149,2025-11-14 05:00:00
PSX,2025-12-12 05:00:00,4,0.008476061,0.1675693956913121,2025-11-14 05:00:00
PTC,2025-12-12 05:00:00,4,0.008476061,-0.5479287685532923,2025-11-14 05:00:00
PWR,2025-12-12 05:00:00,4,0.008476061,0.1881163498659432,2025-11-14 05:00:00
PYPL,2025-12-12 05:00:00,4,0.008476061,-0.3895644356156197,2025-11-14 05:00:00
QCOM,2025-12-12 05:00:00,4,0.008476061,0.1557255593677362,2025-11-14 05:00:00
RCL,2025-12-12 05:00:00,4,0.008476061,-0.5474473627146651,2025-11-14 05:00:00
REG,2025-12-12 05:00:00,4,0.008476061,-0.089716974142401,2025-11-14 05:00:00
REGN,2025-12-12 05:00:00,4,0.008476061,0.2924237619229223,2025-11-14 05:00:00
RF,2025-12-12 05:00:00,4,0.008476061,-0.186665917595667,2025-11-14 05:00:00
RJF,2025-12-12 05:00:00,4,0.008476061,-0.1291485760317289,2025-11-14 05:00:00
RL,2025-12-12 05:00:00,4,0.008476061,0.2374700440489315,2025-11-14 05:00:00
RMD,2025-12-12 05:00:00,4,0.008476061,-0.3980251980739909,2025-11-14 05:00:00
ROK,2025-12-12 05:00:00,4,0.008476061,0.1282235844026308,2025-11-14 05:00:00
ROL,2025-12-12 05:00:00,4,0.008476061,0.091035431416765,2025-11-14 05:00:00
ROP,2025-12-12 05:00:00,4,0.008476061,-0.593600629502716,2025-11-14 05:00:00
ROST,2025-12-12 05:00:00,4,0.008476061,0.2212377170132601,2025-11-14 05:00:00
RSG,2025-12-12 05:00:00,4,0.008476061,-0.3557591893825897,2025-11-14 05:00:00
RTX,2025-12-12 05:00:00,4,0.008476061,0.1507576969196493,2025-11-14 05:00:00
RVTY,2025-12-12 05:00:00,4,0.008476061,0.1071861139128036,2025-11-14 05:00:00
SBAC,2025-12-12 05:00:00,4,0.008476061,-0.1159791815547699,2025-11-14 05:00:00
SBUX,2025-12-12 05:00:00,4,0.008476061,-0.0353662704675515,2025-11-14 05:00:00
SCHW,2025-12-12 05:00:00,4,0.008476061,-0.068231628354514,2025-11-14 05:00:00
SHW,2025-12-12 05:00:00,4,0.008476061,-0.2253053033259297,2025-11-14 05:00:00
SJM,2025-12-12 05:00:00,4,0.008476061,-0.0132106669521094,2025-11-14 05:00:00
SLB,2025-12-12 05:00:00,4,0.008476061,0.0236028586200287,2025-11-14 05:00:00
SMCI,2025-12-12 05:00:00,4,0.01012134,-0.2699915432802698,2025-11-14 05:00:00
SNA,2025-12-12 05:00:00,4,0.008476061,-0.0336484833036942,2025-11-14 05:00:00
SNPS,2025-12-12 05:00:00,4,0.008876466,-0.3165250155052924,2025-11-14 05:00:00
SO,2025-12-12 05:00:00,4,0.008476061,-0.0506504548956792,2025-11-14 05:00:00
SOLV,2025-12-12 05:00:00,4,0.008476061,0.109175184015891,2025-11-14 05:00:00
SPG,2025-12-12 05:00:00,4,0.008476061,0.2439519223968022,2025-11-14 05:00:00
SPGI,2025-12-12 05:00:00,4,0.008476061,-0.3079003323864418,2025-11-14 05:00:00
SRE,2025-12-12 05:00:00,4,0.008476061,0.3719394712029749,2025-11-14 05:00:00
STE,2025-12-12 05:00:00,4,0.008476061,0.1352145022640478,2025-11-14 05:00:00
STLD,2025-12-12 05:00:00,4,0.008476061,0.2648517009440938,2025-11-14 05:00:00
STT,2025-12-12 05:00:00,4,0.008476061,0.0656289304408895,2025-11-14 05:00:00
STX,2025-12-12 05:00:00,4,0.01012134,0.2844230068092072,2025-11-14 05:00:00
STZ,2025-12-12 05:00:00,4,0.008476061,-0.3756394347060203,2025-11-14 05:00:00
SW,2025-12-12 05:00:00,4,0.008476061,-0.4479679083388598,2025-11-14 05:00:00
SWK,2025-12-12 05:00:00,4,0.008476061,-0.1831785210542995,2025-11-14 05:00:00
SWKS,2025-12-12 05:00:00,4,0.008476061,-0.1947649922794729,2025-11-14 05:00:00
SYF,2025-12-12 05:00:00,4,0.008476061,-0.0155850969239456,2025-11-14 05:00:00
SYK,2025-12-12 05:00:00,4,0.008476061,-0.0953099769646202,2025-11-14 05:00:00
SYY,2025-12-12 05:00:00,4,0.008476061,-0.0878297966181425,2025-11-14 05:00:00
T,2025-12-12 05:00:00,4,0.008476061,-0.0511641990657661,2025-11-14 05:00:00
TAP,2025-12-12 05:00:00,4,0.008476061,-0.1259353217417081,2025-11-14 05:00:00
TDG,2025-12-12 05:00:00,4,0.008476061,0.0728281995079319,2025-11-14 05:00:00
TDY,2025-12-12 05:00:00,4,0.008476061,-0.2771255606848478,2025-11-14 05:00:00
TECH,2025-12-12 05:00:00,4,0.009717643,0.0953831317902273,2025-11-14 05:00:00
TEL,2025-12-12 05:00:00,4,0.008476061,0.2520149538877185,2025-11-14 05:00:00
TER,2025-12-12 05:00:00,4,0.01012134,0.218579148437444,2025-11-14 05:00:00
TFC,2025-12-12 05:00:00,4,0.008476061,-0.089284380177261,2025-11-14 05:00:00
TGT,2025-12-12 05:00:00,4,0.008476061,-0.3155146648036052,2025-11-14 05:00:00
TJX,2025-12-12 05:00:00,4,0.008476061,0.37014078725966,2025-11-14 05:00:00
TKO,2025-12-12 05:00:00,4,0.008476061,-0.1472360589731404,2025-11-14 05:00:00
TMO,2025-12-12 05:00:00,4,0.008476061,0.3047386204386211,2025-11-14 05:00:00
TMUS,2025-12-12 05:00:00,4,0.008476061,-0.3076058090110243,2025-11-14 05:00:00
TPL,2025-12-12 05:00:00,4,0.008476061,0.0840354503261888,2025-11-14 05:00:00
TPR,2025-12-12 05:00:00,4,0.008476061,-0.081424930615087,2025-11-14 05:00:00
TRGP,2025-12-12 05:00:00,4,0.008476061,0.0476693972169219,2025-11-14 05:00:00
TRMB,2025-12-12 05:00:00,4,0.008476061,-0.3028190022273406,2025-11-14 05:00:00
TROW,2025-12-12 05:00:00,4,0.008476061,-0.3997184868032844,2025-11-14 05:00:00
TRV,2025-12-12 05:00:00,4,0.008476061,0.1948600478530765,2025-11-14 05:00:00
TSCO,2025-12-12 05:00:00,4,0.008476061,-0.2975442435893934,2025-11-14 05:00:00
TSLA,2025-12-12 05:00:00,4,0.008476061,0.0183609634593807,2025-11-14 05:00:00
TSN,2025-12-12 05:00:00,4,0.008476061,-0.278839958341452,2025-11-14 05:00:00
TT,2025-12-12 05:00:00,4,0.008476061,-0.1481695661860211,2025-11-14 05:00:00
TTD,2025-12-12 05:00:00,4,0.01012134,-0.2659841664246098,2025-11-14 05:00:00
TTWO,2025-12-12 05:00:00,4,0.008476061,0.0543173501575497,2025-11-14 05:00:00
TXN,2025-12-12 05:00:00,4,0.008476061,-0.5344850316352148,2025-11-14 05:00:00
TXT,2025-12-12 05:00:00,4,0.008476061,-0.0362227590709738,2025-11-14 05:00:00
TYL,2025-12-12 05:00:00,4,0.008476061,-0.448156480716709,2025-11-14 05:00:00
UAL,2025-12-12 05:00:00,4,0.008476061,-0.2275219342060622,2025-11-14 05:00:00
UBER,2025-12-12 05:00:00,4,0.008476061,-0.2689814507140214,2025-11-14 05:00:00
UDR,2025-12-12 05:00:00,4,0.008476061,-0.2197727519015671,2025-11-14 05:00:00
UHS,2025-12-12 05:00:00,4,0.008476061,0.586060804719378,2025-11-14 05:00:00
ULTA,2025-12-12 05:00:00,4,0.008476061,-0.0789917099467675,2025-11-14 05:00:00
UNH,2025-12-12 05:00:00,4,0.008476061,0.1790425421062548,2025-11-14 05:00:00
UNP,2025-12-12 05:00:00,4,0.008476061,-0.0791219718236808,2025-11-14 05:00:00
UPS,2025-12-12 05:00:00,4,0.008476061,0.1735990720633422,2025-11-14 05:00:00
URI,2025-12-12 05:00:00,4,0.008476061,-0.2729784823522471,2025-11-14 05:00:00
USB,2025-12-12 05:00:00,4,0.008476061,-0.0284904098846011,2025-11-14 05:00:00
V,2025-12-12 05:00:00,4,0.008476061,-0.1491029084522153,2025-11-14 05:00:00
VICI,2025-12-12 05:00:00,4,0.008476061,-0.2039338250416062,2025-11-14 05:00:00
VLO,2025-12-12 05:00:00,4,0.008476061,0.3113940573460977,2025-11-14 05:00:00
VLTO,2025-12-12 05:00:00,4,0.008476061,-0.2586425459625081,2025-11-14 05:00:00
VMC,2025-12-12 05:00:00,4,0.008476061,-0.1613397785165648,2025-11-14 05:00:00
VRSK,2025-12-12 05:00:00,4,0.008476061,-0.4481190424531412,2025-11-14 05:00:00
VRSN,2025-12-12 05:00:00,4,0.008476061,-0.1491532406332827,2025-11-14 05:00:00
VRTX,2025-12-12 05:00:00,4,0.008476061,0.2626191707064524,2025-11-14 05:00:00
VST,2025-12-12 05:00:00,4,0.008476061,-0.2270261535914212,2025-11-14 05:00:00
VTR,2025-12-12 05:00:00,4,0.008476061,0.5163467891156717,2025-11-14 05:00:00
VTRS,2025-12-12 05:00:00,4,0.008476061,0.0860921284328839,2025-11-14 05:00:00
VZ,2025-12-12 05:00:00,4,0.008476061,-0.0120917448933237,2025-11-14 05:00:00
WAB,2025-12-12 05:00:00,4,0.008476061,0.0717851701549608,2025-11-14 05:00:00
WAT,2025-12-12 05:00:00,4,0.008476061,0.467505608864028,2025-11-14 05:00:00
WBD,2025-12-12 05:00:00,4,0.01012134,0.3562363887404836,2025-11-14 05:00:00
WDAY,2025-12-12 05:00:00,4,0.008476061,0.0405918401228051,2025-11-14 05:00:00
WDC,2025-12-12 05:00:00,4,0.01012134,0.4647101247892838,2025-11-14 05:00:00
WEC,2025-12-12 05:00:00,4,0.008476061,0.1731549823807368,2025-11-14 05:00:00
WELL,2025-12-12 05:00:00,4,0.008476061,0.4213772094095154,2025-11-14 05:00:00
WFC,2025-12-12 05:00:00,4,0.008476061,0.1716622109040257,2025-11-14 05:00:00
WM,2025-12-12 05:00:00,4,0.008476061,-0.296841451682889,2025-11-14 05:00:00
WMB,2025-12-12 05:00:00,4,0.008476061,0.1130085477591605,2025-11-14 05:00:00
WMT,2025-12-12 05:00:00,4,0.008476061,0.1903460687979761,2025-11-14 05:00:00
WRB,2025-12-12 05:00:00,4,0.008476061,0.2328095977823878,2025-11-14 05:00:00
WSM,2025-12-12 05:00:00,4,0.008476061,-0.0725546911768883,2025-11-14 05:00:00
WST,2025-12-12 05:00:00,4,0.008476061,0.1478297241738142,2025-11-14 05:00:00
WTW,2025-12-12 05:00:00,4,0.008476061,-0.083599447262644,2025-11-14 05:00:00
WY,2025-12-12 05:00:00,4,0.008476061,-0.4601315120944901,2025-11-14 05:00:00
WYNN,2025-12-12 05:00:00,4,0.008476061,0.0361218116504352,2025-11-14 05:00:00
XEL,2025-12-12 05:00:00,4,0.008476061,0.2098491334419441,2025-11-14 05:00:00
XOM,2025-12-12 05:00:00,4,0.008476061,0.2250882233165156,2025-11-14 05:00:00
XYL,2025-12-12 05:00:00,4,0.008476061,0.0743732610908428,2025-11-14 05:00:00
XYZ,2025-12-12 05:00:00,4,0.008476061,-0.3891831928824389,2025-11-14 05:00:00
YUM,2025-12-12 05:00:00,4,0.008476061,0.0806616014949818,2025-11-14 05:00:00
ZBH,2025-12-12 05:00:00,4,0.008476061,-0.2483938151962178,2025-11-14 05:00:00
ZBRA,2025-12-12 05:00:00,4,0.008476061,-0.4676343570622775,2025-11-14 05:00:00
ZTS,2025-12-12 05:00:00,4,0.008476061,-0.3964080479013425,2025-11-14 05:00:00
A,2026-01-09 05:00:00,8,0.028260352,0.3628956466639322,2025-11-14 05:00:00
AAPL,2026-01-09 05:00:00,8,0.027900131,0.4549544681829668,2025-11-14 05:00:00
ABBV,2026-01-09 05:00:00,8,0.027900131,0.3636564291672795,2025-11-14 05:00:00
ABNB,2026-01-09 05:00:00,8,0.029389849,-0.1871703414977284,2025-11-14 05:00:00
ABT,2026-01-09 05:00:00,8,0.027900131,0.0622993571978608,2025-11-14 05:00:00
ACGL,2026-01-09 05:00:00,8,0.028337143,-0.0072738044438882,2025-11-14 05:00:00
ACN,2026-01-09 05:00:00,8,0.029389849,-0.2730130312929993,2025-11-14 05:00:00
ADBE,2026-01-09 05:00:00,8,0.029389849,-0.2079771045583132,2025-11-14 05:00:00
ADI,2026-01-09 05:00:00,8,0.030803764,-0.1729136001718302,2025-11-14 05:00:00
ADM,2026-01-09 05:00:00,8,0.028560344,-0.2164974113357676,2025-11-14 05:00:00
ADP,2026-01-09 05:00:00,8,0.037274085,-0.6472246059235082,2025-11-14 05:00:00
ADSK,2026-01-09 05:00:00,8,0.029566405,0.0240397287157634,2025-11-14 05:00:00
AEE,2026-01-09 05:00:00,8,0.027900131,0.2012698180023851,2025-11-14 05:00:00
AEP,2026-01-09 05:00:00,8,0.027900131,0.256129185068669,2025-11-14 05:00:00
AES,2026-01-09 05:00:00,8,0.028171279,-0.0363198833760121,2025-11-14 05:00:00
AFL,2026-01-09 05:00:00,8,0.027900131,0.2722812469168186,2025-11-14 05:00:00
AIG,2026-01-09 05:00:00,8,0.027900131,-0.1540331323231766,2025-11-14 05:00:00
AIZ,2026-01-09 05:00:00,8,0.027900131,0.2107562213303451,2025-11-14 05:00:00
AJG,2026-01-09 05:00:00,8,0.036707383,-0.2671103743941286,2025-11-14 05:00:00
AKAM,2026-01-09 05:00:00,8,0.030021217,0.214785828655724,2025-11-14 05:00:00
ALB,2026-01-09 05:00:00,8,0.04024059,0.3821862995998362,2025-11-14 05:00:00
ALGN,2026-01-09 05:00:00,8,0.031644776,-0.2680875678660505,2025-11-14 05:00:00
ALL,2026-01-09 05:00:00,8,0.027900131,0.140976871685381,2025-11-14 05:00:00
ALLE,2026-01-09 05:00:00,8,0.032249622,-0.1025859427697816,2025-11-14 05:00:00
AMAT,2026-01-09 05:00:00,8,0.0285315,0.2989926227438172,2025-11-14 05:00:00
AMCR,2026-01-09 05:00:00,8,0.029389849,-0.069323743200022,2025-11-14 05:00:00
AMD,2026-01-09 05:00:00,8,0.036918793,0.0013822107618483,2025-11-14 05:00:00
AME,2026-01-09 05:00:00,8,0.027900131,0.0195745750020996,2025-11-14 05:00:00
AMGN,2026-01-09 05:00:00,8,0.028260352,0.3103767835315777,2025-11-14 05:00:00
AMP,2026-01-09 05:00:00,8,0.035368137,-0.3937649478166642,2025-11-14 05:00:00
AMT,2026-01-09 05:00:00,8,0.029044,-0.2872091904834708,2025-11-14 05:00:00
AMZN,2026-01-09 05:00:00,8,0.027900131,-0.0755616801669138,2025-11-14 05:00:00
ANET,2026-01-09 05:00:00,8,0.046752866,-0.174474216273772,2025-11-14 05:00:00
AON,2026-01-09 05:00:00,8,0.028337143,-0.1196479286651135,2025-11-14 05:00:00
AOS,2026-01-09 05:00:00,8,0.029481012,-0.24625404111497,2025-11-14 05:00:00
APA,2026-01-09 05:00:00,8,0.03040334,0.1469325217249281,2025-11-14 05:00:00
APD,2026-01-09 05:00:00,8,0.034645967,-0.2559286320833062,2025-11-14 05:00:00
APH,2026-01-09 05:00:00,8,0.028260352,0.3766096054104905,2025-11-14 05:00:00
APO,2026-01-09 05:00:00,8,0.035220902,-0.1544836101373262,2025-11-14 05:00:00
APTV,2026-01-09 05:00:00,8,0.028171279,0.0480363605934072,2025-11-14 05:00:00
ARE,2026-01-09 05:00:00,8,0.045658264,-0.3499933268095815,2025-11-14 05:00:00
ATO,2026-01-09 05:00:00,8,0.027900131,0.3113784699235786,2025-11-14 05:00:00
AVB,2026-01-09 05:00:00,8,0.029389849,-0.1438169856536322,2025-11-14 05:00:00
AVGO,2026-01-09 05:00:00,8,0.033242613,0.0494625530516285,2025-11-14 05:00:00
AVY,2026-01-09 05:00:00,8,0.029389849,0.0216889025882564,2025-11-14 05:00:00
AWK,2026-01-09 05:00:00,8,0.027900131,-0.1011782324248007,2025-11-14 05:00:00
AXON,2026-01-09 05:00:00,8,0.044737596,-0.4106084865413034,2025-11-14 05:00:00
AXP,2026-01-09 05:00:00,8,0.027900131,0.2750684478754654,2025-11-14 05:00:00
AZO,2026-01-09 05:00:00,8,0.032249622,-0.1323445791533123,2025-11-14 05:00:00
BA,2026-01-09 05:00:00,8,0.03578437,-0.4228782839607335,2025-11-14 05:00:00
BAC,2026-01-09 05:00:00,8,0.027900131,0.2080518034455365,2025-11-14 05:00:00
BALL,2026-01-09 05:00:00,8,0.02975007,-0.1182722691064765,2025-11-14 05:00:00
BAX,2026-01-09 05:00:00,8,0.041608687,-0.2505715330857861,2025-11-14 05:00:00
BBY,2026-01-09 05:00:00,8,0.029660996,-0.025344310565635,2025-11-14 05:00:00
BDX,2026-01-09 05:00:00,8,0.029389849,-0.0264024522372994,2025-11-14 05:00:00
BEN,2026-01-09 05:00:00,8,0.035078328,-0.4122678299442824,2025-11-14 05:00:00
BG,2026-01-09 05:00:00,8,0.028171279,0.1257342721751644,2025-11-14 05:00:00
BIIB,2026-01-09 05:00:00,8,0.029091947,0.2519854381502777,2025-11-14 05:00:00
BK,2026-01-09 05:00:00,8,0.027900131,0.3182743761084259,2025-11-14 05:00:00
BKNG,2026-01-09 05:00:00,8,0.03542275,-0.5502780919931333,2025-11-14 05:00:00
BKR,2026-01-09 05:00:00,8,0.027900131,0.0505533574519701,2025-11-14 05:00:00
BLDR,2026-01-09 05:00:00,8,0.03793569,-0.3664551419138562,2025-11-14 05:00:00
BLK,2026-01-09 05:00:00,8,0.033174854,-0.328900723710535,2025-11-14 05:00:00
BMY,2026-01-09 05:00:00,8,0.029389849,0.1316782992235913,2025-11-14 05:00:00
BR,2026-01-09 05:00:00,8,0.035078328,-0.4798560393098453,2025-11-14 05:00:00
BRO,2026-01-09 05:00:00,8,0.037274085,-0.292316973382802,2025-11-14 05:00:00
BSX,2026-01-09 05:00:00,8,0.027900131,-0.0218538460795851,2025-11-14 05:00:00
BX,2026-01-09 05:00:00,8,0.037545234,-0.3798553282472933,2025-11-14 05:00:00
BXP,2026-01-09 05:00:00,8,0.028337143,0.1554489987866977,2025-11-14 05:00:00
C,2026-01-09 05:00:00,8,0.032249622,0.0807924648938423,2025-11-14 05:00:00
CAG,2026-01-09 05:00:00,8,0.030871825,-0.3477067122689182,2025-11-14 05:00:00
CAH,2026-01-09 05:00:00,8,0.028171279,0.6388781686485808,2025-11-14 05:00:00
CARR,2026-01-09 05:00:00,8,0.036912464,-0.6446672481686971,2025-11-14 05:00:00
CAT,2026-01-09 05:00:00,8,0.028171279,0.3825420184720848,2025-11-14 05:00:00
CB,2026-01-09 05:00:00,8,0.027900131,0.2581639730012525,2025-11-14 05:00:00
CBOE,2026-01-09 05:00:00,8,0.027900131,0.1473881749646373,2025-11-14 05:00:00
CBRE,2026-01-09 05:00:00,8,0.032249622,-0.1066842954346938,2025-11-14 05:00:00
CCI,2026-01-09 05:00:00,8,0.028260352,-0.1110396530765288,2025-11-14 05:00:00
CCL,2026-01-09 05:00:00,8,0.03605552,-0.4429288888602722,2025-11-14 05:00:00
CDNS,2026-01-09 05:00:00,8,0.03697853,-0.2455505533358213,2025-11-14 05:00:00
CDW,2026-01-09 05:00:00,8,0.035786748,-0.2519197434849595,2025-11-14 05:00:00
CEG,2026-01-09 05:00:00,8,0.03445554,-0.0502668706301392,2025-11-14 05:00:00
CF,2026-01-09 05:00:00,8,0.030321209,-0.1347901057805011,2025-11-14 05:00:00
CFG,2026-01-09 05:00:00,8,0.028560344,0.0086589271684149,2025-11-14 05:00:00
CHD,2026-01-09 05:00:00,8,0.029389849,-0.273962528000798,2025-11-14 05:00:00
CHRW,2026-01-09 05:00:00,8,0.028561736,0.2627449555244271,2025-11-14 05:00:00
CHTR,2026-01-09 05:00:00,8,0.038541242,-0.5692306996561793,2025-11-14 05:00:00
CI,2026-01-09 05:00:00,8,0.032989383,-0.0613283642799538,2025-11-14 05:00:00
CINF,2026-01-09 05:00:00,8,0.027900131,0.2108079523601912,2025-11-14 05:00:00
CL,2026-01-09 05:00:00,8,0.029389849,-0.2535821070728323,2025-11-14 05:00:00
CLX,2026-01-09 05:00:00,8,0.033584803,-0.362682127946061,2025-11-14 05:00:00
CMCSA,2026-01-09 05:00:00,8,0.034728885,-0.3965276838051992,2025-11-14 05:00:00
CME,2026-01-09 05:00:00,8,0.027900131,0.3009838895619032,2025-11-14 05:00:00
CMG,2026-01-09 05:00:00,8,0.039492417,-0.3461803773242506,2025-11-14 05:00:00
CMI,2026-01-09 05:00:00,8,0.027900131,0.2856934715326187,2025-11-14 05:00:00
CMS,2026-01-09 05:00:00,8,0.027900131,0.3304312249762132,2025-11-14 05:00:00
CNC,2026-01-09 05:00:00,8,0.03941357,0.3404289636445092,2025-11-14 05:00:00
CNP,2026-01-09 05:00:00,8,0.027900131,0.2453287833686958,2025-11-14 05:00:00
COF,2026-01-09 05:00:00,8,0.032249622,-0.1067295149528836,2025-11-14 05:00:00
COIN,2026-01-09 05:00:00,8,0.047418177,-0.1453409850355559,2025-11-14 05:00:00
COO,2026-01-09 05:00:00,8,0.032704554,-0.2057033235516228,2025-11-14 05:00:00
COP,2026-01-09 05:00:00,8,0.029609047,-0.1770022170062969,2025-11-14 05:00:00
COR,2026-01-09 05:00:00,8,0.027900131,0.7007779847223152,2025-11-14 05:00:00
COST,2026-01-09 05:00:00,8,0.027900131,-0.0708166565536659,2025-11-14 05:00:00
CPAY,2026-01-09 05:00:00,8,0.037199415,-0.3675379047862643,2025-11-14 05:00:00
CPB,2026-01-09 05:00:00,8,0.029389849,-0.0604122663690814,2025-11-14 05:00:00
CPRT,2026-01-09 05:00:00,8,0.03256297,-0.515665850912754,2025-11-14 05:00:00
CPT,2026-01-09 05:00:00,8,0.0288208,-0.0817715381080566,2025-11-14 05:00:00
CRL,2026-01-09 05:00:00,8,0.03905335,0.0905834224152061,2025-11-14 05:00:00
CRM,2026-01-09 05:00:00,8,0.029660996,-0.1084354447454155,2025-11-14 05:00:00
CRWD,2026-01-09 05:00:00,8,0.0285315,0.2876269870497362,2025-11-14 05:00:00
CSCO,2026-01-09 05:00:00,8,0.027900131,0.3210467965961932,2025-11-14 05:00:00
CSGP,2026-01-09 05:00:00,8,0.037545234,-0.4497679480655374,2025-11-14 05:00:00
CSX,2026-01-09 05:00:00,8,0.028906193,-0.0407518394653648,2025-11-14 05:00:00
CTAS,2026-01-09 05:00:00,8,0.036568046,-0.3348980927169945,2025-11-14 05:00:00
CTRA,2026-01-09 05:00:00,8,0.027900131,0.1613848703342393,2025-11-14 05:00:00
CTSH,2026-01-09 05:00:00,8,0.028337143,0.0305299277240057,2025-11-14 05:00:00
CTVA,2026-01-09 05:00:00,8,0.03563484,-0.2145665320014767,2025-11-14 05:00:00
CVS,2026-01-09 05:00:00,8,0.027900131,0.564779781077684,2025-11-14 05:00:00
CVX,2026-01-09 05:00:00,8,0.028337143,-0.061613356743659,2025-11-14 05:00:00
CZR,2026-01-09 05:00:00,8,0.04364134,-0.3608632573733664,2025-11-14 05:00:00
D,2026-01-09 05:00:00,8,0.027900131,0.085973407938768,2025-11-14 05:00:00
DAL,2026-01-09 05:00:00,8,0.0285315,-0.1508006958155285,2025-11-14 05:00:00
DASH,2026-01-09 05:00:00,8,0.03755982,-0.3845125616471455,2025-11-14 05:00:00
DAY,2026-01-09 05:00:00,8,0.029389849,-0.0261740927056501,2025-11-14 05:00:00
DD,2026-01-09 05:00:00,8,0.029045392,0.3305761807031999,2025-11-14 05:00:00
DDOG,2026-01-09 05:00:00,8,0.036481783,0.4490288226011202,2025-11-14 05:00:00
DE,2026-01-09 05:00:00,8,0.027900131,-0.2014058248190563,2025-11-14 05:00:00
DECK,2026-01-09 05:00:00,8,0.03877397,-0.3778074506379167,2025-11-14 05:00:00
DELL,2026-01-09 05:00:00,8,0.03708516,-0.1111450406337145,2025-11-14 05:00:00
DG,2026-01-09 05:00:00,8,0.030251488,-0.1703425992879158,2025-11-14 05:00:00
DGX,2026-01-09 05:00:00,8,0.027900131,0.2468428438957667,2025-11-14 05:00:00
DHI,2026-01-09 05:00:00,8,0.037325196,-0.1977374189313972,2025-11-14 05:00:00
DHR,2026-01-09 05:00:00,8,0.029091947,0.1345370271054476,2025-11-14 05:00:00
DIS,2026-01-09 05:00:00,8,0.032954257,-0.4684799185973609,2025-11-14 05:00:00
DLR,2026-01-09 05:00:00,8,0.03071117,-0.0791018152313136,2025-11-14 05:00:00
DLTR,2026-01-09 05:00:00,8,0.031485986,-0.1902561992924366,2025-11-14 05:00:00
DOC,2026-01-09 05:00:00,8,0.029389849,0.0308020387249756,2025-11-14 05:00:00
DOV,2026-01-09 05:00:00,8,0.029389849,-0.1065877264112418,2025-11-14 05:00:00
DOW,2026-01-09 05:00:00,8,0.03548154,-0.0844003957680212,2025-11-14 05:00:00
DPZ,2026-01-09 05:00:00,8,0.029847033,-0.2691171824942053,2025-11-14 05:00:00
DRI,2026-01-09 05:00:00,8,0.03542275,-0.3307608449374809,2025-11-14 05:00:00
DTE,2026-01-09 05:00:00,8,0.027900131,-0.0077180711656002,2025-11-14 05:00:00
DUK,2026-01-09 05:00:00,8,0.027900131,0.0895373362454057,2025-11-14 05:00:00
DVA,2026-01-09 05:00:00,8,0.029389849,-0.1869434146374664,2025-11-14 05:00:00
DVN,2026-01-09 05:00:00,8,0.029660996,-0.0248765001153767,2025-11-14 05:00:00
DXCM,2026-01-09 05:00:00,8,0.047756582,-0.3203354686233522,2025-11-14 05:00:00
EA,2026-01-09 05:00:00,8,0.027900131,0.3097168950673699,2025-11-14 05:00:00
EBAY,2026-01-09 05:00:00,8,0.0361957,-0.1899770097783032,2025-11-14 05:00:00
ECL,2026-01-09 05:00:00,8,0.032249622,-0.2387175874467072,2025-11-14 05:00:00
ED,2026-01-09 05:00:00,8,0.027900131,0.0680140556410931,2025-11-14 05:00:00
EFX,2026-01-09 05:00:00,8,0.037545234,-0.3980175462691591,2025-11-14 05:00:00
EG,2026-01-09 05:00:00,8,0.0288208,-0.0255669483410184,2025-11-14 05:00:00
EIX,2026-01-09 05:00:00,8,0.029389849,0.230131672160857,2025-11-14 05:00:00
EL,2026-01-09 05:00:00,8,0.0323545,-0.1897070103338585,2025-11-14 05:00:00
ELV,2026-01-09 05:00:00,8,0.030021217,0.1458310883270961,2025-11-14 05:00:00
EMN,2026-01-09 05:00:00,8,0.031284556,-0.232083859046394,2025-11-14 05:00:00
EMR,2026-01-09 05:00:00,8,0.032249622,-0.1566914376673365,2025-11-14 05:00:00
ENPH,2026-01-09 05:00:00,8,0.04345073,-0.37488931432347,2025-11-14 05:00:00
EOG,2026-01-09 05:00:00,8,0.03130019,-0.2926783702260247,2025-11-14 05:00:00
EPAM,2026-01-09 05:00:00,8,0.030021217,0.0519179513330684,2025-11-14 05:00:00
EQIX,2026-01-09 05:00:00,8,0.028906193,0.0554257610476112,2025-11-14 05:00:00
EQR,2026-01-09 05:00:00,8,0.029734267,-0.193133400134649,2025-11-14 05:00:00
EQT,2026-01-09 05:00:00,8,0.028171279,0.2145769245403636,2025-11-14 05:00:00
ERIE,2026-01-09 05:00:00,8,0.037274085,-0.5073234799365656,2025-11-14 05:00:00
ES,2026-01-09 05:00:00,8,0.027900131,0.7725290199071412,2025-11-14 05:00:00
ESS,2026-01-09 05:00:00,8,0.028337143,0.0462579678651171,2025-11-14 05:00:00
ETN,2026-01-09 05:00:00,8,0.03331588,-0.1949409310909997,2025-11-14 05:00:00
ETR,2026-01-09 05:00:00,8,0.027900131,0.2383438207175731,2025-11-14 05:00:00
EVRG,2026-01-09 05:00:00,8,0.027900131,0.2488352029218149,2025-11-14 05:00:00
EW,2026-01-09 05:00:00,8,0.027900131,0.1826943337208795,2025-11-14 05:00:00
EXC,2026-01-09 05:00:00,8,0.027900131,0.1304017072734688,2025-11-14 05:00:00
EXE,2026-01-09 05:00:00,8,0.028171279,0.3504920420407681,2025-11-14 05:00:00
EXPD,2026-01-09 05:00:00,8,0.028171279,0.2560806674085086,2025-11-14 05:00:00
EXPE,2026-01-09 05:00:00,8,0.029482672,0.3355109785106761,2025-11-14 05:00:00
EXR,2026-01-09 05:00:00,8,0.029389849,-0.0534937268561879,2025-11-14 05:00:00
F,2026-01-09 05:00:00,8,0.028171279,0.1979646348716374,2025-11-14 05:00:00
FANG,2026-01-09 05:00:00,8,0.029389849,-0.0182310980397827,2025-11-14 05:00:00
FAST,2026-01-09 05:00:00,8,0.03585976,-0.6616784988757894,2025-11-14 05:00:00
FCX,2026-01-09 05:00:00,8,0.03878191,-0.1722524309050328,2025-11-14 05:00:00
FDS,2026-01-09 05:00:00,8,0.037183613,-0.4129573599160263,2025-11-14 05:00:00
FDX,2026-01-09 05:00:00,8,0.02975007,0.3054235006925887,2025-11-14 05:00:00
FE,2026-01-09 05:00:00,8,0.027900131,0.3184016545453776,2025-11-14 05:00:00
FFIV,2026-01-09 05:00:00,8,0.03605552,-0.4210861496047587,2025-11-14 05:00:00
FI,2026-01-09 05:00:00,8,0.048859168,-0.3783588562146641,2025-11-14 05:00:00
FICO,2026-01-09 05:00:00,8,0.035121318,0.239911523642566,2025-11-14 05:00:00
FIS,2026-01-09 05:00:00,8,0.029389849,-0.1854849407133767,2025-11-14 05:00:00
FITB,2026-01-09 05:00:00,8,0.029389849,-0.1201510931400482,2025-11-14 05:00:00
FOX,2026-01-09 05:00:00,8,0.028171279,0.1353567657428007,2025-11-14 05:00:00
FOXA,2026-01-09 05:00:00,8,0.028171279,0.1431727993424941,2025-11-14 05:00:00
FRT,2026-01-09 05:00:00,8,0.028337143,0.1138811463975775,2025-11-14 05:00:00
FSLR,2026-01-09 05:00:00,8,0.029482672,0.3968310073708393,2025-11-14 05:00:00
FTNT,2026-01-09 05:00:00,8,0.02917734,0.0814712687880093,2025-11-14 05:00:00
FTV,2026-01-09 05:00:00,8,0.028337143,0.2060956989999058,2025-11-14 05:00:00
GD,2026-01-09 05:00:00,8,0.027900131,0.2070665481424876,2025-11-14 05:00:00
GDDY,2026-01-09 05:00:00,8,0.03167886,-0.5241256083458329,2025-11-14 05:00:00
GE,2026-01-09 05:00:00,8,0.032249622,0.3065791408625534,2025-11-14 05:00:00
GEHC,2026-01-09 05:00:00,8,0.029660996,-0.072896155135626,2025-11-14 05:00:00
GEN,2026-01-09 05:00:00,8,0.036568046,-0.4807229318413151,2025-11-14 05:00:00
GEV,2026-01-09 05:00:00,8,0.03605552,-0.5293813637214615,2025-11-14 05:00:00
GILD,2026-01-09 05:00:00,8,0.027900131,0.2615531451532077,2025-11-14 05:00:00
GIS,2026-01-09 05:00:00,8,0.029389849,-0.1940328038880326,2025-11-14 05:00:00
GL,2026-01-09 05:00:00,8,0.028560344,-0.1567079628016904,2025-11-14 05:00:00
GLW,2026-01-09 05:00:00,8,0.028260352,0.2693001044520278,2025-11-14 05:00:00
GM,2026-01-09 05:00:00,8,0.028171279,0.3101370578296736,2025-11-14 05:00:00
GNRC,2026-01-09 05:00:00,8,0.043365773,-0.3596329782786797,2025-11-14 05:00:00
GOOG,2026-01-09 05:00:00,8,0.0285315,0.4629312172364457,2025-11-14 05:00:00
GOOGL,2026-01-09 05:00:00,8,0.0285315,0.4493959277807005,2025-11-14 05:00:00
GPC,2026-01-09 05:00:00,8,0.028560344,-0.2625814506182292,2025-11-14 05:00:00
GPN,2026-01-09 05:00:00,8,0.033855952,-0.3807713776311432,2025-11-14 05:00:00
GRMN,2026-01-09 05:00:00,8,0.03706158,-0.295379366817168,2025-11-14 05:00:00
GS,2026-01-09 05:00:00,8,0.030726973,0.1375345546835694,2025-11-14 05:00:00
GWW,2026-01-09 05:00:00,8,0.029389849,-0.4059284217468016,2025-11-14 05:00:00
HAL,2026-01-09 05:00:00,8,0.03097239,0.2295678683845378,2025-11-14 05:00:00
HAS,2026-01-09 05:00:00,8,0.030366752,-0.1483845940553625,2025-11-14 05:00:00
HBAN,2026-01-09 05:00:00,8,0.033255678,-0.2029171091251627,2025-11-14 05:00:00
HCA,2026-01-09 05:00:00,8,0.028260352,0.6487785997788916,2025-11-14 05:00:00
HD,2026-01-09 05:00:00,8,0.030278552,-0.2702187364262851,2025-11-14 05:00:00
HIG,2026-01-09 05:00:00,8,0.027900131,0.0721570418118646,2025-11-14 05:00:00
HII,2026-01-09 05:00:00,8,0.028260352,0.3709276468631017,2025-11-14 05:00:00
HLT,2026-01-09 05:00:00,8,0.027900131,-0.0475337091230631,2025-11-14 05:00:00
HOLX,2026-01-09 05:00:00,8,0.029389849,0.2100383296247481,2025-11-14 05:00:00
HON,2026-01-09 05:00:00,8,0.028906193,-0.2321157357269662,2025-11-14 05:00:00
HPE,2026-01-09 05:00:00,8,0.032365806,-0.1068154024389414,2025-11-14 05:00:00
HPQ,2026-01-09 05:00:00,8,0.03171804,-0.259088951540625,2025-11-14 05:00:00
HRL,2026-01-09 05:00:00,8,0.033223182,-0.3797504260768706,2025-11-14 05:00:00
HSIC,2026-01-09 05:00:00,8,0.028383788,0.0812197078260276,2025-11-14 05:00:00
HST,2026-01-09 05:00:00,8,0.028654935,0.0572715161126269,2025-11-14 05:00:00
HSY,2026-01-09 05:00:00,8,0.027900131,0.0416082297084531,2025-11-14 05:00:00
HUBB,2026-01-09 05:00:00,8,0.027900131,-0.1437237513563881,2025-11-14 05:00:00
HUM,2026-01-09 05:00:00,8,0.0340824,-0.2558579981775694,2025-11-14 05:00:00
HWM,2026-01-09 05:00:00,8,0.032249622,0.3262169383583091,2025-11-14 05:00:00
IBM,2026-01-09 05:00:00,8,0.028171279,0.5260824640283686,2025-11-14 05:00:00
ICE,2026-01-09 05:00:00,8,0.035078328,-0.4150288230831129,2025-11-14 05:00:00
IDXX,2026-01-09 05:00:00,8,0.028560344,-0.0616221765702878,2025-11-14 05:00:00
IEX,2026-01-09 05:00:00,8,0.029389849,-0.1100517072250007,2025-11-14 05:00:00
IFF,2026-01-09 05:00:00,8,0.029389849,-0.0044065793319002,2025-11-14 05:00:00
INCY,2026-01-09 05:00:00,8,0.02903979,0.3229155348254637,2025-11-14 05:00:00
INTC,2026-01-09 05:00:00,8,0.038750872,0.3328475303809074,2025-11-14 05:00:00
INTU,2026-01-09 05:00:00,8,0.032249622,-0.0003465549743162,2025-11-14 05:00:00
INVH,2026-01-09 05:00:00,8,0.028906193,-0.3011764929011723,2025-11-14 05:00:00
IP,2026-01-09 05:00:00,8,0.03842169,-0.2037481501395664,2025-11-14 05:00:00
IPG,2026-01-09 05:00:00,8,0.029389849,-0.2226874776639472,2025-11-14 05:00:00
IQV,2026-01-09 05:00:00,8,0.028171279,0.2854392576524431,2025-11-14 05:00:00
IR,2026-01-09 05:00:00,8,0.029389849,-0.1654256708501259,2025-11-14 05:00:00
IRM,2026-01-09 05:00:00,8,0.03045611,-0.0378217236042384,2025-11-14 05:00:00
ISRG,2026-01-09 05:00:00,8,0.028171279,0.21303114300249,2025-11-14 05:00:00
IT,2026-01-09 05:00:00,8,0.03162897,-0.2377817060759271,2025-11-14 05:00:00
ITW,2026-01-09 05:00:00,8,0.030613678,-0.4338981084508339,2025-11-14 05:00:00
IVZ,2026-01-09 05:00:00,8,0.0285315,0.2126796902905249,2025-11-14 05:00:00
J,2026-01-09 05:00:00,8,0.027900131,-0.0083196919079848,2025-11-14 05:00:00
JBHT,2026-01-09 05:00:00,8,0.029660996,0.1423999722481137,2025-11-14 05:00:00
JBL,2026-01-09 05:00:00,8,0.03484897,-0.2036025144855415,2025-11-14 05:00:00
JCI,2026-01-09 05:00:00,8,0.027900131,0.2588815424037398,2025-11-14 05:00:00
JKHY,2026-01-09 05:00:00,8,0.0288208,0.0181815712696215,2025-11-14 05:00:00
JNJ,2026-01-09 05:00:00,8,0.027900131,0.4193401037607335,2025-11-14 05:00:00
JPM,2026-01-09 05:00:00,8,0.028560344,0.1154283861594093,2025-11-14 05:00:00
K,2026-01-09 05:00:00,8,0.027900131,0.0962113147696328,2025-11-14 05:00:00
KDP,2026-01-09 05:00:00,8,0.034685176,-0.3772826200672763,2025-11-14 05:00:00
KEY,2026-01-09 05:00:00,8,0.030366752,-0.1973293373278853,2025-11-14 05:00:00
KEYS,2026-01-09 05:00:00,8,0.027900131,0.0928754629176453,2025-11-14 05:00:00
KHC,2026-01-09 05:00:00,8,0.029389849,-0.3450648667119772,2025-11-14 05:00:00
KIM,2026-01-09 05:00:00,8,0.029389849,-0.117383221906831,2025-11-14 05:00:00
KKR,2026-01-09 05:00:00,8,0.037183613,-0.366115755103384,2025-11-14 05:00:00
KLAC,2026-01-09 05:00:00,8,0.0285315,0.2894708864550172,2025-11-14 05:00:00
KMB,2026-01-09 05:00:00,8,0.029389849,-0.4598306771654926,2025-11-14 05:00:00
KMI,2026-01-09 05:00:00,8,0.028560344,0.0114330452117522,2025-11-14 05:00:00
KMX,2026-01-09 05:00:00,8,0.048859168,-0.4075643051696292,2025-11-14 05:00:00
KO,2026-01-09 05:00:00,8,0.027900131,0.236830031071595,2025-11-14 05:00:00
KR,2026-01-09 05:00:00,8,0.027900131,-0.0690188389897832,2025-11-14 05:00:00
KVUE,2026-01-09 05:00:00,8,0.037545234,-0.6834515793527219,2025-11-14 05:00:00
L,2026-01-09 05:00:00,8,0.027900131,0.4031829249747476,2025-11-14 05:00:00
LDOS,2026-01-09 05:00:00,8,0.028337143,0.1663214524083937,2025-11-14 05:00:00
LEN,2026-01-09 05:00:00,8,0.029660996,-0.095739573045231,2025-11-14 05:00:00
LH,2026-01-09 05:00:00,8,0.028560344,-0.0180561199067459,2025-11-14 05:00:00
LHX,2026-01-09 05:00:00,8,0.028260352,0.1378826023054475,2025-11-14 05:00:00
LII,2026-01-09 05:00:00,8,0.037545234,-0.4515140047790909,2025-11-14 05:00:00
LIN,2026-01-09 05:00:00,8,0.036343414,-0.4586664391825331,2025-11-14 05:00:00
LKQ,2026-01-09 05:00:00,8,0.029660996,0.0122261652513339,2025-11-14 05:00:00
LLY,2026-01-09 05:00:00,8,0.028171279,0.5648434902793873,2025-11-14 05:00:00
LMT,2026-01-09 05:00:00,8,0.029389849,0.0521892898050877,2025-11-14 05:00:00
LNT,2026-01-09 05:00:00,8,0.027900131,0.1599304386814593,2025-11-14 05:00:00
LOW,2026-01-09 05:00:00,8,0.031260476,-0.2503075121977081,2025-11-14 05:00:00
LRCX,2026-01-09 05:00:00,8,0.029400012,0.2996366786469835,2025-11-14 05:00:00
LULU,2026-01-09 05:00:00,8,0.03283412,-0.3524734294563306,2025-11-14 05:00:00
LUV,2026-01-09 05:00:00,8,0.0285315,0.0377983877406724,2025-11-14 05:00:00
LVS,2026-01-09 05:00:00,8,0.028171279,0.1575985984778163,2025-11-14 05:00:00
LW,2026-01-09 05:00:00,8,0.03002262,0.0463372196525099,2025-11-14 05:00:00
LYB,2026-01-09 05:00:00,8,0.03284992,-0.4260861868411388,2025-11-14 05:00:00
LYV,2026-01-09 05:00:00,8,0.03578437,-0.4492229605439093,2025-11-14 05:00:00
MA,2026-01-09 05:00:00,8,0.028560344,-0.2658845123745802,2025-11-14 05:00:00
MAA,2026-01-09 05:00:00,8,0.029389849,-0.1453865534574752,2025-11-14 05:00:00
MAR,2026-01-09 05:00:00,8,0.028171279,0.0774510922549258,2025-11-14 05:00:00
MAS,2026-01-09 05:00:00,8,0.036912464,-0.4579614570493049,2025-11-14 05:00:00
MCD,2026-01-09 05:00:00,8,0.027900131,0.0302164570363139,2025-11-14 05:00:00
MCHP,2026-01-09 05:00:00,8,0.03841375,-0.4989346219610472,2025-11-14 05:00:00
MCK,2026-01-09 05:00:00,8,0.027900131,0.6056830603114581,2025-11-14 05:00:00
MCO,2026-01-09 05:00:00,8,0.028560344,-0.1744186989175727,2025-11-14 05:00:00
MDLZ,2026-01-09 05:00:00,8,0.02982543,-0.2662996162216998,2025-11-14 05:00:00
MDT,2026-01-09 05:00:00,8,0.027900131,0.1601373463966287,2025-11-14 05:00:00
MET,2026-01-09 05:00:00,8,0.027900131,-0.0588016373821828,2025-11-14 05:00:00
META,2026-01-09 05:00:00,8,0.03605552,-0.4350098442893224,2025-11-14 05:00:00
MGM,2026-01-09 05:00:00,8,0.036839195,-0.3260956199522475,2025-11-14 05:00:00
MHK,2026-01-09 05:00:00,8,0.037545234,-0.3157760597827758,2025-11-14 05:00:00
MKC,2026-01-09 05:00:00,8,0.0288208,-0.1455204045418659,2025-11-14 05:00:00
MKTX,2026-01-09 05:00:00,8,0.032975703,-0.2203997762295191,2025-11-14 05:00:00
MLM,2026-01-09 05:00:00,8,0.028997356,-0.0596529122449261,2025-11-14 05:00:00
MMC,2026-01-09 05:00:00,8,0.033313245,-0.2406947693282247,2025-11-14 05:00:00
MMM,2026-01-09 05:00:00,8,0.027900131,0.1696137560353859,2025-11-14 05:00:00
MNST,2026-01-09 05:00:00,8,0.027900131,0.3904538185126633,2025-11-14 05:00:00
MO,2026-01-09 05:00:00,8,0.033821657,-0.2088282178602388,2025-11-14 05:00:00
MOH,2026-01-09 05:00:00,8,0.03554626,-0.215964557853978,2025-11-14 05:00:00
MOS,2026-01-09 05:00:00,8,0.036976185,-0.3956295227163994,2025-11-14 05:00:00
MPC,2026-01-09 05:00:00,8,0.028171279,0.2776959988321787,2025-11-14 05:00:00
MPWR,2026-01-09 05:00:00,8,0.03411112,-0.0889070085518486,2025-11-14 05:00:00
MRK,2026-01-09 05:00:00,8,0.029091947,0.1385415978151213,2025-11-14 05:00:00
MRNA,2026-01-09 05:00:00,8,0.042956527,-0.0988362003536435,2025-11-14 05:00:00
MS,2026-01-09 05:00:00,8,0.027900131,0.2815157534810669,2025-11-14 05:00:00
MSCI,2026-01-09 05:00:00,8,0.027900131,0.0285631339439423,2025-11-14 05:00:00
MSFT,2026-01-09 05:00:00,8,0.032249622,-0.1361362103635225,2025-11-14 05:00:00
MSI,2026-01-09 05:00:00,8,0.037274085,-0.5458429539394045,2025-11-14 05:00:00
MTB,2026-01-09 05:00:00,8,0.029566405,-0.1690939498384185,2025-11-14 05:00:00
MTCH,2026-01-09 05:00:00,8,0.035561986,-0.3178177407157782,2025-11-14 05:00:00
MTD,2026-01-09 05:00:00,8,0.027900131,0.182838925742668,2025-11-14 05:00:00
MU,2026-01-09 05:00:00,8,0.038750872,0.4998635709700422,2025-11-14 05:00:00
NCLH,2026-01-09 05:00:00,8,0.039049536,-0.4603376803361902,2025-11-14 05:00:00
NDAQ,2026-01-09 05:00:00,8,0.032249622,-0.3545360989451424,2025-11-14 05:00:00
NDSN,2026-01-09 05:00:00,8,0.029389849,0.0829368413632751,2025-11-14 05:00:00
NEE,2026-01-09 05:00:00,8,0.027900131,0.2726131036005989,2025-11-14 05:00:00
NEM,2026-01-09 05:00:00,8,0.03288099,0.2563309969849334,2025-11-14 05:00:00
NFLX,2026-01-09 05:00:00,8,0.03421192,-0.0951186167607337,2025-11-14 05:00:00
NI,2026-01-09 05:00:00,8,0.027900131,-0.0019684080357832,2025-11-14 05:00:00
NKE,2026-01-09 05:00:00,8,0.034956325,-0.3273159905822137,2025-11-14 05:00:00
NOC,2026-01-09 05:00:00,8,0.028261755,-0.1507623949801634,2025-11-14 05:00:00
NOW,2026-01-09 05:00:00,8,0.033600103,-0.1373857900884505,2025-11-14 05:00:00
NRG,2026-01-09 05:00:00,8,0.03288099,0.0982669516547847,2025-11-14 05:00:00
NSC,2026-01-09 05:00:00,8,0.027900131,-0.0097182947662896,2025-11-14 05:00:00
NTAP,2026-01-09 05:00:00,8,0.031148182,-0.0713182295355012,2025-11-14 05:00:00
NTRS,2026-01-09 05:00:00,8,0.029404627,-0.0458965730937797,2025-11-14 05:00:00
NUE,2026-01-09 05:00:00,8,0.029660996,-0.0896326463543324,2025-11-14 05:00:00
NVDA,2026-01-09 05:00:00,8,0.03288099,-0.0193531519678482,2025-11-14 05:00:00
NVR,2026-01-09 05:00:00,8,0.037054047,-0.2355158532899903,2025-11-14 05:00:00
NWS,2026-01-09 05:00:00,8,0.03585976,-0.4951193370941251,2025-11-14 05:00:00
NWSA,2026-01-09 05:00:00,8,0.036912464,-0.3503331241348766,2025-11-14 05:00:00
NXPI,2026-01-09 05:00:00,8,0.037545234,-0.3896057728316269,2025-11-14 05:00:00
O,2026-01-09 05:00:00,8,0.027900131,-0.0154657919795752,2025-11-14 05:00:00
ODFL,2026-01-09 05:00:00,8,0.031142972,-0.4806410759480471,2025-11-14 05:00:00
OKE,2026-01-09 05:00:00,8,0.029389849,-0.2381549946750747,2025-11-14 05:00:00
OMC,2026-01-09 05:00:00,8,0.029389849,-0.2605451652977043,2025-11-14 05:00:00
ON,2026-01-09 05:00:00,8,0.038052127,-0.279314083366469,2025-11-14 05:00:00
ORCL,2026-01-09 05:00:00,8,0.04401876,-0.1777601593924905,2025-11-14 05:00:00
ORLY,2026-01-09 05:00:00,8,0.030366752,-0.0466685721262066,2025-11-14 05:00:00
OTIS,2026-01-09 05:00:00,8,0.0288208,0.1472021635747849,2025-11-14 05:00:00
OXY,2026-01-09 05:00:00,8,0.03101341,-0.2449071102851754,2025-11-14 05:00:00
PANW,2026-01-09 05:00:00,8,0.028260352,0.138691273939415,2025-11-14 05:00:00
PAYC,2026-01-09 05:00:00,8,0.037905455,-0.5897954616436862,2025-11-14 05:00:00
PAYX,2026-01-09 05:00:00,8,0.037274085,-0.8433394500420848,2025-11-14 05:00:00
PCAR,2026-01-09 05:00:00,8,0.029389849,-0.1454940284941621,2025-11-14 05:00:00
PCG,2026-01-09 05:00:00,8,0.029389849,0.3071293693777673,2025-11-14 05:00:00
PEG,2026-01-09 05:00:00,8,0.027900131,-0.03319100569119,2025-11-14 05:00:00
PEP,2026-01-09 05:00:00,8,0.0288208,-0.1072564912774263,2025-11-14 05:00:00
PFE,2026-01-09 05:00:00,8,0.028654935,0.0120826209887657,2025-11-14 05:00:00
PFG,2026-01-09 05:00:00,8,0.027900131,0.2195942014450325,2025-11-14 05:00:00
PG,2026-01-09 05:00:00,8,0.028337143,-0.2297361175785174,2025-11-14 05:00:00
PGR,2026-01-09 05:00:00,8,0.03297857,-0.1664195405219127,2025-11-14 05:00:00
PH,2026-01-09 05:00:00,8,0.027900131,0.2128471983431189,2025-11-14 05:00:00
PHM,2026-01-09 05:00:00,8,0.034010485,-0.1273362519470366,2025-11-14 05:00:00
PKG,2026-01-09 05:00:00,8,0.030050062,-0.1705502523572388,2025-11-14 05:00:00
PLD,2026-01-09 05:00:00,8,0.027900131,0.3026338977094037,2025-11-14 05:00:00
PLTR,2026-01-09 05:00:00,8,0.045841537,0.0143584838668232,2025-11-14 05:00:00
PM,2026-01-09 05:00:00,8,0.03252077,-0.0577670478062756,2025-11-14 05:00:00
PNC,2026-01-09 05:00:00,8,0.033739336,-0.234562189052826,2025-11-14 05:00:00
PNR,2026-01-09 05:00:00,8,0.032249622,-0.1230925144445169,2025-11-14 05:00:00
PNW,2026-01-09 05:00:00,8,0.027900131,-0.0988023330314709,2025-11-14 05:00:00
PODD,2026-01-09 05:00:00,8,0.028171279,0.0021313901196357,2025-11-14 05:00:00
POOL,2026-01-09 05:00:00,8,0.037545234,-0.4551105850795304,2025-11-14 05:00:00
PPG,2026-01-09 05:00:00,8,0.032878764,-0.3572464157303715,2025-11-14 05:00:00
PPL,2026-01-09 05:00:00,8,0.027900131,0.0768017227329476,2025-11-14 05:00:00
PRU,2026-01-09 05:00:00,8,0.029389849,-0.0430399566957693,2025-11-14 05:00:00
PSA,2026-01-09 05:00:00,8,0.029389849,-0.1061725517815398,2025-11-14 05:00:00
PSKY,2026-01-09 05:00:00,8,0.044881146,-0.0242715064838149,2025-11-14 05:00:00
PSX,2026-01-09 05:00:00,8,0.027900131,0.1675693956913121,2025-11-14 05:00:00
PTC,2026-01-09 05:00:00,8,0.03622138,-0.5479287685532923,2025-11-14 05:00:00
PWR,2026-01-09 05:00:00,8,0.029764848,0.1881163498659432,2025-11-14 05:00:00
PYPL,2026-01-09 05:00:00,8,0.031504594,-0.3895644356156197,2025-11-14 05:00:00
QCOM,2026-01-09 05:00:00,8,0.02860829,0.1557255593677362,2025-11-14 05:00:00
RCL,2026-01-09 05:00:00,8,0.03728425,-0.5474473627146651,2025-11-14 05:00:00
REG,2026-01-09 05:00:00,8,0.027900131,-0.089716974142401,2025-11-14 05:00:00
REGN,2026-01-09 05:00:00,8,0.030529508,0.2924237619229223,2025-11-14 05:00:00
RF,2026-01-09 05:00:00,8,0.032686632,-0.186665917595667,2025-11-14 05:00:00
RJF,2026-01-09 05:00:00,8,0.032249622,-0.1291485760317289,2025-11-14 05:00:00
RL,2026-01-09 05:00:00,8,0.028920565,0.2374700440489315,2025-11-14 05:00:00
RMD,2026-01-09 05:00:00,8,0.035078328,-0.3980251980739909,2025-11-14 05:00:00
ROK,2026-01-09 05:00:00,8,0.028260352,0.1282235844026308,2025-11-14 05:00:00
ROL,2026-01-09 05:00:00,8,0.027900131,0.091035431416765,2025-11-14 05:00:00
ROP,2026-01-09 05:00:00,8,0.037274085,-0.593600629502716,2025-11-14 05:00:00
ROST,2026-01-09 05:00:00,8,0.027900131,0.2212377170132601,2025-11-14 05:00:00
RSG,2026-01-09 05:00:00,8,0.03274086,-0.3557591893825897,2025-11-14 05:00:00
RTX,2026-01-09 05:00:00,8,0.027900131,0.1507576969196493,2025-11-14 05:00:00
RVTY,2026-01-09 05:00:00,8,0.029660996,0.1071861139128036,2025-11-14 05:00:00
SBAC,2026-01-09 05:00:00,8,0.027900131,-0.1159791815547699,2025-11-14 05:00:00
SBUX,2026-01-09 05:00:00,8,0.029091947,-0.0353662704675515,2025-11-14 05:00:00
SCHW,2026-01-09 05:00:00,8,0.028560344,-0.068231628354514,2025-11-14 05:00:00
SHW,2026-01-09 05:00:00,8,0.029389849,-0.2253053033259297,2025-11-14 05:00:00
SJM,2026-01-09 05:00:00,8,0.027900131,-0.0132106669521094,2025-11-14 05:00:00
SLB,2026-01-09 05:00:00,8,0.030021217,0.0236028586200287,2025-11-14 05:00:00
SMCI,2026-01-09 05:00:00,8,0.048215672,-0.2699915432802698,2025-11-14 05:00:00
SNA,2026-01-09 05:00:00,8,0.028906193,-0.0336484833036942,2025-11-14 05:00:00
SNPS,2026-01-09 05:00:00,8,0.045022476,-0.3165250155052924,2025-11-14 05:00:00
SO,2026-01-09 05:00:00,8,0.027900131,-0.0506504548956792,2025-11-14 05:00:00
SOLV,2026-01-09 05:00:00,8,0.027900131,0.109175184015891,2025-11-14 05:00:00
SPG,2026-01-09 05:00:00,8,0.027900131,0.2439519223968022,2025-11-14 05:00:00
SPGI,2026-01-09 05:00:00,8,0.032670245,-0.3079003323864418,2025-11-14 05:00:00
SRE,2026-01-09 05:00:00,8,0.027900131,0.3719394712029749,2025-11-14 05:00:00
STE,2026-01-09 05:00:00,8,0.027900131,0.1352145022640478,2025-11-14 05:00:00
STLD,2026-01-09 05:00:00,8,0.02975007,0.2648517009440938,2025-11-14 05:00:00
STT,2026-01-09 05:00:00,8,0.027900131,0.0656289304408895,2025-11-14 05:00:00
STX,2026-01-09 05:00:00,8,0.038750872,0.2844230068092072,2025-11-14 05:00:00
STZ,2026-01-09 05:00:00,8,0.03256297,-0.3756394347060203,2025-11-14 05:00:00
SW,2026-01-09 05:00:00,8,0.037545234,-0.4479679083388598,2025-11-14 05:00:00
SWK,2026-01-09 05:00:00,8,0.031284556,-0.1831785210542995,2025-11-14 05:00:00
SWKS,2026-01-09 05:00:00,8,0.033157703,-0.1947649922794729,2025-11-14 05:00:00
SYF,2026-01-09 05:00:00,8,0.030366752,-0.0155850969239456,2025-11-14 05:00:00
SYK,2026-01-09 05:00:00,8,0.028337143,-0.0953099769646202,2025-11-14 05:00:00
SYY,2026-01-09 05:00:00,8,0.028560344,-0.0878297966181425,2025-11-14 05:00:00
T,2026-01-09 05:00:00,8,0.032249622,-0.0511641990657661,2025-11-14 05:00:00
TAP,2026-01-09 05:00:00,8,0.029389849,-0.1259353217417081,2025-11-14 05:00:00
TDG,2026-01-09 05:00:00,8,0.027900131,0.0728281995079319,2025-11-14 05:00:00
TDY,2026-01-09 05:00:00,8,0.033174854,-0.2771255606848478,2025-11-14 05:00:00
TECH,2026-01-09 05:00:00,8,0.03884452,0.0953831317902273,2025-11-14 05:00:00
TEL,2026-01-09 05:00:00,8,0.028260352,0.2520149538877185,2025-11-14 05:00:00
TER,2026-01-09 05:00:00,8,0.038750872,0.218579148437444,2025-11-14 05:00:00
TFC,2026-01-09 05:00:00,8,0.028337143,-0.089284380177261,2025-11-14 05:00:00
TGT,2026-01-09 05:00:00,8,0.031805407,-0.3155146648036052,2025-11-14 05:00:00
TJX,2026-01-09 05:00:00,8,0.027900131,0.37014078725966,2025-11-14 05:00:00
TKO,2026-01-09 05:00:00,8,0.032249622,-0.1472360589731404,2025-11-14 05:00:00
TMO,2026-01-09 05:00:00,8,0.028171279,0.3047386204386211,2025-11-14 05:00:00
TMUS,2026-01-09 05:00:00,8,0.03437778,-0.3076058090110243,2025-11-14 05:00:00
TPL,2026-01-09 05:00:00,8,0.029660996,0.0840354503261888,2025-11-14 05:00:00
TPR,2026-01-09 05:00:00,8,0.033587027,-0.081424930615087,2025-11-14 05:00:00
TRGP,2026-01-09 05:00:00,8,0.029660996,0.0476693972169219,2025-11-14 05:00:00
TRMB,2026-01-09 05:00:00,8,0.03409182,-0.3028190022273406,2025-11-14 05:00:00
TROW,2026-01-09 05:00:00,8,0.030050062,-0.3997184868032844,2025-11-14 05:00:00
TRV,2026-01-09 05:00:00,8,0.027900131,0.1948600478530765,2025-11-14 05:00:00
TSCO,2026-01-09 05:00:00,8,0.03219419,-0.2975442435893934,2025-11-14 05:00:00
TSLA,2026-01-09 05:00:00,8,0.03411112,0.0183609634593807,2025-11-14 05:00:00
TSN,2026-01-09 05:00:00,8,0.02975007,-0.278839958341452,2025-11-14 05:00:00
TT,2026-01-09 05:00:00,8,0.032249622,-0.1481695661860211,2025-11-14 05:00:00
TTD,2026-01-09 05:00:00,8,0.04934517,-0.2659841664246098,2025-11-14 05:00:00
TTWO,2026-01-09 05:00:00,8,0.032249622,0.0543173501575497,2025-11-14 05:00:00
TXN,2026-01-09 05:00:00,8,0.036912464,-0.5344850316352148,2025-11-14 05:00:00
TXT,2026-01-09 05:00:00,8,0.029389849,-0.0362227590709738,2025-11-14 05:00:00
TYL,2026-01-09 05:00:00,8,0.036912464,-0.448156480716709,2025-11-14 05:00:00
UAL,2026-01-09 05:00:00,8,0.034895003,-0.2275219342060622,2025-11-14 05:00:00
UBER,2026-01-09 05:00:00,8,0.033460036,-0.2689814507140214,2025-11-14 05:00:00
UDR,2026-01-09 05:00:00,8,0.029389849,-0.2197727519015671,2025-11-14 05:00:00
UHS,2026-01-09 05:00:00,8,0.027900131,0.586060804719378,2025-11-14 05:00:00
ULTA,2026-01-09 05:00:00,8,0.032249622,-0.0789917099467675,2025-11-14 05:00:00
UNH,2026-01-09 05:00:00,8,0.030021217,0.1790425421062548,2025-11-14 05:00:00
UNP,2026-01-09 05:00:00,8,0.0288208,-0.0791219718236808,2025-11-14 05:00:00
UPS,2026-01-09 05:00:00,8,0.029389849,0.1735990720633422,2025-11-14 05:00:00
URI,2026-01-09 05:00:00,8,0.03457922,-0.2729784823522471,2025-11-14 05:00:00
USB,2026-01-09 05:00:00,8,0.028337143,-0.0284904098846011,2025-11-14 05:00:00
V,2026-01-09 05:00:00,8,0.027900131,-0.1491029084522153,2025-11-14 05:00:00
VICI,2026-01-09 05:00:00,8,0.028560344,-0.2039338250416062,2025-11-14 05:00:00
VLO,2026-01-09 05:00:00,8,0.028171279,0.3113940573460977,2025-11-14 05:00:00
VLTO,2026-01-09 05:00:00,8,0.028997356,-0.2586425459625081,2025-11-14 05:00:00
VMC,2026-01-09 05:00:00,8,0.02902321,-0.1613397785165648,2025-11-14 05:00:00
VRSK,2026-01-09 05:00:00,8,0.036912464,-0.4481190424531412,2025-11-14 05:00:00
VRSN,2026-01-09 05:00:00,8,0.03394077,-0.1491532406332827,2025-11-14 05:00:00
VRTX,2026-01-09 05:00:00,8,0.0288208,0.2626191707064524,2025-11-14 05:00:00
VST,2026-01-09 05:00:00,8,0.03571888,-0.2270261535914212,2025-11-14 05:00:00
VTR,2026-01-09 05:00:00,8,0.027900131,0.5163467891156717,2025-11-14 05:00:00
VTRS,2026-01-09 05:00:00,8,0.030021217,0.0860921284328839,2025-11-14 05:00:00
VZ,2026-01-09 05:00:00,8,0.027900131,-0.0120917448933237,2025-11-14 05:00:00
WAB,2026-01-09 05:00:00,8,0.027900131,0.0717851701549608,2025-11-14 05:00:00
WAT,2026-01-09 05:00:00,8,0.028171279,0.467505608864028,2025-11-14 05:00:00
WBD,2026-01-09 05:00:00,8,0.03839065,0.3562363887404836,2025-11-14 05:00:00
WDAY,2026-01-09 05:00:00,8,0.02917734,0.0405918401228051,2025-11-14 05:00:00
WDC,2026-01-09 05:00:00,8,0.038750872,0.4647101247892838,2025-11-14 05:00:00
WEC,2026-01-09 05:00:00,8,0.027900131,0.1731549823807368,2025-11-14 05:00:00
WELL,2026-01-09 05:00:00,8,0.027900131,0.4213772094095154,2025-11-14 05:00:00
WFC,2026-01-09 05:00:00,8,0.027900131,0.1716622109040257,2025-11-14 05:00:00
WM,2026-01-09 05:00:00,8,0.034722198,-0.296841451682889,2025-11-14 05:00:00
WMB,2026-01-09 05:00:00,8,0.027900131,0.1130085477591605,2025-11-14 05:00:00
WMT,2026-01-09 05:00:00,8,0.027900131,0.1903460687979761,2025-11-14 05:00:00
WRB,2026-01-09 05:00:00,8,0.027900131,0.2328095977823878,2025-11-14 05:00:00
WSM,2026-01-09 05:00:00,8,0.027900131,-0.0725546911768883,2025-11-14 05:00:00
WST,2026-01-09 05:00:00,8,0.029660996,0.1478297241738142,2025-11-14 05:00:00
WTW,2026-01-09 05:00:00,8,0.027900131,-0.083599447262644,2025-11-14 05:00:00
WY,2026-01-09 05:00:00,8,0.030871825,-0.4601315120944901,2025-11-14 05:00:00
WYNN,2026-01-09 05:00:00,8,0.029675774,0.0361218116504352,2025-11-14 05:00:00
XEL,2026-01-09 05:00:00,8,0.027900131,0.2098491334419441,2025-11-14 05:00:00
XOM,2026-01-09 05:00:00,8,0.027900131,0.2250882233165156,2025-11-14 05:00:00
XYL,2026-01-09 05:00:00,8,0.027900131,0.0743732610908428,2025-11-14 05:00:00
XYZ,2026-01-09 05:00:00,8,0.03837297,-0.3891831928824389,2025-11-14 05:00:00
YUM,2026-01-09 05:00:00,8,0.027900131,0.0806616014949818,2025-11-14 05:00:00
ZBH,2026-01-09 05:00:00,8,0.03315226,-0.2483938151962178,2025-11-14 05:00:00
ZBRA,2026-01-09 05:00:00,8,0.038931698,-0.4676343570622775,2025-11-14 05:00:00
ZTS,2026-01-09 05:00:00,8,0.037545234,-0.3964080479013425,2025-11-14 05:00:00
