ticker,forecast_date,horizon_weeks,predicted_return,sharpe_ratio_3m,latest_date
A,2025-11-28 05:00:00,1,0.0070839818,0.3605987246197111,2025-11-21 05:00:00
AAPL,2025-11-28 05:00:00,1,0.0037743326,0.4064472316004506,2025-11-21 05:00:00
ABBV,2025-11-28 05:00:00,1,0.0058654468,0.3994006073152109,2025-11-21 05:00:00
ABNB,2025-11-28 05:00:00,1,0.003644254,-0.3118465324398876,2025-11-21 05:00:00
ABT,2025-11-28 05:00:00,1,0.005536708,0.0177238325847321,2025-11-21 05:00:00
ACGL,2025-11-28 05:00:00,1,0.0059403474,0.0203562386998011,2025-11-21 05:00:00
ACN,2025-11-28 05:00:00,1,0.0056890943,-0.1841637141346662,2025-11-21 05:00:00
ADBE,2025-11-28 05:00:00,1,0.00793671,-0.2419612224007398,2025-11-21 05:00:00
ADI,2025-11-28 05:00:00,1,0.0070861666,-0.1983167608648323,2025-11-21 05:00:00
ADM,2025-11-28 05:00:00,1,0.006374859,-0.1906163950610264,2025-11-21 05:00:00
ADP,2025-11-28 05:00:00,1,0.008986158,-0.6315291545186699,2025-11-21 05:00:00
ADSK,2025-11-28 05:00:00,1,0.0065322258,-0.2771923135693213,2025-11-21 05:00:00
AEE,2025-11-28 05:00:00,1,0.0061501022,0.2609776903502278,2025-11-21 05:00:00
AEP,2025-11-28 05:00:00,1,0.006561467,0.3031185064345967,2025-11-21 05:00:00
AES,2025-11-28 05:00:00,1,0.0050384663,-0.050288115526677,2025-11-21 05:00:00
AFL,2025-11-28 05:00:00,1,0.0056517,0.2079437869780605,2025-11-21 05:00:00
AIG,2025-11-28 05:00:00,1,0.0040153465,-0.1930790415056891,2025-11-21 05:00:00
AIZ,2025-11-28 05:00:00,1,0.00618393,0.1966669425042344,2025-11-21 05:00:00
AJG,2025-11-28 05:00:00,1,0.00800302,-0.3140511588796243,2025-11-21 05:00:00
AKAM,2025-11-28 05:00:00,1,0.008750274,0.1728637892551152,2025-11-21 05:00:00
ALB,2025-11-28 05:00:00,1,0.010952092,0.2815700808483307,2025-11-21 05:00:00
ALGN,2025-11-28 05:00:00,1,0.008093907,-0.0619084423310689,2025-11-21 05:00:00
ALL,2025-11-28 05:00:00,1,0.0056402255,0.1751721761398742,2025-11-21 05:00:00
ALLE,2025-11-28 05:00:00,1,0.0057360483,-0.0991037732045031,2025-11-21 05:00:00
AMAT,2025-11-28 05:00:00,1,0.0056528137,0.3484354790444187,2025-11-21 05:00:00
AMCR,2025-11-28 05:00:00,1,0.0074661206,-0.0781388264223525,2025-11-21 05:00:00
AMD,2025-11-28 05:00:00,1,0.014738802,-0.1805969353996546,2025-11-21 05:00:00
AME,2025-11-28 05:00:00,1,0.006456738,0.0598109849529377,2025-11-21 05:00:00
AMGN,2025-11-28 05:00:00,1,0.0053145904,0.368342566543679,2025-11-21 05:00:00
AMP,2025-11-28 05:00:00,1,0.007409111,-0.4556513527027706,2025-11-21 05:00:00
AMT,2025-11-28 05:00:00,1,0.0067335335,-0.1954901975109999,2025-11-21 05:00:00
AMZN,2025-11-28 05:00:00,1,0.0057941996,-0.2119029072154671,2025-11-21 05:00:00
ANET,2025-11-28 05:00:00,1,0.015258407,-0.2997137571185322,2025-11-21 05:00:00
AON,2025-11-28 05:00:00,1,0.0071009253,-0.0999462831243688,2025-11-21 05:00:00
AOS,2025-11-28 05:00:00,1,0.0066095716,-0.2025911417542692,2025-11-21 05:00:00
APA,2025-11-28 05:00:00,1,0.006249039,-0.0043009746635962,2025-11-21 05:00:00
APD,2025-11-28 05:00:00,1,0.006258461,-0.2628128784904181,2025-11-21 05:00:00
APH,2025-11-28 05:00:00,1,0.0056894566,0.3318259967938827,2025-11-21 05:00:00
APO,2025-11-28 05:00:00,1,0.0066892765,-0.1632219432903929,2025-11-21 05:00:00
APTV,2025-11-28 05:00:00,1,0.0056911963,-0.1332172352034294,2025-11-21 05:00:00
ARE,2025-11-28 05:00:00,1,0.008705845,-0.406019025843018,2025-11-21 05:00:00
ATO,2025-11-28 05:00:00,1,0.004627656,0.2306729422733151,2025-11-21 05:00:00
AVB,2025-11-28 05:00:00,1,0.0068034143,-0.1416297539385254,2025-11-21 05:00:00
AVGO,2025-11-28 05:00:00,1,0.012072907,0.0390879989280848,2025-11-21 05:00:00
AVY,2025-11-28 05:00:00,1,0.005855772,0.0300216440352919,2025-11-21 05:00:00
AWK,2025-11-28 05:00:00,1,0.0067464584,-0.0516371280017713,2025-11-21 05:00:00
AXON,2025-11-28 05:00:00,1,0.00795134,-0.4519766195341741,2025-11-21 05:00:00
AXP,2025-11-28 05:00:00,1,0.004627656,0.1185737311507932,2025-11-21 05:00:00
AZO,2025-11-28 05:00:00,1,0.006296576,-0.1439640821031982,2025-11-21 05:00:00
BA,2025-11-28 05:00:00,1,0.009049724,-0.6125779442742874,2025-11-21 05:00:00
BAC,2025-11-28 05:00:00,1,0.0056874594,0.0387152496622503,2025-11-21 05:00:00
BALL,2025-11-28 05:00:00,1,0.008191881,-0.0265585673415756,2025-11-21 05:00:00
BAX,2025-11-28 05:00:00,1,0.008241953,-0.2910423987115025,2025-11-21 05:00:00
BBY,2025-11-28 05:00:00,1,0.0071309567,0.0110459479686417,2025-11-21 05:00:00
BDX,2025-11-28 05:00:00,1,0.0064699105,0.0503187513110938,2025-11-21 05:00:00
BEN,2025-11-28 05:00:00,1,0.0067700674,-0.5728619953430498,2025-11-21 05:00:00
BG,2025-11-28 05:00:00,1,0.007290345,0.1519013545202961,2025-11-21 05:00:00
BIIB,2025-11-28 05:00:00,1,0.00708135,0.4146604225713767,2025-11-21 05:00:00
BK,2025-11-28 05:00:00,1,0.003940695,-0.0095318314084372,2025-11-21 05:00:00
BKNG,2025-11-28 05:00:00,1,0.008097092,-0.635226282744872,2025-11-21 05:00:00
BKR,2025-11-28 05:00:00,1,0.006171507,0.0675773984880813,2025-11-21 05:00:00
BLDR,2025-11-28 05:00:00,1,0.009860134,-0.3487676534790693,2025-11-21 05:00:00
BLK,2025-11-28 05:00:00,1,0.0073276525,-0.4125310027741133,2025-11-21 05:00:00
BMY,2025-11-28 05:00:00,1,0.0074172677,0.0443718004469642,2025-11-21 05:00:00
BR,2025-11-28 05:00:00,1,0.006874396,-0.339534558792592,2025-11-21 05:00:00
BRO,2025-11-28 05:00:00,1,0.006900452,-0.2988568392398102,2025-11-21 05:00:00
BSX,2025-11-28 05:00:00,1,0.0046422514,-0.2076142667028039,2025-11-21 05:00:00
BX,2025-11-28 05:00:00,1,0.010433193,-0.3560935029420306,2025-11-21 05:00:00
BXP,2025-11-28 05:00:00,1,0.007929738,0.0420437043133846,2025-11-21 05:00:00
C,2025-11-28 05:00:00,1,0.0056597483,-0.0059045730102662,2025-11-21 05:00:00
CAG,2025-11-28 05:00:00,1,0.0070876377,-0.1827222818822839,2025-11-21 05:00:00
CAH,2025-11-28 05:00:00,1,0.0057845945,0.6661629218824578,2025-11-21 05:00:00
CARR,2025-11-28 05:00:00,1,0.008552834,-0.6532928424270469,2025-11-21 05:00:00
CAT,2025-11-28 05:00:00,1,0.00390787,0.4746649150617333,2025-11-21 05:00:00
CB,2025-11-28 05:00:00,1,0.0054390156,0.2847847761449124,2025-11-21 05:00:00
CBOE,2025-11-28 05:00:00,1,0.006618605,0.1946677267623663,2025-11-21 05:00:00
CBRE,2025-11-28 05:00:00,1,0.003908509,-0.0069011981504283,2025-11-21 05:00:00
CCI,2025-11-28 05:00:00,1,0.0062776,-0.0105723472333488,2025-11-21 05:00:00
CCL,2025-11-28 05:00:00,1,0.008487511,-0.453129568732775,2025-11-21 05:00:00
CDNS,2025-11-28 05:00:00,1,0.008811195,-0.3402283396408843,2025-11-21 05:00:00
CDW,2025-11-28 05:00:00,1,0.0047275336,-0.3132290093815718,2025-11-21 05:00:00
CEG,2025-11-28 05:00:00,1,0.010543519,-0.0151926092869895,2025-11-21 05:00:00
CF,2025-11-28 05:00:00,1,0.004212717,-0.2256335313180711,2025-11-21 05:00:00
CFG,2025-11-28 05:00:00,1,0.005281563,-0.0290409425312646,2025-11-21 05:00:00
CHD,2025-11-28 05:00:00,1,0.0070876377,-0.2219559224090727,2025-11-21 05:00:00
CHRW,2025-11-28 05:00:00,1,0.0027918,0.2249294003818941,2025-11-21 05:00:00
CHTR,2025-11-28 05:00:00,1,0.010191941,-0.4911764959262586,2025-11-21 05:00:00
CI,2025-11-28 05:00:00,1,0.008731875,-0.0192385757523889,2025-11-21 05:00:00
CINF,2025-11-28 05:00:00,1,0.0072075473,0.2371614561942286,2025-11-21 05:00:00
CL,2025-11-28 05:00:00,1,0.0062951692,-0.0536713737779441,2025-11-21 05:00:00
CLX,2025-11-28 05:00:00,1,0.006904527,-0.3079926784967033,2025-11-21 05:00:00
CMCSA,2025-11-28 05:00:00,1,0.0060925656,-0.5007518026524934,2025-11-21 05:00:00
CME,2025-11-28 05:00:00,1,0.005530707,0.1703608198453991,2025-11-21 05:00:00
CMG,2025-11-28 05:00:00,1,0.01276801,-0.2989707984214705,2025-11-21 05:00:00
CMI,2025-11-28 05:00:00,1,0.005188686,0.3316301991399484,2025-11-21 05:00:00
CMS,2025-11-28 05:00:00,1,0.0062140566,0.4408405354609611,2025-11-21 05:00:00
CNC,2025-11-28 05:00:00,1,0.008771085,0.3721839220648193,2025-11-21 05:00:00
CNP,2025-11-28 05:00:00,1,0.006512655,0.262029633825638,2025-11-21 05:00:00
COF,2025-11-28 05:00:00,1,0.008087313,-0.262746081203414,2025-11-21 05:00:00
COIN,2025-11-28 05:00:00,1,0.017762303,-0.222675710353459,2025-11-21 05:00:00
COO,2025-11-28 05:00:00,1,0.006752889,0.1365872872605383,2025-11-21 05:00:00
COP,2025-11-28 05:00:00,1,0.005201599,-0.2384267806586282,2025-11-21 05:00:00
COR,2025-11-28 05:00:00,1,0.003930748,0.7295535476958431,2025-11-21 05:00:00
COST,2025-11-28 05:00:00,1,0.005290736,-0.1370336953471539,2025-11-21 05:00:00
CPAY,2025-11-28 05:00:00,1,0.00853954,-0.2871571878135743,2025-11-21 05:00:00
CPB,2025-11-28 05:00:00,1,0.0065662093,0.0716712569991291,2025-11-21 05:00:00
CPRT,2025-11-28 05:00:00,1,0.0062377993,-0.6216587694729108,2025-11-21 05:00:00
CPT,2025-11-28 05:00:00,1,0.007478992,-0.0609582288378705,2025-11-21 05:00:00
CRL,2025-11-28 05:00:00,1,0.005094616,0.0712589236194652,2025-11-21 05:00:00
CRM,2025-11-28 05:00:00,1,0.0028971327,-0.2839888820487633,2025-11-21 05:00:00
CRWD,2025-11-28 05:00:00,1,0.006613674,0.1463339944821722,2025-11-21 05:00:00
CSCO,2025-11-28 05:00:00,1,0.005703765,0.1958034366396073,2025-11-21 05:00:00
CSGP,2025-11-28 05:00:00,1,0.009652388,-0.4599070508518709,2025-11-21 05:00:00
CSX,2025-11-28 05:00:00,1,0.0060127755,0.1304208244324298,2025-11-21 05:00:00
CTAS,2025-11-28 05:00:00,1,0.0059428946,-0.2893585206882226,2025-11-21 05:00:00
CTRA,2025-11-28 05:00:00,1,0.005735705,0.1051949365511763,2025-11-21 05:00:00
CTSH,2025-11-28 05:00:00,1,0.0065271035,0.1333175565085086,2025-11-21 05:00:00
CTVA,2025-11-28 05:00:00,1,0.0064084837,-0.2811015068407139,2025-11-21 05:00:00
CVS,2025-11-28 05:00:00,1,0.008388319,0.4110595880005337,2025-11-21 05:00:00
CVX,2025-11-28 05:00:00,1,0.00484007,-0.1896358641782303,2025-11-21 05:00:00
CZR,2025-11-28 05:00:00,1,0.009398239,-0.2462920052143559,2025-11-21 05:00:00
D,2025-11-28 05:00:00,1,0.006653186,0.1896235540631528,2025-11-21 05:00:00
DAL,2025-11-28 05:00:00,1,0.007047364,-0.2368963247544986,2025-11-21 05:00:00
DASH,2025-11-28 05:00:00,1,0.010357385,-0.400779120593589,2025-11-21 05:00:00
DAY,2025-11-28 05:00:00,1,0.0055114427,-0.2569512322873024,2025-11-21 05:00:00
DD,2025-11-28 05:00:00,1,0.004701821,0.24859144745627,2025-11-21 05:00:00
DDOG,2025-11-28 05:00:00,1,0.00611023,0.1328979341635634,2025-11-21 05:00:00
DE,2025-11-28 05:00:00,1,0.006546285,0.0339331995718793,2025-11-21 05:00:00
DECK,2025-11-28 05:00:00,1,0.0100382,-0.5686465979618324,2025-11-21 05:00:00
DELL,2025-11-28 05:00:00,1,0.008513441,-0.0465112603993185,2025-11-21 05:00:00
DG,2025-11-28 05:00:00,1,0.007526114,-0.1451182506849617,2025-11-21 05:00:00
DGX,2025-11-28 05:00:00,1,0.0062733674,0.2358979710930695,2025-11-21 05:00:00
DHI,2025-11-28 05:00:00,1,0.007385274,-0.1465992284577209,2025-11-21 05:00:00
DHR,2025-11-28 05:00:00,1,0.0063715116,0.2223356307718158,2025-11-21 05:00:00
DIS,2025-11-28 05:00:00,1,0.006886647,-0.53378362422419,2025-11-21 05:00:00
DLR,2025-11-28 05:00:00,1,0.008555491,-0.1112982492394977,2025-11-21 05:00:00
DLTR,2025-11-28 05:00:00,1,0.0061536226,-0.1483984398925143,2025-11-21 05:00:00
DOC,2025-11-28 05:00:00,1,0.00701635,0.0621808823591902,2025-11-21 05:00:00
DOV,2025-11-28 05:00:00,1,0.0049763727,0.007296517377248,2025-11-21 05:00:00
DOW,2025-11-28 05:00:00,1,0.007954909,-0.1280668729844561,2025-11-21 05:00:00
DPZ,2025-11-28 05:00:00,1,0.0064754183,-0.3361811409670334,2025-11-21 05:00:00
DRI,2025-11-28 05:00:00,1,0.008206251,-0.3364536609218351,2025-11-21 05:00:00
DTE,2025-11-28 05:00:00,1,0.006188792,-0.0133404596152021,2025-11-21 05:00:00
DUK,2025-11-28 05:00:00,1,0.0056874594,0.1422088698059245,2025-11-21 05:00:00
DVA,2025-11-28 05:00:00,1,0.008104401,-0.2108784219859986,2025-11-21 05:00:00
DVN,2025-11-28 05:00:00,1,0.0070915692,-0.0403927385894052,2025-11-21 05:00:00
DXCM,2025-11-28 05:00:00,1,0.011539966,-0.2401380559749133,2025-11-21 05:00:00
EA,2025-11-28 05:00:00,1,0.0031525893,0.2876080258875492,2025-11-21 05:00:00
EBAY,2025-11-28 05:00:00,1,0.008631707,-0.1290488246764246,2025-11-21 05:00:00
ECL,2025-11-28 05:00:00,1,0.007122486,-0.101352454759311,2025-11-21 05:00:00
ED,2025-11-28 05:00:00,1,0.0060973507,0.1632400185833874,2025-11-21 05:00:00
EFX,2025-11-28 05:00:00,1,0.00880581,-0.2751102899253833,2025-11-21 05:00:00
EG,2025-11-28 05:00:00,1,0.006140075,-0.1244639475431897,2025-11-21 05:00:00
EIX,2025-11-28 05:00:00,1,0.0061824317,0.1987686688751803,2025-11-21 05:00:00
EL,2025-11-28 05:00:00,1,0.00668331,-0.2096761896623995,2025-11-21 05:00:00
ELV,2025-11-28 05:00:00,1,0.007462817,0.0941552817484814,2025-11-21 05:00:00
EMN,2025-11-28 05:00:00,1,0.00677063,-0.4043523123380652,2025-11-21 05:00:00
EMR,2025-11-28 05:00:00,1,0.007055474,-0.1126114364454156,2025-11-21 05:00:00
ENPH,2025-11-28 05:00:00,1,0.0136113195,-0.454448181309129,2025-11-21 05:00:00
EOG,2025-11-28 05:00:00,1,0.004570964,-0.4825097711721605,2025-11-21 05:00:00
EPAM,2025-11-28 05:00:00,1,0.006327869,0.0455212083862032,2025-11-21 05:00:00
EQIX,2025-11-28 05:00:00,1,0.0052216826,-0.0571290488310276,2025-11-21 05:00:00
EQR,2025-11-28 05:00:00,1,0.007478992,-0.1790789073518062,2025-11-21 05:00:00
EQT,2025-11-28 05:00:00,1,0.007584723,0.1211105416280346,2025-11-21 05:00:00
ERIE,2025-11-28 05:00:00,1,0.007840982,-0.3646940379138899,2025-11-21 05:00:00
ES,2025-11-28 05:00:00,1,0.0020745692,0.0892876841312487,2025-11-21 05:00:00
ESS,2025-11-28 05:00:00,1,0.006944277,0.073531645217459,2025-11-21 05:00:00
ETN,2025-11-28 05:00:00,1,0.008840854,-0.3231016213692274,2025-11-21 05:00:00
ETR,2025-11-28 05:00:00,1,0.004770819,0.2334805988772973,2025-11-21 05:00:00
EVRG,2025-11-28 05:00:00,1,0.0041650143,0.3210768126164851,2025-11-21 05:00:00
EW,2025-11-28 05:00:00,1,0.008368492,0.1770532616964266,2025-11-21 05:00:00
EXC,2025-11-28 05:00:00,1,0.006651435,0.2622393386826677,2025-11-21 05:00:00
EXE,2025-11-28 05:00:00,1,0.006508079,0.2538516155060039,2025-11-21 05:00:00
EXPD,2025-11-28 05:00:00,1,0.00699455,0.2769847378758964,2025-11-21 05:00:00
EXPE,2025-11-28 05:00:00,1,0.0051724003,0.2095549589744737,2025-11-21 05:00:00
EXR,2025-11-28 05:00:00,1,0.006481634,-0.0826052522065808,2025-11-21 05:00:00
F,2025-11-28 05:00:00,1,0.006118715,0.1440518678787945,2025-11-21 05:00:00
FANG,2025-11-28 05:00:00,1,0.0069781556,-0.0562515665164423,2025-11-21 05:00:00
FAST,2025-11-28 05:00:00,1,0.008087313,-0.7288710484937455,2025-11-21 05:00:00
FCX,2025-11-28 05:00:00,1,0.007818708,-0.2148642725601783,2025-11-21 05:00:00
FDS,2025-11-28 05:00:00,1,0.0068481592,-0.390284073364855,2025-11-21 05:00:00
FDX,2025-11-28 05:00:00,1,0.005571495,0.4041490497915472,2025-11-21 05:00:00
FE,2025-11-28 05:00:00,1,0.0041291574,0.4928460322203685,2025-11-21 05:00:00
FFIV,2025-11-28 05:00:00,1,0.010003102,-0.4088757925559496,2025-11-21 05:00:00
FI,2025-11-28 05:00:00,1,0.010677731,-0.4130249665305079,2025-11-21 05:00:00
FICO,2025-11-28 05:00:00,1,0.008507579,0.1911402293916541,2025-11-21 05:00:00
FIS,2025-11-28 05:00:00,1,0.0075236796,-0.2214568748518565,2025-11-21 05:00:00
FITB,2025-11-28 05:00:00,1,0.0064161075,-0.2067323221189411,2025-11-21 05:00:00
FOX,2025-11-28 05:00:00,1,0.007630818,0.1334104447310795,2025-11-21 05:00:00
FOXA,2025-11-28 05:00:00,1,0.007387566,0.1255166878428912,2025-11-21 05:00:00
FRT,2025-11-28 05:00:00,1,0.0070155645,0.0623011884048292,2025-11-21 05:00:00
FSLR,2025-11-28 05:00:00,1,0.005893018,0.3984846778817765,2025-11-21 05:00:00
FTNT,2025-11-28 05:00:00,1,0.0035638097,0.0522625129907644,2025-11-21 05:00:00
FTV,2025-11-28 05:00:00,1,0.0061056926,0.3803633330978478,2025-11-21 05:00:00
GD,2025-11-28 05:00:00,1,0.0046070353,0.0974028683544925,2025-11-21 05:00:00
GDDY,2025-11-28 05:00:00,1,0.007992669,-0.7423450746150964,2025-11-21 05:00:00
GE,2025-11-28 05:00:00,1,0.007597313,-0.0080020837301706,2025-11-21 05:00:00
GEHC,2025-11-28 05:00:00,1,0.0075696833,0.0483684118231867,2025-11-21 05:00:00
GEN,2025-11-28 05:00:00,1,0.0064830408,-0.3930178808999799,2025-11-21 05:00:00
GEV,2025-11-28 05:00:00,1,0.008766252,-0.5940558457389805,2025-11-21 05:00:00
GILD,2025-11-28 05:00:00,1,0.005758458,0.3746244938427475,2025-11-21 05:00:00
GIS,2025-11-28 05:00:00,1,0.0056022345,0.0165519093292812,2025-11-21 05:00:00
GL,2025-11-28 05:00:00,1,0.00627804,-0.1417490627403266,2025-11-21 05:00:00
GLW,2025-11-28 05:00:00,1,0.0114910435,0.1631102694935374,2025-11-21 05:00:00
GM,2025-11-28 05:00:00,1,0.0035889596,0.2734480060441401,2025-11-21 05:00:00
GNRC,2025-11-28 05:00:00,1,0.00953673,-0.361796553304597,2025-11-21 05:00:00
GOOG,2025-11-28 05:00:00,1,0.00595996,0.4640533251372247,2025-11-21 05:00:00
GOOGL,2025-11-28 05:00:00,1,0.0057621417,0.4540677559510772,2025-11-21 05:00:00
GPC,2025-11-28 05:00:00,1,0.006014182,-0.2471268814224213,2025-11-21 05:00:00
GPN,2025-11-28 05:00:00,1,0.006097459,-0.4148864560306249,2025-11-21 05:00:00
GRMN,2025-11-28 05:00:00,1,0.009956744,-0.3550162701996192,2025-11-21 05:00:00
GS,2025-11-28 05:00:00,1,0.0035744326,-0.008777051747497,2025-11-21 05:00:00
GWW,2025-11-28 05:00:00,1,0.0060127755,-0.1403384439340264,2025-11-21 05:00:00
HAL,2025-11-28 05:00:00,1,0.005213868,0.1538483614201601,2025-11-21 05:00:00
HAS,2025-11-28 05:00:00,1,0.005899973,-0.1043849073197868,2025-11-21 05:00:00
HBAN,2025-11-28 05:00:00,1,0.00586868,-0.2549335353063563,2025-11-21 05:00:00
HCA,2025-11-28 05:00:00,1,0.0054464564,0.765890830787099,2025-11-21 05:00:00
HD,2025-11-28 05:00:00,1,0.0057491534,-0.4059719843297821,2025-11-21 05:00:00
HIG,2025-11-28 05:00:00,1,0.006116364,0.1544623096180879,2025-11-21 05:00:00
HII,2025-11-28 05:00:00,1,0.004350205,0.2677489484543764,2025-11-21 05:00:00
HLT,2025-11-28 05:00:00,1,0.0068363813,0.0113909881520026,2025-11-21 05:00:00
HOLX,2025-11-28 05:00:00,1,0.0055114427,0.2784746703045929,2025-11-21 05:00:00
HON,2025-11-28 05:00:00,1,0.005202895,-0.2973298205934019,2025-11-21 05:00:00
HPE,2025-11-28 05:00:00,1,0.0074429684,-0.2273128607282066,2025-11-21 05:00:00
HPQ,2025-11-28 05:00:00,1,0.0051867454,-0.3201731507019459,2025-11-21 05:00:00
HRL,2025-11-28 05:00:00,1,0.0072811735,-0.220740575112167,2025-11-21 05:00:00
HSIC,2025-11-28 05:00:00,1,0.006543964,0.0773025242867265,2025-11-21 05:00:00
HST,2025-11-28 05:00:00,1,0.006237039,0.0078013145397635,2025-11-21 05:00:00
HSY,2025-11-28 05:00:00,1,0.0062961457,0.097652568579411,2025-11-21 05:00:00
HUBB,2025-11-28 05:00:00,1,0.0075755953,-0.1638396086268056,2025-11-21 05:00:00
HUM,2025-11-28 05:00:00,1,0.004845621,-0.3262002482619178,2025-11-21 05:00:00
HWM,2025-11-28 05:00:00,1,0.007527402,0.1930835639135685,2025-11-21 05:00:00
IBM,2025-11-28 05:00:00,1,0.0070820968,0.4367740092483166,2025-11-21 05:00:00
ICE,2025-11-28 05:00:00,1,0.008092829,-0.3086144077554893,2025-11-21 05:00:00
IDXX,2025-11-28 05:00:00,1,0.0064203707,0.0301601807590155,2025-11-21 05:00:00
IEX,2025-11-28 05:00:00,1,0.006900756,0.068583146714638,2025-11-21 05:00:00
IFF,2025-11-28 05:00:00,1,0.0066462685,0.0113689527963757,2025-11-21 05:00:00
INCY,2025-11-28 05:00:00,1,0.0062536127,0.2610633882344532,2025-11-21 05:00:00
INTC,2025-11-28 05:00:00,1,0.006794227,0.3406721845105928,2025-11-21 05:00:00
INTU,2025-11-28 05:00:00,1,0.0067067086,0.0407463140840076,2025-11-21 05:00:00
INVH,2025-11-28 05:00:00,1,0.0072811735,-0.3084733666028711,2025-11-21 05:00:00
IP,2025-11-28 05:00:00,1,0.00966592,-0.214392111113391,2025-11-21 05:00:00
IPG,2025-11-28 05:00:00,1,0.0060127755,-0.0964856609236367,2025-11-21 05:00:00
IQV,2025-11-28 05:00:00,1,0.0048490646,0.3084498224443899,2025-11-21 05:00:00
IR,2025-11-28 05:00:00,1,0.007767504,-0.0446156415603549,2025-11-21 05:00:00
IRM,2025-11-28 05:00:00,1,0.006354534,-0.1271339981442058,2025-11-21 05:00:00
ISRG,2025-11-28 05:00:00,1,0.006756251,0.2148653221891697,2025-11-21 05:00:00
IT,2025-11-28 05:00:00,1,0.006262491,-0.2027559061872379,2025-11-21 05:00:00
ITW,2025-11-28 05:00:00,1,0.006140713,-0.2938502321461385,2025-11-21 05:00:00
IVZ,2025-11-28 05:00:00,1,0.0047515347,0.1214272837757231,2025-11-21 05:00:00
J,2025-11-28 05:00:00,1,0.0064550503,-0.2329747157379315,2025-11-21 05:00:00
JBHT,2025-11-28 05:00:00,1,0.007093498,0.179670960020958,2025-11-21 05:00:00
JBL,2025-11-28 05:00:00,1,0.009590486,-0.1947129392641864,2025-11-21 05:00:00
JCI,2025-11-28 05:00:00,1,0.0044168667,0.0801010655031348,2025-11-21 05:00:00
JKHY,2025-11-28 05:00:00,1,0.0060242526,0.1140327133148113,2025-11-21 05:00:00
JNJ,2025-11-28 05:00:00,1,0.0027745226,0.5580816396907551,2025-11-21 05:00:00
JPM,2025-11-28 05:00:00,1,0.0029186287,-0.0675503451747776,2025-11-21 05:00:00
K,2025-11-28 05:00:00,1,0.0055114427,0.1663708220446729,2025-11-21 05:00:00
KDP,2025-11-28 05:00:00,1,0.007840982,-0.1934257969983942,2025-11-21 05:00:00
KEY,2025-11-28 05:00:00,1,0.006720062,-0.2143151440394899,2025-11-21 05:00:00
KEYS,2025-11-28 05:00:00,1,0.0064050974,0.0781488235203147,2025-11-21 05:00:00
KHC,2025-11-28 05:00:00,1,0.006889819,-0.3638738576328852,2025-11-21 05:00:00
KIM,2025-11-28 05:00:00,1,0.006140713,-0.1795606625707913,2025-11-21 05:00:00
KKR,2025-11-28 05:00:00,1,0.010199488,-0.3664563219523096,2025-11-21 05:00:00
KLAC,2025-11-28 05:00:00,1,0.0061274585,0.1908680397388511,2025-11-21 05:00:00
KMB,2025-11-28 05:00:00,1,0.006469,-0.2700543016246503,2025-11-21 05:00:00
KMI,2025-11-28 05:00:00,1,0.005596019,-0.0073295870486293,2025-11-21 05:00:00
KMX,2025-11-28 05:00:00,1,0.016329374,-0.4229119887283771,2025-11-21 05:00:00
KO,2025-11-28 05:00:00,1,0.0054390156,0.4454788254055976,2025-11-21 05:00:00
KR,2025-11-28 05:00:00,1,0.0067464584,0.0308751449881306,2025-11-21 05:00:00
KVUE,2025-11-28 05:00:00,1,0.007964775,-0.6275351722014932,2025-11-21 05:00:00
L,2025-11-28 05:00:00,1,0.0036299408,0.4336517153544746,2025-11-21 05:00:00
LDOS,2025-11-28 05:00:00,1,0.0021831968,0.1045909603904601,2025-11-21 05:00:00
LEN,2025-11-28 05:00:00,1,0.006671231,-0.0284003155198602,2025-11-21 05:00:00
LH,2025-11-28 05:00:00,1,0.007859858,-0.0339869423783985,2025-11-21 05:00:00
LHX,2025-11-28 05:00:00,1,0.0038443303,-0.0405962365365623,2025-11-21 05:00:00
LII,2025-11-28 05:00:00,1,0.011197006,-0.3962014646849676,2025-11-21 05:00:00
LIN,2025-11-28 05:00:00,1,0.007982583,-0.5815469341616335,2025-11-21 05:00:00
LKQ,2025-11-28 05:00:00,1,0.0059889094,-0.1624176314242712,2025-11-21 05:00:00
LLY,2025-11-28 05:00:00,1,0.007409407,0.6004834766707462,2025-11-21 05:00:00
LMT,2025-11-28 05:00:00,1,0.0055827303,0.016118996971714,2025-11-21 05:00:00
LNT,2025-11-28 05:00:00,1,0.0061501022,0.399365980040455,2025-11-21 05:00:00
LOW,2025-11-28 05:00:00,1,0.0056393803,-0.1616677005207936,2025-11-21 05:00:00
LRCX,2025-11-28 05:00:00,1,0.008333568,0.2063987281383908,2025-11-21 05:00:00
LULU,2025-11-28 05:00:00,1,0.007819407,-0.314403067557389,2025-11-21 05:00:00
LUV,2025-11-28 05:00:00,1,0.006595503,-0.005733728940238,2025-11-21 05:00:00
LVS,2025-11-28 05:00:00,1,0.0057037394,0.0766871884884632,2025-11-21 05:00:00
LW,2025-11-28 05:00:00,1,0.0062657185,0.0115620115723123,2025-11-21 05:00:00
LYB,2025-11-28 05:00:00,1,0.008327996,-0.4478095442632434,2025-11-21 05:00:00
LYV,2025-11-28 05:00:00,1,0.006609966,-0.5692334091838126,2025-11-21 05:00:00
MA,2025-11-28 05:00:00,1,0.006140713,-0.3640039663900351,2025-11-21 05:00:00
MAA,2025-11-28 05:00:00,1,0.006944277,-0.1726134822242495,2025-11-21 05:00:00
MAR,2025-11-28 05:00:00,1,0.007385898,0.1736057477035094,2025-11-21 05:00:00
MAS,2025-11-28 05:00:00,1,0.008675111,-0.3646779221108848,2025-11-21 05:00:00
MCD,2025-11-28 05:00:00,1,0.005776267,0.0543073294070292,2025-11-21 05:00:00
MCHP,2025-11-28 05:00:00,1,0.008065412,-0.5080524172841833,2025-11-21 05:00:00
MCK,2025-11-28 05:00:00,1,0.004497859,0.6668757002952916,2025-11-21 05:00:00
MCO,2025-11-28 05:00:00,1,0.0076069296,-0.2005671009725595,2025-11-21 05:00:00
MDLZ,2025-11-28 05:00:00,1,0.0066808593,-0.1673536615127215,2025-11-21 05:00:00
MDT,2025-11-28 05:00:00,1,0.005713033,0.2944425288134457,2025-11-21 05:00:00
MET,2025-11-28 05:00:00,1,0.003909079,-0.228445610804878,2025-11-21 05:00:00
META,2025-11-28 05:00:00,1,0.009345911,-0.4410555578045035,2025-11-21 05:00:00
MGM,2025-11-28 05:00:00,1,0.008430158,-0.4252579158570131,2025-11-21 05:00:00
MHK,2025-11-28 05:00:00,1,0.010431962,-0.2843630351557246,2025-11-21 05:00:00
MKC,2025-11-28 05:00:00,1,0.006944277,-0.0213615469044914,2025-11-21 05:00:00
MKTX,2025-11-28 05:00:00,1,0.0071699773,-0.2502688199776229,2025-11-21 05:00:00
MLM,2025-11-28 05:00:00,1,0.00627804,-0.155656786341654,2025-11-21 05:00:00
MMC,2025-11-28 05:00:00,1,0.0062776,-0.2404724459276492,2025-11-21 05:00:00
MMM,2025-11-28 05:00:00,1,0.005800104,0.1876688601218406,2025-11-21 05:00:00
MNST,2025-11-28 05:00:00,1,0.0043134275,0.4347838176058672,2025-11-21 05:00:00
MO,2025-11-28 05:00:00,1,0.007478934,-0.1864669450262827,2025-11-21 05:00:00
MOH,2025-11-28 05:00:00,1,0.009982453,-0.2290471962618011,2025-11-21 05:00:00
MOS,2025-11-28 05:00:00,1,0.00687113,-0.5023470666768672,2025-11-21 05:00:00
MPC,2025-11-28 05:00:00,1,0.0042025237,0.1414229793306352,2025-11-21 05:00:00
MPWR,2025-11-28 05:00:00,1,0.007561662,-0.1468956337797131,2025-11-21 05:00:00
MRK,2025-11-28 05:00:00,1,0.006091081,0.2804888217202571,2025-11-21 05:00:00
MRNA,2025-11-28 05:00:00,1,0.010299571,-0.016224323561506,2025-11-21 05:00:00
MS,2025-11-28 05:00:00,1,0.0029447651,0.0737732337842421,2025-11-21 05:00:00
MSCI,2025-11-28 05:00:00,1,0.0063590454,0.0250958334565653,2025-11-21 05:00:00
MSFT,2025-11-28 05:00:00,1,0.0073780315,-0.2577496155353471,2025-11-21 05:00:00
MSI,2025-11-28 05:00:00,1,0.008226497,-0.7815164890549879,2025-11-21 05:00:00
MTB,2025-11-28 05:00:00,1,0.0057033356,-0.1660082125561992,2025-11-21 05:00:00
MTCH,2025-11-28 05:00:00,1,0.006967886,-0.3316913868512974,2025-11-21 05:00:00
MTD,2025-11-28 05:00:00,1,0.007750659,0.2716128062340466,2025-11-21 05:00:00
MU,2025-11-28 05:00:00,1,0.011603829,0.3157801778632243,2025-11-21 05:00:00
NCLH,2025-11-28 05:00:00,1,0.010455896,-0.4754883908627241,2025-11-21 05:00:00
NDAQ,2025-11-28 05:00:00,1,0.007997808,-0.3467302983230246,2025-11-21 05:00:00
NDSN,2025-11-28 05:00:00,1,0.0059740855,0.1410440500580949,2025-11-21 05:00:00
NEE,2025-11-28 05:00:00,1,0.0059835864,0.4353056067246876,2025-11-21 05:00:00
NEM,2025-11-28 05:00:00,1,0.008651913,0.0402976787530805,2025-11-21 05:00:00
NFLX,2025-11-28 05:00:00,1,0.00861657,-0.28929001134117,2025-11-21 05:00:00
NI,2025-11-28 05:00:00,1,0.006651435,-0.0057961469402645,2025-11-21 05:00:00
NKE,2025-11-28 05:00:00,1,0.007395414,-0.3980250013974544,2025-11-21 05:00:00
NOC,2025-11-28 05:00:00,1,0.0062120007,-0.0946096168203537,2025-11-21 05:00:00
NOW,2025-11-28 05:00:00,1,0.007203473,-0.339209060302987,2025-11-21 05:00:00
NRG,2025-11-28 05:00:00,1,0.011096753,0.0184595595806157,2025-11-21 05:00:00
NSC,2025-11-28 05:00:00,1,0.005507211,0.0826712315533937,2025-11-21 05:00:00
NTAP,2025-11-28 05:00:00,1,0.007023645,-0.1288097624082682,2025-11-21 05:00:00
NTRS,2025-11-28 05:00:00,1,0.0056175785,-0.128751716777879,2025-11-21 05:00:00
NUE,2025-11-28 05:00:00,1,0.006675857,0.0142083434994662,2025-11-21 05:00:00
NVDA,2025-11-28 05:00:00,1,0.011332687,-0.0153738310248586,2025-11-21 05:00:00
NVR,2025-11-28 05:00:00,1,0.006140713,-0.1671979946085448,2025-11-21 05:00:00
NWS,2025-11-28 05:00:00,1,0.008928735,-0.4560426078119635,2025-11-21 05:00:00
NWSA,2025-11-28 05:00:00,1,0.007526249,-0.3262955707903638,2025-11-21 05:00:00
NXPI,2025-11-28 05:00:00,1,0.00910407,-0.4743707504641111,2025-11-21 05:00:00
O,2025-11-28 05:00:00,1,0.006188792,-0.0180697616542347,2025-11-21 05:00:00
ODFL,2025-11-28 05:00:00,1,0.0076568876,-0.3397978763313265,2025-11-21 05:00:00
OKE,2025-11-28 05:00:00,1,0.00603804,-0.2290676918200178,2025-11-21 05:00:00
OMC,2025-11-28 05:00:00,1,0.0060127755,-0.1025068062571768,2025-11-21 05:00:00
ON,2025-11-28 05:00:00,1,0.009610006,-0.2459847580619556,2025-11-21 05:00:00
ORCL,2025-11-28 05:00:00,1,0.015897479,-0.1962422427318755,2025-11-21 05:00:00
ORLY,2025-11-28 05:00:00,1,0.0056779394,-0.0362945021740849,2025-11-21 05:00:00
OTIS,2025-11-28 05:00:00,1,0.0055114427,0.1820092285508259,2025-11-21 05:00:00
OXY,2025-11-28 05:00:00,1,0.006659337,-0.3645686853316666,2025-11-21 05:00:00
PANW,2025-11-28 05:00:00,1,0.004976621,-0.1567020081694193,2025-11-21 05:00:00
PAYC,2025-11-28 05:00:00,1,0.007453217,-0.5654421799168263,2025-11-21 05:00:00
PAYX,2025-11-28 05:00:00,1,0.008986158,-0.8058147198565023,2025-11-21 05:00:00
PCAR,2025-11-28 05:00:00,1,0.006903398,0.0452652223970138,2025-11-21 05:00:00
PCG,2025-11-28 05:00:00,1,0.0043132757,0.096462363929047,2025-11-21 05:00:00
PEG,2025-11-28 05:00:00,1,0.0064754183,-0.0389938258737677,2025-11-21 05:00:00
PEP,2025-11-28 05:00:00,1,0.0062142406,-0.0907382122051223,2025-11-21 05:00:00
PFE,2025-11-28 05:00:00,1,0.0065034693,0.029096517067115,2025-11-21 05:00:00
PFG,2025-11-28 05:00:00,1,0.005381321,0.2151275765885905,2025-11-21 05:00:00
PG,2025-11-28 05:00:00,1,0.0055827303,-0.0586762445612503,2025-11-21 05:00:00
PGR,2025-11-28 05:00:00,1,0.005372998,-0.1294541042073595,2025-11-21 05:00:00
PH,2025-11-28 05:00:00,1,0.003747688,0.1904892800310992,2025-11-21 05:00:00
PHM,2025-11-28 05:00:00,1,0.007190272,-0.1047134778970647,2025-11-21 05:00:00
PKG,2025-11-28 05:00:00,1,0.0076069296,-0.307662078264477,2025-11-21 05:00:00
PLD,2025-11-28 05:00:00,1,0.006333184,0.2827059111707847,2025-11-21 05:00:00
PLTR,2025-11-28 05:00:00,1,0.017226039,-0.0900232892688734,2025-11-21 05:00:00
PM,2025-11-28 05:00:00,1,0.007420315,0.0012127825135582,2025-11-21 05:00:00
PNC,2025-11-28 05:00:00,1,0.006140713,-0.2730311902010731,2025-11-21 05:00:00
PNR,2025-11-28 05:00:00,1,0.007997808,-0.1474305993787437,2025-11-21 05:00:00
PNW,2025-11-28 05:00:00,1,0.0060127755,-0.0309809642317594,2025-11-21 05:00:00
PODD,2025-11-28 05:00:00,1,0.0075837546,-0.0950485911293114,2025-11-21 05:00:00
POOL,2025-11-28 05:00:00,1,0.008953168,-0.4388147851677778,2025-11-21 05:00:00
PPG,2025-11-28 05:00:00,1,0.0068185315,-0.273404032503515,2025-11-21 05:00:00
PPL,2025-11-28 05:00:00,1,0.0056874594,0.0303848893925887,2025-11-21 05:00:00
PRU,2025-11-28 05:00:00,1,0.005636834,-0.0354144158135938,2025-11-21 05:00:00
PSA,2025-11-28 05:00:00,1,0.0060127755,-0.1737690227839575,2025-11-21 05:00:00
PSKY,2025-11-28 05:00:00,1,0.011443331,0.077743215451298,2025-11-21 05:00:00
PSX,2025-11-28 05:00:00,1,0.0073887785,0.0217423762202605,2025-11-21 05:00:00
PTC,2025-11-28 05:00:00,1,0.0060581937,-0.5301469010228177,2025-11-21 05:00:00
PWR,2025-11-28 05:00:00,1,0.0058934283,0.2364032943167704,2025-11-21 05:00:00
PYPL,2025-11-28 05:00:00,1,0.005633393,-0.5630389804113037,2025-11-21 05:00:00
QCOM,2025-11-28 05:00:00,1,0.0043109716,0.0166500303170294,2025-11-21 05:00:00
RCL,2025-11-28 05:00:00,1,0.009395037,-0.5821295540309069,2025-11-21 05:00:00
REG,2025-11-28 05:00:00,1,0.0068034143,-0.0619014761589191,2025-11-21 05:00:00
REGN,2025-11-28 05:00:00,1,0.007140892,0.4334158097773322,2025-11-21 05:00:00
RF,2025-11-28 05:00:00,1,0.0065222434,-0.2573639860762688,2025-11-21 05:00:00
RJF,2025-11-28 05:00:00,1,0.005637846,-0.3335943606497224,2025-11-21 05:00:00
RL,2025-11-28 05:00:00,1,0.006883549,0.2017359116418373,2025-11-21 05:00:00
RMD,2025-11-28 05:00:00,1,0.008087313,-0.2572189239897736,2025-11-21 05:00:00
ROK,2025-11-28 05:00:00,1,0.0061200135,0.2370643585756351,2025-11-21 05:00:00
ROL,2025-11-28 05:00:00,1,0.0073177572,0.3189767776831091,2025-11-21 05:00:00
ROP,2025-11-28 05:00:00,1,0.0066928607,-0.5464420364981223,2025-11-21 05:00:00
ROST,2025-11-28 05:00:00,1,0.0058735847,0.3475055572183272,2025-11-21 05:00:00
RSG,2025-11-28 05:00:00,1,0.0059428946,-0.0735827463012066,2025-11-21 05:00:00
RTX,2025-11-28 05:00:00,1,0.0026336883,0.0757373789766177,2025-11-21 05:00:00
RVTY,2025-11-28 05:00:00,1,0.0070410366,0.2715859989775824,2025-11-21 05:00:00
SBAC,2025-11-28 05:00:00,1,0.006218289,0.0839093463656119,2025-11-21 05:00:00
SBUX,2025-11-28 05:00:00,1,0.0069994233,-0.0521361643358421,2025-11-21 05:00:00
SCHW,2025-11-28 05:00:00,1,0.0034554342,-0.2563671946217457,2025-11-21 05:00:00
SHW,2025-11-28 05:00:00,1,0.0061369496,-0.17468264039805,2025-11-21 05:00:00
SJM,2025-11-28 05:00:00,1,0.005856932,-0.0921324585811533,2025-11-21 05:00:00
SLB,2025-11-28 05:00:00,1,0.006911348,-0.041767809366754,2025-11-21 05:00:00
SMCI,2025-11-28 05:00:00,1,0.01909713,-0.2859796865063262,2025-11-21 05:00:00
SNA,2025-11-28 05:00:00,1,0.0064754183,0.0556934385645463,2025-11-21 05:00:00
SNPS,2025-11-28 05:00:00,1,0.010880117,-0.3256409789053697,2025-11-21 05:00:00
SO,2025-11-28 05:00:00,1,0.005710668,-0.0445397204338926,2025-11-21 05:00:00
SOLV,2025-11-28 05:00:00,1,0.00649426,0.3030291170552452,2025-11-21 05:00:00
SPG,2025-11-28 05:00:00,1,0.005191246,0.1476268468619778,2025-11-21 05:00:00
SPGI,2025-11-28 05:00:00,1,0.007547619,-0.3288788999965607,2025-11-21 05:00:00
SRE,2025-11-28 05:00:00,1,0.004772048,0.3495651216741859,2025-11-21 05:00:00
STE,2025-11-28 05:00:00,1,0.006398088,0.2167890371598615,2025-11-21 05:00:00
STLD,2025-11-28 05:00:00,1,0.0070981276,0.3700796654708499,2025-11-21 05:00:00
STT,2025-11-28 05:00:00,1,0.0044984645,-0.0325790297194604,2025-11-21 05:00:00
STX,2025-11-28 05:00:00,1,0.016708571,0.1433506320086987,2025-11-21 05:00:00
STZ,2025-11-28 05:00:00,1,0.006355103,-0.2292449696496486,2025-11-21 05:00:00
SW,2025-11-28 05:00:00,1,0.00860062,-0.6165937896944654,2025-11-21 05:00:00
SWK,2025-11-28 05:00:00,1,0.007642876,-0.152127471764702,2025-11-21 05:00:00
SWKS,2025-11-28 05:00:00,1,0.006114473,-0.2522093474567727,2025-11-21 05:00:00
SYF,2025-11-28 05:00:00,1,0.0049759224,-0.1011447127588422,2025-11-21 05:00:00
SYK,2025-11-28 05:00:00,1,0.006605596,-0.1348698336839497,2025-11-21 05:00:00
SYY,2025-11-28 05:00:00,1,0.006516788,-0.0641621416845959,2025-11-21 05:00:00
T,2025-11-28 05:00:00,1,0.006225383,-0.0915636843332284,2025-11-21 05:00:00
TAP,2025-11-28 05:00:00,1,0.0058418564,-0.0723567046488196,2025-11-21 05:00:00
TDG,2025-11-28 05:00:00,1,0.0054206457,0.1233304479300402,2025-11-21 05:00:00
TDY,2025-11-28 05:00:00,1,0.0067274584,-0.2696984986573734,2025-11-21 05:00:00
TECH,2025-11-28 05:00:00,1,0.008735716,0.1608680539312916,2025-11-21 05:00:00
TEL,2025-11-28 05:00:00,1,0.0059700287,0.0251808270453527,2025-11-21 05:00:00
TER,2025-11-28 05:00:00,1,0.01057239,0.1380139761398416,2025-11-21 05:00:00
TFC,2025-11-28 05:00:00,1,0.0049763727,-0.1143402209511218,2025-11-21 05:00:00
TGT,2025-11-28 05:00:00,1,0.0065481854,-0.3306316147748014,2025-11-21 05:00:00
TJX,2025-11-28 05:00:00,1,0.0059164274,0.4656457552670335,2025-11-21 05:00:00
TKO,2025-11-28 05:00:00,1,0.007991158,-0.270800172238305,2025-11-21 05:00:00
TMO,2025-11-28 05:00:00,1,0.0055615357,0.3597660633662015,2025-11-21 05:00:00
TMUS,2025-11-28 05:00:00,1,0.0047341213,-0.3515378300187176,2025-11-21 05:00:00
TPL,2025-11-28 05:00:00,1,0.004086911,-0.0765491626081227,2025-11-21 05:00:00
TPR,2025-11-28 05:00:00,1,0.009981686,-0.0439886999238223,2025-11-21 05:00:00
TRGP,2025-11-28 05:00:00,1,0.005512409,0.0108121709670686,2025-11-21 05:00:00
TRMB,2025-11-28 05:00:00,1,0.0086603975,-0.2224102085381964,2025-11-21 05:00:00
TROW,2025-11-28 05:00:00,1,0.006140713,-0.5689786171751579,2025-11-21 05:00:00
TRV,2025-11-28 05:00:00,1,0.0056150323,0.262607136931209,2025-11-21 05:00:00
TSCO,2025-11-28 05:00:00,1,0.0041819746,-0.5138383262100307,2025-11-21 05:00:00
TSLA,2025-11-28 05:00:00,1,0.009732597,0.0200130483638488,2025-11-21 05:00:00
TSN,2025-11-28 05:00:00,1,0.006442944,-0.3089754269274691,2025-11-21 05:00:00
TT,2025-11-28 05:00:00,1,0.006268469,-0.1156633234812196,2025-11-21 05:00:00
TTD,2025-11-28 05:00:00,1,0.008217999,-0.3915827128703417,2025-11-21 05:00:00
TTWO,2025-11-28 05:00:00,1,0.0077965567,-0.010064716516295,2025-11-21 05:00:00
TXN,2025-11-28 05:00:00,1,0.007991388,-0.5191176574013248,2025-11-21 05:00:00
TXT,2025-11-28 05:00:00,1,0.0055114427,0.0068448819532031,2025-11-21 05:00:00
TYL,2025-11-28 05:00:00,1,0.007017757,-0.3970083283045119,2025-11-21 05:00:00
UAL,2025-11-28 05:00:00,1,0.008833563,-0.4101124417081988,2025-11-21 05:00:00
UBER,2025-11-28 05:00:00,1,0.0065780957,-0.3632164979060906,2025-11-21 05:00:00
UDR,2025-11-28 05:00:00,1,0.0067464584,-0.1556688833982279,2025-11-21 05:00:00
UHS,2025-11-28 05:00:00,1,0.0058404813,0.7460650217440327,2025-11-21 05:00:00
ULTA,2025-11-28 05:00:00,1,0.008759349,-0.0072829669310091,2025-11-21 05:00:00
UNH,2025-11-28 05:00:00,1,0.007681444,0.1084498383173522,2025-11-21 05:00:00
UNP,2025-11-28 05:00:00,1,0.005133376,0.0215923876935096,2025-11-21 05:00:00
UPS,2025-11-28 05:00:00,1,0.0070973434,0.217481846904638,2025-11-21 05:00:00
URI,2025-11-28 05:00:00,1,0.0074948394,-0.4821807044373036,2025-11-21 05:00:00
USB,2025-11-28 05:00:00,1,0.0060127755,-0.0306351579087734,2025-11-21 05:00:00
V,2025-11-28 05:00:00,1,0.0056393803,-0.3113713394267989,2025-11-21 05:00:00
VICI,2025-11-28 05:00:00,1,0.0044412133,-0.4085956002438631,2025-11-21 05:00:00
VLO,2025-11-28 05:00:00,1,0.005828249,0.2069379139883443,2025-11-21 05:00:00
VLTO,2025-11-28 05:00:00,1,0.006603356,-0.1716032332561082,2025-11-21 05:00:00
VMC,2025-11-28 05:00:00,1,0.006581554,-0.037622848816623,2025-11-21 05:00:00
VRSK,2025-11-28 05:00:00,1,0.0075699044,-0.3550426673761126,2025-11-21 05:00:00
VRSN,2025-11-28 05:00:00,1,0.0101954555,-0.1725709987465451,2025-11-21 05:00:00
VRTX,2025-11-28 05:00:00,1,0.0054654763,0.2287659996866566,2025-11-21 05:00:00
VST,2025-11-28 05:00:00,1,0.009658843,-0.2525578957182787,2025-11-21 05:00:00
VTR,2025-11-28 05:00:00,1,0.0051272484,0.553265184470739,2025-11-21 05:00:00
VTRS,2025-11-28 05:00:00,1,0.00587437,0.0019127048887042,2025-11-21 05:00:00
VZ,2025-11-28 05:00:00,1,0.0061369496,0.0102301266682567,2025-11-21 05:00:00
WAB,2025-11-28 05:00:00,1,0.0063005136,0.0497625500091243,2025-11-21 05:00:00
WAT,2025-11-28 05:00:00,1,0.0072460547,0.5391978714568798,2025-11-21 05:00:00
WBD,2025-11-28 05:00:00,1,0.0097610755,0.4006934664597275,2025-11-21 05:00:00
WDAY,2025-11-28 05:00:00,1,0.00793671,-0.0165953284325764,2025-11-21 05:00:00
WDC,2025-11-28 05:00:00,1,0.013707211,0.3058572913169358,2025-11-21 05:00:00
WEC,2025-11-28 05:00:00,1,0.006188792,0.2415585476796012,2025-11-21 05:00:00
WELL,2025-11-28 05:00:00,1,0.005673673,0.4680407799990162,2025-11-21 05:00:00
WFC,2025-11-28 05:00:00,1,0.005489641,0.0386610590346661,2025-11-21 05:00:00
WM,2025-11-28 05:00:00,1,0.0068185315,-0.0613802012171053,2025-11-21 05:00:00
WMB,2025-11-28 05:00:00,1,0.004716265,0.0829504545784704,2025-11-21 05:00:00
WMT,2025-11-28 05:00:00,1,0.0044333925,0.2630567006641762,2025-11-21 05:00:00
WRB,2025-11-28 05:00:00,1,0.0069254213,0.2701562877316747,2025-11-21 05:00:00
WSM,2025-11-28 05:00:00,1,0.0049740933,-0.0671642399331632,2025-11-21 05:00:00
WST,2025-11-28 05:00:00,1,0.0077592037,0.1876116857860763,2025-11-21 05:00:00
WTW,2025-11-28 05:00:00,1,0.005792069,-0.0717716252835707,2025-11-21 05:00:00
WY,2025-11-28 05:00:00,1,0.006944277,-0.454122555425878,2025-11-21 05:00:00
WYNN,2025-11-28 05:00:00,1,0.0033010382,-0.1917622757700528,2025-11-21 05:00:00
XEL,2025-11-28 05:00:00,1,0.0056874594,0.2546310194204365,2025-11-21 05:00:00
XOM,2025-11-28 05:00:00,1,0.005536708,0.1187062422528336,2025-11-21 05:00:00
XYL,2025-11-28 05:00:00,1,0.004504855,-0.0556924173440027,2025-11-21 05:00:00
XYZ,2025-11-28 05:00:00,1,0.011152653,-0.4224382352616057,2025-11-21 05:00:00
YUM,2025-11-28 05:00:00,1,0.0064453674,0.1434395313887242,2025-11-21 05:00:00
ZBH,2025-11-28 05:00:00,1,0.007156586,-0.1814625776088293,2025-11-21 05:00:00
ZBRA,2025-11-28 05:00:00,1,0.0103513915,-0.4313965020657683,2025-11-21 05:00:00
ZTS,2025-11-28 05:00:00,1,0.008912173,-0.3744414027011514,2025-11-21 05:00:00
A,2025-12-05 05:00:00,2,0.008825628,0.3605987246197111,2025-11-21 05:00:00
AAPL,2025-12-05 05:00:00,2,0.00618123,0.4064472316004506,2025-11-21 05:00:00
ABBV,2025-12-05 05:00:00,2,0.008199766,0.3994006073152109,2025-11-21 05:00:00
ABNB,2025-12-05 05:00:00,2,0.006880379,-0.3118465324398876,2025-11-21 05:00:00
ABT,2025-12-05 05:00:00,2,0.0056534563,0.0177238325847321,2025-11-21 05:00:00
ACGL,2025-12-05 05:00:00,2,0.0056534563,0.0203562386998011,2025-11-21 05:00:00
ACN,2025-12-05 05:00:00,2,0.006793779,-0.1841637141346662,2025-11-21 05:00:00
ADBE,2025-12-05 05:00:00,2,0.007690324,-0.2419612224007398,2025-11-21 05:00:00
ADI,2025-12-05 05:00:00,2,0.008328615,-0.1983167608648323,2025-11-21 05:00:00
ADM,2025-12-05 05:00:00,2,0.0065247603,-0.1906163950610264,2025-11-21 05:00:00
ADP,2025-12-05 05:00:00,2,0.007222847,-0.6315291545186699,2025-11-21 05:00:00
ADSK,2025-12-05 05:00:00,2,0.008437872,-0.2771923135693213,2025-11-21 05:00:00
AEE,2025-12-05 05:00:00,2,0.0056534563,0.2609776903502278,2025-11-21 05:00:00
AEP,2025-12-05 05:00:00,2,0.007793299,0.3031185064345967,2025-11-21 05:00:00
AES,2025-12-05 05:00:00,2,0.0067821913,-0.050288115526677,2025-11-21 05:00:00
AFL,2025-12-05 05:00:00,2,0.00569463,0.2079437869780605,2025-11-21 05:00:00
AIG,2025-12-05 05:00:00,2,0.0061830156,-0.1930790415056891,2025-11-21 05:00:00
AIZ,2025-12-05 05:00:00,2,0.0071372567,0.1966669425042344,2025-11-21 05:00:00
AJG,2025-12-05 05:00:00,2,0.008082175,-0.3140511588796243,2025-11-21 05:00:00
AKAM,2025-12-05 05:00:00,2,0.007927775,0.1728637892551152,2025-11-21 05:00:00
ALB,2025-12-05 05:00:00,2,0.026027316,0.2815700808483307,2025-11-21 05:00:00
ALGN,2025-12-05 05:00:00,2,0.008391178,-0.0619084423310689,2025-11-21 05:00:00
ALL,2025-12-05 05:00:00,2,0.00569463,0.1751721761398742,2025-11-21 05:00:00
ALLE,2025-12-05 05:00:00,2,0.007843062,-0.0991037732045031,2025-11-21 05:00:00
AMAT,2025-12-05 05:00:00,2,0.011119219,0.3484354790444187,2025-11-21 05:00:00
AMCR,2025-12-05 05:00:00,2,0.007196182,-0.0781388264223525,2025-11-21 05:00:00
AMD,2025-12-05 05:00:00,2,0.023223646,-0.1805969353996546,2025-11-21 05:00:00
AME,2025-12-05 05:00:00,2,0.007986872,0.0598109849529377,2025-11-21 05:00:00
AMGN,2025-12-05 05:00:00,2,0.0063376077,0.368342566543679,2025-11-21 05:00:00
AMP,2025-12-05 05:00:00,2,0.007792442,-0.4556513527027706,2025-11-21 05:00:00
AMT,2025-12-05 05:00:00,2,0.00739206,-0.1954901975109999,2025-11-21 05:00:00
AMZN,2025-12-05 05:00:00,2,0.009357063,-0.2119029072154671,2025-11-21 05:00:00
ANET,2025-12-05 05:00:00,2,0.030340146,-0.2997137571185322,2025-11-21 05:00:00
AON,2025-12-05 05:00:00,2,0.007793299,-0.0999462831243688,2025-11-21 05:00:00
AOS,2025-12-05 05:00:00,2,0.007793299,-0.2025911417542692,2025-11-21 05:00:00
APA,2025-12-05 05:00:00,2,0.010049435,-0.0043009746635962,2025-11-21 05:00:00
APD,2025-12-05 05:00:00,2,0.005699316,-0.2628128784904181,2025-11-21 05:00:00
APH,2025-12-05 05:00:00,2,0.009081481,0.3318259967938827,2025-11-21 05:00:00
APO,2025-12-05 05:00:00,2,0.0069817104,-0.1632219432903929,2025-11-21 05:00:00
APTV,2025-12-05 05:00:00,2,0.008704212,-0.1332172352034294,2025-11-21 05:00:00
ARE,2025-12-05 05:00:00,2,0.011877843,-0.406019025843018,2025-11-21 05:00:00
ATO,2025-12-05 05:00:00,2,0.00618123,0.2306729422733151,2025-11-21 05:00:00
AVB,2025-12-05 05:00:00,2,0.0067537683,-0.1416297539385254,2025-11-21 05:00:00
AVGO,2025-12-05 05:00:00,2,0.014034205,0.0390879989280848,2025-11-21 05:00:00
AVY,2025-12-05 05:00:00,2,0.005323011,0.0300216440352919,2025-11-21 05:00:00
AWK,2025-12-05 05:00:00,2,0.007155865,-0.0516371280017713,2025-11-21 05:00:00
AXON,2025-12-05 05:00:00,2,0.016917251,-0.4519766195341741,2025-11-21 05:00:00
AXP,2025-12-05 05:00:00,2,0.0071690073,0.1185737311507932,2025-11-21 05:00:00
AZO,2025-12-05 05:00:00,2,0.0056882114,-0.1439640821031982,2025-11-21 05:00:00
BA,2025-12-05 05:00:00,2,0.009284004,-0.6125779442742874,2025-11-21 05:00:00
BAC,2025-12-05 05:00:00,2,0.0062812385,0.0387152496622503,2025-11-21 05:00:00
BALL,2025-12-05 05:00:00,2,0.0054830746,-0.0265585673415756,2025-11-21 05:00:00
BAX,2025-12-05 05:00:00,2,0.010127716,-0.2910423987115025,2025-11-21 05:00:00
BBY,2025-12-05 05:00:00,2,0.0060014827,0.0110459479686417,2025-11-21 05:00:00
BDX,2025-12-05 05:00:00,2,0.005946878,0.0503187513110938,2025-11-21 05:00:00
BEN,2025-12-05 05:00:00,2,0.0067946357,-0.5728619953430498,2025-11-21 05:00:00
BG,2025-12-05 05:00:00,2,0.006648759,0.1519013545202961,2025-11-21 05:00:00
BIIB,2025-12-05 05:00:00,2,0.009081228,0.4146604225713767,2025-11-21 05:00:00
BK,2025-12-05 05:00:00,2,0.005691773,-0.0095318314084372,2025-11-21 05:00:00
BKNG,2025-12-05 05:00:00,2,0.009368138,-0.635226282744872,2025-11-21 05:00:00
BKR,2025-12-05 05:00:00,2,0.00806979,0.0675773984880813,2025-11-21 05:00:00
BLDR,2025-12-05 05:00:00,2,0.010001163,-0.3487676534790693,2025-11-21 05:00:00
BLK,2025-12-05 05:00:00,2,0.0061044586,-0.4125310027741133,2025-11-21 05:00:00
BMY,2025-12-05 05:00:00,2,0.00809943,0.0443718004469642,2025-11-21 05:00:00
BR,2025-12-05 05:00:00,2,0.007793299,-0.339534558792592,2025-11-21 05:00:00
BRO,2025-12-05 05:00:00,2,0.0077979844,-0.2988568392398102,2025-11-21 05:00:00
BSX,2025-12-05 05:00:00,2,0.0061044586,-0.2076142667028039,2025-11-21 05:00:00
BX,2025-12-05 05:00:00,2,0.00714147,-0.3560935029420306,2025-11-21 05:00:00
BXP,2025-12-05 05:00:00,2,0.008277067,0.0420437043133846,2025-11-21 05:00:00
C,2025-12-05 05:00:00,2,0.007832996,-0.0059045730102662,2025-11-21 05:00:00
CAG,2025-12-05 05:00:00,2,0.007792442,-0.1827222818822839,2025-11-21 05:00:00
CAH,2025-12-05 05:00:00,2,0.00729095,0.6661629218824578,2025-11-21 05:00:00
CARR,2025-12-05 05:00:00,2,0.008533278,-0.6532928424270469,2025-11-21 05:00:00
CAT,2025-12-05 05:00:00,2,0.0121594155,0.4746649150617333,2025-11-21 05:00:00
CB,2025-12-05 05:00:00,2,0.0056534563,0.2847847761449124,2025-11-21 05:00:00
CBOE,2025-12-05 05:00:00,2,0.007793299,0.1946677267623663,2025-11-21 05:00:00
CBRE,2025-12-05 05:00:00,2,0.0083224485,-0.0069011981504283,2025-11-21 05:00:00
CCI,2025-12-05 05:00:00,2,0.0050160214,-0.0105723472333488,2025-11-21 05:00:00
CCL,2025-12-05 05:00:00,2,0.010349671,-0.453129568732775,2025-11-21 05:00:00
CDNS,2025-12-05 05:00:00,2,0.008779614,-0.3402283396408843,2025-11-21 05:00:00
CDW,2025-12-05 05:00:00,2,0.009014165,-0.3132290093815718,2025-11-21 05:00:00
CEG,2025-12-05 05:00:00,2,0.012521782,-0.0151926092869895,2025-11-21 05:00:00
CF,2025-12-05 05:00:00,2,0.00814141,-0.2256335313180711,2025-11-21 05:00:00
CFG,2025-12-05 05:00:00,2,0.005960446,-0.0290409425312646,2025-11-21 05:00:00
CHD,2025-12-05 05:00:00,2,0.007155008,-0.2219559224090727,2025-11-21 05:00:00
CHRW,2025-12-05 05:00:00,2,0.011137891,0.2249294003818941,2025-11-21 05:00:00
CHTR,2025-12-05 05:00:00,2,0.009831159,-0.4911764959262586,2025-11-21 05:00:00
CI,2025-12-05 05:00:00,2,0.008768302,-0.0192385757523889,2025-11-21 05:00:00
CINF,2025-12-05 05:00:00,2,0.007834475,0.2371614561942286,2025-11-21 05:00:00
CL,2025-12-05 05:00:00,2,0.0051349113,-0.0536713737779441,2025-11-21 05:00:00
CLX,2025-12-05 05:00:00,2,0.0073833345,-0.3079926784967033,2025-11-21 05:00:00
CMCSA,2025-12-05 05:00:00,2,0.007490996,-0.5007518026524934,2025-11-21 05:00:00
CME,2025-12-05 05:00:00,2,0.007096083,0.1703608198453991,2025-11-21 05:00:00
CMG,2025-12-05 05:00:00,2,0.007864618,-0.2989707984214705,2025-11-21 05:00:00
CMI,2025-12-05 05:00:00,2,0.008929393,0.3316301991399484,2025-11-21 05:00:00
CMS,2025-12-05 05:00:00,2,0.0056534563,0.4408405354609611,2025-11-21 05:00:00
CNC,2025-12-05 05:00:00,2,0.014539028,0.3721839220648193,2025-11-21 05:00:00
CNP,2025-12-05 05:00:00,2,0.004712997,0.262029633825638,2025-11-21 05:00:00
COF,2025-12-05 05:00:00,2,0.006411448,-0.262746081203414,2025-11-21 05:00:00
COIN,2025-12-05 05:00:00,2,0.033423003,-0.222675710353459,2025-11-21 05:00:00
COO,2025-12-05 05:00:00,2,0.0067647807,0.1365872872605383,2025-11-21 05:00:00
COP,2025-12-05 05:00:00,2,0.007595787,-0.2384267806586282,2025-11-21 05:00:00
COR,2025-12-05 05:00:00,2,0.0062867436,0.7295535476958431,2025-11-21 05:00:00
COST,2025-12-05 05:00:00,2,0.0056534563,-0.1370336953471539,2025-11-21 05:00:00
CPAY,2025-12-05 05:00:00,2,0.007839159,-0.2871571878135743,2025-11-21 05:00:00
CPB,2025-12-05 05:00:00,2,0.007792442,0.0716712569991291,2025-11-21 05:00:00
CPRT,2025-12-05 05:00:00,2,0.007473843,-0.6216587694729108,2025-11-21 05:00:00
CPT,2025-12-05 05:00:00,2,0.007155865,-0.0609582288378705,2025-11-21 05:00:00
CRL,2025-12-05 05:00:00,2,0.013893709,0.0712589236194652,2025-11-21 05:00:00
CRM,2025-12-05 05:00:00,2,0.0078054797,-0.2839888820487633,2025-11-21 05:00:00
CRWD,2025-12-05 05:00:00,2,0.009546016,0.1463339944821722,2025-11-21 05:00:00
CSCO,2025-12-05 05:00:00,2,0.008850664,0.1958034366396073,2025-11-21 05:00:00
CSGP,2025-12-05 05:00:00,2,0.007969951,-0.4599070508518709,2025-11-21 05:00:00
CSX,2025-12-05 05:00:00,2,0.0061044586,0.1304208244324298,2025-11-21 05:00:00
CTAS,2025-12-05 05:00:00,2,0.0072149727,-0.2893585206882226,2025-11-21 05:00:00
CTRA,2025-12-05 05:00:00,2,0.0057531786,0.1051949365511763,2025-11-21 05:00:00
CTSH,2025-12-05 05:00:00,2,0.008100287,0.1333175565085086,2025-11-21 05:00:00
CTVA,2025-12-05 05:00:00,2,0.0054830746,-0.2811015068407139,2025-11-21 05:00:00
CVS,2025-12-05 05:00:00,2,0.008009773,0.4110595880005337,2025-11-21 05:00:00
CVX,2025-12-05 05:00:00,2,0.007547085,-0.1896358641782303,2025-11-21 05:00:00
CZR,2025-12-05 05:00:00,2,0.0096289525,-0.2462920052143559,2025-11-21 05:00:00
D,2025-12-05 05:00:00,2,0.0056534563,0.1896235540631528,2025-11-21 05:00:00
DAL,2025-12-05 05:00:00,2,0.008436274,-0.2368963247544986,2025-11-21 05:00:00
DASH,2025-12-05 05:00:00,2,0.015003752,-0.400779120593589,2025-11-21 05:00:00
DAY,2025-12-05 05:00:00,2,0.005105815,-0.2569512322873024,2025-11-21 05:00:00
DD,2025-12-05 05:00:00,2,0.007740123,0.24859144745627,2025-11-21 05:00:00
DDOG,2025-12-05 05:00:00,2,0.02834855,0.1328979341635634,2025-11-21 05:00:00
DE,2025-12-05 05:00:00,2,0.006754625,0.0339331995718793,2025-11-21 05:00:00
DECK,2025-12-05 05:00:00,2,0.007129016,-0.5686465979618324,2025-11-21 05:00:00
DELL,2025-12-05 05:00:00,2,0.012693236,-0.0465112603993185,2025-11-21 05:00:00
DG,2025-12-05 05:00:00,2,0.005250457,-0.1451182506849617,2025-11-21 05:00:00
DGX,2025-12-05 05:00:00,2,0.0056534563,0.2358979710930695,2025-11-21 05:00:00
DHI,2025-12-05 05:00:00,2,0.00897357,-0.1465992284577209,2025-11-21 05:00:00
DHR,2025-12-05 05:00:00,2,0.006605406,0.2223356307718158,2025-11-21 05:00:00
DIS,2025-12-05 05:00:00,2,0.0061044586,-0.53378362422419,2025-11-21 05:00:00
DLR,2025-12-05 05:00:00,2,0.009733167,-0.1112982492394977,2025-11-21 05:00:00
DLTR,2025-12-05 05:00:00,2,0.007712681,-0.1483984398925143,2025-11-21 05:00:00
DOC,2025-12-05 05:00:00,2,0.007155865,0.0621808823591902,2025-11-21 05:00:00
DOV,2025-12-05 05:00:00,2,0.0056534563,0.007296517377248,2025-11-21 05:00:00
DOW,2025-12-05 05:00:00,2,0.0102009885,-0.1280668729844561,2025-11-21 05:00:00
DPZ,2025-12-05 05:00:00,2,0.0051349113,-0.3361811409670334,2025-11-21 05:00:00
DRI,2025-12-05 05:00:00,2,0.0072149727,-0.3364536609218351,2025-11-21 05:00:00
DTE,2025-12-05 05:00:00,2,0.0056534563,-0.0133404596152021,2025-11-21 05:00:00
DUK,2025-12-05 05:00:00,2,0.0056534563,0.1422088698059245,2025-11-21 05:00:00
DVA,2025-12-05 05:00:00,2,0.00809943,-0.2108784219859986,2025-11-21 05:00:00
DVN,2025-12-05 05:00:00,2,0.0076990495,-0.0403927385894052,2025-11-21 05:00:00
DXCM,2025-12-05 05:00:00,2,0.011058401,-0.2401380559749133,2025-11-21 05:00:00
EA,2025-12-05 05:00:00,2,0.006632232,0.2876080258875492,2025-11-21 05:00:00
EBAY,2025-12-05 05:00:00,2,0.008591773,-0.1290488246764246,2025-11-21 05:00:00
ECL,2025-12-05 05:00:00,2,0.007793299,-0.101352454759311,2025-11-21 05:00:00
ED,2025-12-05 05:00:00,2,0.0056534563,0.1632400185833874,2025-11-21 05:00:00
EFX,2025-12-05 05:00:00,2,0.0068845274,-0.2751102899253833,2025-11-21 05:00:00
EG,2025-12-05 05:00:00,2,0.007913,-0.1244639475431897,2025-11-21 05:00:00
EIX,2025-12-05 05:00:00,2,0.005322154,0.1987686688751803,2025-11-21 05:00:00
EL,2025-12-05 05:00:00,2,0.007422843,-0.2096761896623995,2025-11-21 05:00:00
ELV,2025-12-05 05:00:00,2,0.00809943,0.0941552817484814,2025-11-21 05:00:00
EMN,2025-12-05 05:00:00,2,0.0077979844,-0.4043523123380652,2025-11-21 05:00:00
EMR,2025-12-05 05:00:00,2,0.006777884,-0.1126114364454156,2025-11-21 05:00:00
ENPH,2025-12-05 05:00:00,2,0.026970899,-0.454448181309129,2025-11-21 05:00:00
EOG,2025-12-05 05:00:00,2,0.0056525995,-0.4825097711721605,2025-11-21 05:00:00
EPAM,2025-12-05 05:00:00,2,0.008571874,0.0455212083862032,2025-11-21 05:00:00
EQIX,2025-12-05 05:00:00,2,0.008437872,-0.0571290488310276,2025-11-21 05:00:00
EQR,2025-12-05 05:00:00,2,0.007274755,-0.1790789073518062,2025-11-21 05:00:00
EQT,2025-12-05 05:00:00,2,0.009709708,0.1211105416280346,2025-11-21 05:00:00
ERIE,2025-12-05 05:00:00,2,0.007690324,-0.3646940379138899,2025-11-21 05:00:00
ES,2025-12-05 05:00:00,2,0.008276737,0.0892876841312487,2025-11-21 05:00:00
ESS,2025-12-05 05:00:00,2,0.007793299,0.073531645217459,2025-11-21 05:00:00
ETN,2025-12-05 05:00:00,2,0.011300474,-0.3231016213692274,2025-11-21 05:00:00
ETR,2025-12-05 05:00:00,2,0.007834537,0.2334805988772973,2025-11-21 05:00:00
EVRG,2025-12-05 05:00:00,2,0.00657675,0.3210768126164851,2025-11-21 05:00:00
EW,2025-12-05 05:00:00,2,0.007212836,0.1770532616964266,2025-11-21 05:00:00
EXC,2025-12-05 05:00:00,2,0.0056534563,0.2622393386826677,2025-11-21 05:00:00
EXE,2025-12-05 05:00:00,2,0.008016794,0.2538516155060039,2025-11-21 05:00:00
EXPD,2025-12-05 05:00:00,2,0.008305995,0.2769847378758964,2025-11-21 05:00:00
EXPE,2025-12-05 05:00:00,2,0.011042766,0.2095549589744737,2025-11-21 05:00:00
EXR,2025-12-05 05:00:00,2,0.008100287,-0.0826052522065808,2025-11-21 05:00:00
F,2025-12-05 05:00:00,2,0.010571484,0.1440518678787945,2025-11-21 05:00:00
FANG,2025-12-05 05:00:00,2,0.007095513,-0.0562515665164423,2025-11-21 05:00:00
FAST,2025-12-05 05:00:00,2,0.005945888,-0.7288710484937455,2025-11-21 05:00:00
FCX,2025-12-05 05:00:00,2,0.008702138,-0.2148642725601783,2025-11-21 05:00:00
FDS,2025-12-05 05:00:00,2,0.0069918027,-0.390284073364855,2025-11-21 05:00:00
FDX,2025-12-05 05:00:00,2,0.0061902315,0.4041490497915472,2025-11-21 05:00:00
FE,2025-12-05 05:00:00,2,0.0056534563,0.4928460322203685,2025-11-21 05:00:00
FFIV,2025-12-05 05:00:00,2,0.009161123,-0.4088757925559496,2025-11-21 05:00:00
FI,2025-12-05 05:00:00,2,0.017832385,-0.4130249665305079,2025-11-21 05:00:00
FICO,2025-12-05 05:00:00,2,0.0110132275,0.1911402293916541,2025-11-21 05:00:00
FIS,2025-12-05 05:00:00,2,0.0075031715,-0.2214568748518565,2025-11-21 05:00:00
FITB,2025-12-05 05:00:00,2,0.0057441066,-0.2067323221189411,2025-11-21 05:00:00
FOX,2025-12-05 05:00:00,2,0.008258811,0.1334104447310795,2025-11-21 05:00:00
FOXA,2025-12-05 05:00:00,2,0.007212836,0.1255166878428912,2025-11-21 05:00:00
FRT,2025-12-05 05:00:00,2,0.007828056,0.0623011884048292,2025-11-21 05:00:00
FSLR,2025-12-05 05:00:00,2,0.013889855,0.3984846778817765,2025-11-21 05:00:00
FTNT,2025-12-05 05:00:00,2,0.009823602,0.0522625129907644,2025-11-21 05:00:00
FTV,2025-12-05 05:00:00,2,0.0074628545,0.3803633330978478,2025-11-21 05:00:00
GD,2025-12-05 05:00:00,2,0.0061044586,0.0974028683544925,2025-11-21 05:00:00
GDDY,2025-12-05 05:00:00,2,0.0079408595,-0.7423450746150964,2025-11-21 05:00:00
GE,2025-12-05 05:00:00,2,0.0075260056,-0.0080020837301706,2025-11-21 05:00:00
GEHC,2025-12-05 05:00:00,2,0.008293003,0.0483684118231867,2025-11-21 05:00:00
GEN,2025-12-05 05:00:00,2,0.008140516,-0.3930178808999799,2025-11-21 05:00:00
GEV,2025-12-05 05:00:00,2,0.012201326,-0.5940558457389805,2025-11-21 05:00:00
GILD,2025-12-05 05:00:00,2,0.0067015234,0.3746244938427475,2025-11-21 05:00:00
GIS,2025-12-05 05:00:00,2,0.007792442,0.0165519093292812,2025-11-21 05:00:00
GL,2025-12-05 05:00:00,2,0.0056534563,-0.1417490627403266,2025-11-21 05:00:00
GLW,2025-12-05 05:00:00,2,0.009755969,0.1631102694935374,2025-11-21 05:00:00
GM,2025-12-05 05:00:00,2,0.009000897,0.2734480060441401,2025-11-21 05:00:00
GNRC,2025-12-05 05:00:00,2,0.0122145265,-0.361796553304597,2025-11-21 05:00:00
GOOG,2025-12-05 05:00:00,2,0.008635392,0.4640533251372247,2025-11-21 05:00:00
GOOGL,2025-12-05 05:00:00,2,0.008635392,0.4540677559510772,2025-11-21 05:00:00
GPC,2025-12-05 05:00:00,2,0.0056534563,-0.2471268814224213,2025-11-21 05:00:00
GPN,2025-12-05 05:00:00,2,0.008355648,-0.4148864560306249,2025-11-21 05:00:00
GRMN,2025-12-05 05:00:00,2,0.008306625,-0.3550162701996192,2025-11-21 05:00:00
GS,2025-12-05 05:00:00,2,0.0075555257,-0.008777051747497,2025-11-21 05:00:00
GWW,2025-12-05 05:00:00,2,0.007095226,-0.1403384439340264,2025-11-21 05:00:00
HAL,2025-12-05 05:00:00,2,0.0112908855,0.1538483614201601,2025-11-21 05:00:00
HAS,2025-12-05 05:00:00,2,0.005960446,-0.1043849073197868,2025-11-21 05:00:00
HBAN,2025-12-05 05:00:00,2,0.007793299,-0.2549335353063563,2025-11-21 05:00:00
HCA,2025-12-05 05:00:00,2,0.0072497763,0.765890830787099,2025-11-21 05:00:00
HD,2025-12-05 05:00:00,2,0.00634592,-0.4059719843297821,2025-11-21 05:00:00
HIG,2025-12-05 05:00:00,2,0.0056534563,0.1544623096180879,2025-11-21 05:00:00
HII,2025-12-05 05:00:00,2,0.009055872,0.2677489484543764,2025-11-21 05:00:00
HLT,2025-12-05 05:00:00,2,0.0060016196,0.0113909881520026,2025-11-21 05:00:00
HOLX,2025-12-05 05:00:00,2,0.0047362545,0.2784746703045929,2025-11-21 05:00:00
HON,2025-12-05 05:00:00,2,0.005659738,-0.2973298205934019,2025-11-21 05:00:00
HPE,2025-12-05 05:00:00,2,0.008033748,-0.2273128607282066,2025-11-21 05:00:00
HPQ,2025-12-05 05:00:00,2,0.007519352,-0.3201731507019459,2025-11-21 05:00:00
HRL,2025-12-05 05:00:00,2,0.00809943,-0.220740575112167,2025-11-21 05:00:00
HSIC,2025-12-05 05:00:00,2,0.0063906135,0.0773025242867265,2025-11-21 05:00:00
HST,2025-12-05 05:00:00,2,0.0059299585,0.0078013145397635,2025-11-21 05:00:00
HSY,2025-12-05 05:00:00,2,0.008035035,0.097652568579411,2025-11-21 05:00:00
HUBB,2025-12-05 05:00:00,2,0.009961494,-0.1638396086268056,2025-11-21 05:00:00
HUM,2025-12-05 05:00:00,2,0.010348815,-0.3262002482619178,2025-11-21 05:00:00
HWM,2025-12-05 05:00:00,2,0.0061755423,0.1930835639135685,2025-11-21 05:00:00
IBM,2025-12-05 05:00:00,2,0.0061755423,0.4367740092483166,2025-11-21 05:00:00
ICE,2025-12-05 05:00:00,2,0.007912191,-0.3086144077554893,2025-11-21 05:00:00
IDXX,2025-12-05 05:00:00,2,0.006030618,0.0301601807590155,2025-11-21 05:00:00
IEX,2025-12-05 05:00:00,2,0.007155008,0.068583146714638,2025-11-21 05:00:00
IFF,2025-12-05 05:00:00,2,0.0056581423,0.0113689527963757,2025-11-21 05:00:00
INCY,2025-12-05 05:00:00,2,0.008633896,0.2610633882344532,2025-11-21 05:00:00
INTC,2025-12-05 05:00:00,2,0.031608455,0.3406721845105928,2025-11-21 05:00:00
INTU,2025-12-05 05:00:00,2,0.008328615,0.0407463140840076,2025-11-21 05:00:00
INVH,2025-12-05 05:00:00,2,0.007274755,-0.3084733666028711,2025-11-21 05:00:00
IP,2025-12-05 05:00:00,2,0.009115126,-0.214392111113391,2025-11-21 05:00:00
IPG,2025-12-05 05:00:00,2,0.0067647807,-0.0964856609236367,2025-11-21 05:00:00
IQV,2025-12-05 05:00:00,2,0.007133179,0.3084498224443899,2025-11-21 05:00:00
IR,2025-12-05 05:00:00,2,0.0074619977,-0.0446156415603549,2025-11-21 05:00:00
IRM,2025-12-05 05:00:00,2,0.013999434,-0.1271339981442058,2025-11-21 05:00:00
ISRG,2025-12-05 05:00:00,2,0.0068351915,0.2148653221891697,2025-11-21 05:00:00
IT,2025-12-05 05:00:00,2,0.0077222264,-0.2027559061872379,2025-11-21 05:00:00
ITW,2025-12-05 05:00:00,2,0.0056534563,-0.2938502321461385,2025-11-21 05:00:00
IVZ,2025-12-05 05:00:00,2,0.008808205,0.1214272837757231,2025-11-21 05:00:00
J,2025-12-05 05:00:00,2,0.007928046,-0.2329747157379315,2025-11-21 05:00:00
JBHT,2025-12-05 05:00:00,2,0.0076403827,0.179670960020958,2025-11-21 05:00:00
JBL,2025-12-05 05:00:00,2,0.010001982,-0.1947129392641864,2025-11-21 05:00:00
JCI,2025-12-05 05:00:00,2,0.0066057094,0.0801010655031348,2025-11-21 05:00:00
JKHY,2025-12-05 05:00:00,2,0.005700173,0.1140327133148113,2025-11-21 05:00:00
JNJ,2025-12-05 05:00:00,2,0.005135253,0.5580816396907551,2025-11-21 05:00:00
JPM,2025-12-05 05:00:00,2,0.007027752,-0.0675503451747776,2025-11-21 05:00:00
K,2025-12-05 05:00:00,2,0.0056534563,0.1663708220446729,2025-11-21 05:00:00
KDP,2025-12-05 05:00:00,2,0.008538156,-0.1934257969983942,2025-11-21 05:00:00
KEY,2025-12-05 05:00:00,2,0.005960446,-0.2143151440394899,2025-11-21 05:00:00
KEYS,2025-12-05 05:00:00,2,0.0089402795,0.0781488235203147,2025-11-21 05:00:00
KHC,2025-12-05 05:00:00,2,0.007793299,-0.3638738576328852,2025-11-21 05:00:00
KIM,2025-12-05 05:00:00,2,0.0056534563,-0.1795606625707913,2025-11-21 05:00:00
KKR,2025-12-05 05:00:00,2,0.005994344,-0.3664563219523096,2025-11-21 05:00:00
KLAC,2025-12-05 05:00:00,2,0.010453931,0.1908680397388511,2025-11-21 05:00:00
KMB,2025-12-05 05:00:00,2,0.0077361474,-0.2700543016246503,2025-11-21 05:00:00
KMI,2025-12-05 05:00:00,2,0.0056534563,-0.0073295870486293,2025-11-21 05:00:00
KMX,2025-12-05 05:00:00,2,0.023090659,-0.4229119887283771,2025-11-21 05:00:00
KO,2025-12-05 05:00:00,2,0.007096083,0.4454788254055976,2025-11-21 05:00:00
KR,2025-12-05 05:00:00,2,0.007793299,0.0308751449881306,2025-11-21 05:00:00
KVUE,2025-12-05 05:00:00,2,0.008409775,-0.6275351722014932,2025-11-21 05:00:00
L,2025-12-05 05:00:00,2,0.0071045235,0.4336517153544746,2025-11-21 05:00:00
LDOS,2025-12-05 05:00:00,2,0.0070093935,0.1045909603904601,2025-11-21 05:00:00
LEN,2025-12-05 05:00:00,2,0.0070991404,-0.0284003155198602,2025-11-21 05:00:00
LH,2025-12-05 05:00:00,2,0.008100287,-0.0339869423783985,2025-11-21 05:00:00
LHX,2025-12-05 05:00:00,2,0.008244299,-0.0405962365365623,2025-11-21 05:00:00
LII,2025-12-05 05:00:00,2,0.008744002,-0.3962014646849676,2025-11-21 05:00:00
LIN,2025-12-05 05:00:00,2,0.005772346,-0.5815469341616335,2025-11-21 05:00:00
LKQ,2025-12-05 05:00:00,2,0.008754396,-0.1624176314242712,2025-11-21 05:00:00
LLY,2025-12-05 05:00:00,2,0.009170238,0.6004834766707462,2025-11-21 05:00:00
LMT,2025-12-05 05:00:00,2,0.00569535,0.016118996971714,2025-11-21 05:00:00
LNT,2025-12-05 05:00:00,2,0.0056534563,0.399365980040455,2025-11-21 05:00:00
LOW,2025-12-05 05:00:00,2,0.0056534563,-0.1616677005207936,2025-11-21 05:00:00
LRCX,2025-12-05 05:00:00,2,0.013371339,0.2063987281383908,2025-11-21 05:00:00
LULU,2025-12-05 05:00:00,2,0.008671267,-0.314403067557389,2025-11-21 05:00:00
LUV,2025-12-05 05:00:00,2,0.008484971,-0.005733728940238,2025-11-21 05:00:00
LVS,2025-12-05 05:00:00,2,0.009238363,0.0766871884884632,2025-11-21 05:00:00
LW,2025-12-05 05:00:00,2,0.009515378,0.0115620115723123,2025-11-21 05:00:00
LYB,2025-12-05 05:00:00,2,0.008671267,-0.4478095442632434,2025-11-21 05:00:00
LYV,2025-12-05 05:00:00,2,0.0075648744,-0.5692334091838126,2025-11-21 05:00:00
MA,2025-12-05 05:00:00,2,0.0056534563,-0.3640039663900351,2025-11-21 05:00:00
MAA,2025-12-05 05:00:00,2,0.007274755,-0.1726134822242495,2025-11-21 05:00:00
MAR,2025-12-05 05:00:00,2,0.0060016196,0.1736057477035094,2025-11-21 05:00:00
MAS,2025-12-05 05:00:00,2,0.008327758,-0.3646779221108848,2025-11-21 05:00:00
MCD,2025-12-05 05:00:00,2,0.0056534563,0.0543073294070292,2025-11-21 05:00:00
MCHP,2025-12-05 05:00:00,2,0.01006001,-0.5080524172841833,2025-11-21 05:00:00
MCK,2025-12-05 05:00:00,2,0.0065827207,0.6668757002952916,2025-11-21 05:00:00
MCO,2025-12-05 05:00:00,2,0.007793299,-0.2005671009725595,2025-11-21 05:00:00
MDLZ,2025-12-05 05:00:00,2,0.007274755,-0.1673536615127215,2025-11-21 05:00:00
MDT,2025-12-05 05:00:00,2,0.0056534563,0.2944425288134457,2025-11-21 05:00:00
MET,2025-12-05 05:00:00,2,0.0066397744,-0.228445610804878,2025-11-21 05:00:00
META,2025-12-05 05:00:00,2,0.009578265,-0.4410555578045035,2025-11-21 05:00:00
MGM,2025-12-05 05:00:00,2,0.0074619977,-0.4252579158570131,2025-11-21 05:00:00
MHK,2025-12-05 05:00:00,2,0.0061879153,-0.2843630351557246,2025-11-21 05:00:00
MKC,2025-12-05 05:00:00,2,0.007155865,-0.0213615469044914,2025-11-21 05:00:00
MKTX,2025-12-05 05:00:00,2,0.0071019316,-0.2502688199776229,2025-11-21 05:00:00
MLM,2025-12-05 05:00:00,2,0.0056534563,-0.155656786341654,2025-11-21 05:00:00
MMC,2025-12-05 05:00:00,2,0.0051349113,-0.2404724459276492,2025-11-21 05:00:00
MMM,2025-12-05 05:00:00,2,0.0058377623,0.1876688601218406,2025-11-21 05:00:00
MNST,2025-12-05 05:00:00,2,0.008392621,0.4347838176058672,2025-11-21 05:00:00
MO,2025-12-05 05:00:00,2,0.007793299,-0.1864669450262827,2025-11-21 05:00:00
MOH,2025-12-05 05:00:00,2,0.008511984,-0.2290471962618011,2025-11-21 05:00:00
MOS,2025-12-05 05:00:00,2,0.008097191,-0.5023470666768672,2025-11-21 05:00:00
MPC,2025-12-05 05:00:00,2,0.009212865,0.1414229793306352,2025-11-21 05:00:00
MPWR,2025-12-05 05:00:00,2,0.015260574,-0.1468956337797131,2025-11-21 05:00:00
MRK,2025-12-05 05:00:00,2,0.005693754,0.2804888217202571,2025-11-21 05:00:00
MRNA,2025-12-05 05:00:00,2,0.02700352,-0.016224323561506,2025-11-21 05:00:00
MS,2025-12-05 05:00:00,2,0.0075555257,0.0737732337842421,2025-11-21 05:00:00
MSCI,2025-12-05 05:00:00,2,0.008100287,0.0250958334565653,2025-11-21 05:00:00
MSFT,2025-12-05 05:00:00,2,0.009637379,-0.2577496155353471,2025-11-21 05:00:00
MSI,2025-12-05 05:00:00,2,0.008191535,-0.7815164890549879,2025-11-21 05:00:00
MTB,2025-12-05 05:00:00,2,0.0056534563,-0.1660082125561992,2025-11-21 05:00:00
MTCH,2025-12-05 05:00:00,2,0.005693754,-0.3316913868512974,2025-11-21 05:00:00
MTD,2025-12-05 05:00:00,2,0.008153293,0.2716128062340466,2025-11-21 05:00:00
MU,2025-12-05 05:00:00,2,0.03884304,0.3157801778632243,2025-11-21 05:00:00
NCLH,2025-12-05 05:00:00,2,0.010856096,-0.4754883908627241,2025-11-21 05:00:00
NDAQ,2025-12-05 05:00:00,2,0.007096083,-0.3467302983230246,2025-11-21 05:00:00
NDSN,2025-12-05 05:00:00,2,0.0050160214,0.1410440500580949,2025-11-21 05:00:00
NEE,2025-12-05 05:00:00,2,0.00801546,0.4353056067246876,2025-11-21 05:00:00
NEM,2025-12-05 05:00:00,2,0.008813936,0.0402976787530805,2025-11-21 05:00:00
NFLX,2025-12-05 05:00:00,2,0.008832874,-0.28929001134117,2025-11-21 05:00:00
NI,2025-12-05 05:00:00,2,0.0056534563,-0.0057961469402645,2025-11-21 05:00:00
NKE,2025-12-05 05:00:00,2,0.0068328753,-0.3980250013974544,2025-11-21 05:00:00
NOC,2025-12-05 05:00:00,2,0.0052095926,-0.0946096168203537,2025-11-21 05:00:00
NOW,2025-12-05 05:00:00,2,0.009367867,-0.339209060302987,2025-11-21 05:00:00
NRG,2025-12-05 05:00:00,2,0.009808409,0.0184595595806157,2025-11-21 05:00:00
NSC,2025-12-05 05:00:00,2,0.0056534563,0.0826712315533937,2025-11-21 05:00:00
NTAP,2025-12-05 05:00:00,2,0.008082401,-0.1288097624082682,2025-11-21 05:00:00
NTRS,2025-12-05 05:00:00,2,0.0056534563,-0.128751716777879,2025-11-21 05:00:00
NUE,2025-12-05 05:00:00,2,0.007690324,0.0142083434994662,2025-11-21 05:00:00
NVDA,2025-12-05 05:00:00,2,0.009631374,-0.0153738310248586,2025-11-21 05:00:00
NVR,2025-12-05 05:00:00,2,0.0056525995,-0.1671979946085448,2025-11-21 05:00:00
NWS,2025-12-05 05:00:00,2,0.008373582,-0.4560426078119635,2025-11-21 05:00:00
NWSA,2025-12-05 05:00:00,2,0.008589919,-0.3262955707903638,2025-11-21 05:00:00
NXPI,2025-12-05 05:00:00,2,0.009114744,-0.4743707504641111,2025-11-21 05:00:00
O,2025-12-05 05:00:00,2,0.0056534563,-0.0180697616542347,2025-11-21 05:00:00
ODFL,2025-12-05 05:00:00,2,0.0056581423,-0.3397978763313265,2025-11-21 05:00:00
OKE,2025-12-05 05:00:00,2,0.006457791,-0.2290676918200178,2025-11-21 05:00:00
OMC,2025-12-05 05:00:00,2,0.0067647807,-0.1025068062571768,2025-11-21 05:00:00
ON,2025-12-05 05:00:00,2,0.009122267,-0.2459847580619556,2025-11-21 05:00:00
ORCL,2025-12-05 05:00:00,2,0.030255761,-0.1962422427318755,2025-11-21 05:00:00
ORLY,2025-12-05 05:00:00,2,0.0059894444,-0.0362945021740849,2025-11-21 05:00:00
OTIS,2025-12-05 05:00:00,2,0.0056534563,0.1820092285508259,2025-11-21 05:00:00
OXY,2025-12-05 05:00:00,2,0.00809943,-0.3645686853316666,2025-11-21 05:00:00
PANW,2025-12-05 05:00:00,2,0.008352281,-0.1567020081694193,2025-11-21 05:00:00
PAYC,2025-12-05 05:00:00,2,0.009711379,-0.5654421799168263,2025-11-21 05:00:00
PAYX,2025-12-05 05:00:00,2,0.0071031004,-0.8058147198565023,2025-11-21 05:00:00
PCAR,2025-12-05 05:00:00,2,0.006296434,0.0452652223970138,2025-11-21 05:00:00
PCG,2025-12-05 05:00:00,2,0.007215783,0.096462363929047,2025-11-21 05:00:00
PEG,2025-12-05 05:00:00,2,0.0056534563,-0.0389938258737677,2025-11-21 05:00:00
PEP,2025-12-05 05:00:00,2,0.007585631,-0.0907382122051223,2025-11-21 05:00:00
PFE,2025-12-05 05:00:00,2,0.005960446,0.029096517067115,2025-11-21 05:00:00
PFG,2025-12-05 05:00:00,2,0.007096083,0.2151275765885905,2025-11-21 05:00:00
PG,2025-12-05 05:00:00,2,0.0058470275,-0.0586762445612503,2025-11-21 05:00:00
PGR,2025-12-05 05:00:00,2,0.0064564976,-0.1294541042073595,2025-11-21 05:00:00
PH,2025-12-05 05:00:00,2,0.0070951665,0.1904892800310992,2025-11-21 05:00:00
PHM,2025-12-05 05:00:00,2,0.005960446,-0.1047134778970647,2025-11-21 05:00:00
PKG,2025-12-05 05:00:00,2,0.007792442,-0.307662078264477,2025-11-21 05:00:00
PLD,2025-12-05 05:00:00,2,0.0064110155,0.2827059111707847,2025-11-21 05:00:00
PLTR,2025-12-05 05:00:00,2,0.04199773,-0.0900232892688734,2025-11-21 05:00:00
PM,2025-12-05 05:00:00,2,0.004955643,0.0012127825135582,2025-11-21 05:00:00
PNC,2025-12-05 05:00:00,2,0.0056534563,-0.2730311902010731,2025-11-21 05:00:00
PNR,2025-12-05 05:00:00,2,0.0056534563,-0.1474305993787437,2025-11-21 05:00:00
PNW,2025-12-05 05:00:00,2,0.0056534563,-0.0309809642317594,2025-11-21 05:00:00
PODD,2025-12-05 05:00:00,2,0.0071375435,-0.0950485911293114,2025-11-21 05:00:00
POOL,2025-12-05 05:00:00,2,0.0077481717,-0.4388147851677778,2025-11-21 05:00:00
PPG,2025-12-05 05:00:00,2,0.00809943,-0.273404032503515,2025-11-21 05:00:00
PPL,2025-12-05 05:00:00,2,0.006195109,0.0303848893925887,2025-11-21 05:00:00
PRU,2025-12-05 05:00:00,2,0.0056534563,-0.0354144158135938,2025-11-21 05:00:00
PSA,2025-12-05 05:00:00,2,0.0054670237,-0.1737690227839575,2025-11-21 05:00:00
PSKY,2025-12-05 05:00:00,2,0.022841603,0.077743215451298,2025-11-21 05:00:00
PSX,2025-12-05 05:00:00,2,0.008728066,0.0217423762202605,2025-11-21 05:00:00
PTC,2025-12-05 05:00:00,2,0.0076555246,-0.5301469010228177,2025-11-21 05:00:00
PWR,2025-12-05 05:00:00,2,0.007728166,0.2364032943167704,2025-11-21 05:00:00
PYPL,2025-12-05 05:00:00,2,0.008567963,-0.5630389804113037,2025-11-21 05:00:00
QCOM,2025-12-05 05:00:00,2,0.0105911335,0.0166500303170294,2025-11-21 05:00:00
RCL,2025-12-05 05:00:00,2,0.011329243,-0.5821295540309069,2025-11-21 05:00:00
REG,2025-12-05 05:00:00,2,0.00739206,-0.0619014761589191,2025-11-21 05:00:00
REGN,2025-12-05 05:00:00,2,0.008517627,0.4334158097773322,2025-11-21 05:00:00
RF,2025-12-05 05:00:00,2,0.0056534563,-0.2573639860762688,2025-11-21 05:00:00
RJF,2025-12-05 05:00:00,2,0.0061044586,-0.3335943606497224,2025-11-21 05:00:00
RL,2025-12-05 05:00:00,2,0.0067362785,0.2017359116418373,2025-11-21 05:00:00
RMD,2025-12-05 05:00:00,2,0.0056534563,-0.2572189239897736,2025-11-21 05:00:00
ROK,2025-12-05 05:00:00,2,0.0060016196,0.2370643585756351,2025-11-21 05:00:00
ROL,2025-12-05 05:00:00,2,0.007793299,0.3189767776831091,2025-11-21 05:00:00
ROP,2025-12-05 05:00:00,2,0.006457791,-0.5464420364981223,2025-11-21 05:00:00
ROST,2025-12-05 05:00:00,2,0.007096083,0.3475055572183272,2025-11-21 05:00:00
RSG,2025-12-05 05:00:00,2,0.0056534563,-0.0735827463012066,2025-11-21 05:00:00
RTX,2025-12-05 05:00:00,2,0.0075555257,0.0757373789766177,2025-11-21 05:00:00
RVTY,2025-12-05 05:00:00,2,0.008336139,0.2715859989775824,2025-11-21 05:00:00
SBAC,2025-12-05 05:00:00,2,0.0050160214,0.0839093463656119,2025-11-21 05:00:00
SBUX,2025-12-05 05:00:00,2,0.007438776,-0.0521361643358421,2025-11-21 05:00:00
SCHW,2025-12-05 05:00:00,2,0.0061044586,-0.2563671946217457,2025-11-21 05:00:00
SHW,2025-12-05 05:00:00,2,0.007793299,-0.17468264039805,2025-11-21 05:00:00
SJM,2025-12-05 05:00:00,2,0.007793299,-0.0921324585811533,2025-11-21 05:00:00
SLB,2025-12-05 05:00:00,2,0.008152436,-0.041767809366754,2025-11-21 05:00:00
SMCI,2025-12-05 05:00:00,2,0.03545607,-0.2859796865063262,2025-11-21 05:00:00
SNA,2025-12-05 05:00:00,2,0.0056534563,0.0556934385645463,2025-11-21 05:00:00
SNPS,2025-12-05 05:00:00,2,0.009305416,-0.3256409789053697,2025-11-21 05:00:00
SO,2025-12-05 05:00:00,2,0.00629803,-0.0445397204338926,2025-11-21 05:00:00
SOLV,2025-12-05 05:00:00,2,0.005658999,0.3030291170552452,2025-11-21 05:00:00
SPG,2025-12-05 05:00:00,2,0.0071372567,0.1476268468619778,2025-11-21 05:00:00
SPGI,2025-12-05 05:00:00,2,0.007912191,-0.3288788999965607,2025-11-21 05:00:00
SRE,2025-12-05 05:00:00,2,0.0063580098,0.3495651216741859,2025-11-21 05:00:00
STE,2025-12-05 05:00:00,2,0.0063906135,0.2167890371598615,2025-11-21 05:00:00
STLD,2025-12-05 05:00:00,2,0.00847064,0.3700796654708499,2025-11-21 05:00:00
STT,2025-12-05 05:00:00,2,0.0066890824,-0.0325790297194604,2025-11-21 05:00:00
STX,2025-12-05 05:00:00,2,0.040014043,0.1433506320086987,2025-11-21 05:00:00
STZ,2025-12-05 05:00:00,2,0.007986016,-0.2292449696496486,2025-11-21 05:00:00
SW,2025-12-05 05:00:00,2,0.008540802,-0.6165937896944654,2025-11-21 05:00:00
SWK,2025-12-05 05:00:00,2,0.008484114,-0.152127471764702,2025-11-21 05:00:00
SWKS,2025-12-05 05:00:00,2,0.010460122,-0.2522093474567727,2025-11-21 05:00:00
SYF,2025-12-05 05:00:00,2,0.005960446,-0.1011447127588422,2025-11-21 05:00:00
SYK,2025-12-05 05:00:00,2,0.00739206,-0.1348698336839497,2025-11-21 05:00:00
SYY,2025-12-05 05:00:00,2,0.006754625,-0.0641621416845959,2025-11-21 05:00:00
T,2025-12-05 05:00:00,2,0.0076706163,-0.0915636843332284,2025-11-21 05:00:00
TAP,2025-12-05 05:00:00,2,0.007958907,-0.0723567046488196,2025-11-21 05:00:00
TDG,2025-12-05 05:00:00,2,0.006188772,0.1233304479300402,2025-11-21 05:00:00
TDY,2025-12-05 05:00:00,2,0.007547085,-0.2696984986573734,2025-11-21 05:00:00
TECH,2025-12-05 05:00:00,2,0.013107577,0.1608680539312916,2025-11-21 05:00:00
TEL,2025-12-05 05:00:00,2,0.0071537374,0.0251808270453527,2025-11-21 05:00:00
TER,2025-12-05 05:00:00,2,0.03376248,0.1380139761398416,2025-11-21 05:00:00
TFC,2025-12-05 05:00:00,2,0.0056534563,-0.1143402209511218,2025-11-21 05:00:00
TGT,2025-12-05 05:00:00,2,0.007525751,-0.3306316147748014,2025-11-21 05:00:00
TJX,2025-12-05 05:00:00,2,0.0056534563,0.4656457552670335,2025-11-21 05:00:00
TKO,2025-12-05 05:00:00,2,0.005699315,-0.270800172238305,2025-11-21 05:00:00
TMO,2025-12-05 05:00:00,2,0.0078020142,0.3597660633662015,2025-11-21 05:00:00
TMUS,2025-12-05 05:00:00,2,0.0074668257,-0.3515378300187176,2025-11-21 05:00:00
TPL,2025-12-05 05:00:00,2,0.0092041455,-0.0765491626081227,2025-11-21 05:00:00
TPR,2025-12-05 05:00:00,2,0.007797149,-0.0439886999238223,2025-11-21 05:00:00
TRGP,2025-12-05 05:00:00,2,0.006336751,0.0108121709670686,2025-11-21 05:00:00
TRMB,2025-12-05 05:00:00,2,0.005995201,-0.2224102085381964,2025-11-21 05:00:00
TROW,2025-12-05 05:00:00,2,0.0054670237,-0.5689786171751579,2025-11-21 05:00:00
TRV,2025-12-05 05:00:00,2,0.0056534563,0.262607136931209,2025-11-21 05:00:00
TSCO,2025-12-05 05:00:00,2,0.006475202,-0.5138383262100307,2025-11-21 05:00:00
TSLA,2025-12-05 05:00:00,2,0.013712146,0.0200130483638488,2025-11-21 05:00:00
TSN,2025-12-05 05:00:00,2,0.007793299,-0.3089754269274691,2025-11-21 05:00:00
TT,2025-12-05 05:00:00,2,0.008472626,-0.1156633234812196,2025-11-21 05:00:00
TTD,2025-12-05 05:00:00,2,0.01655086,-0.3915827128703417,2025-11-21 05:00:00
TTWO,2025-12-05 05:00:00,2,0.008488163,-0.010064716516295,2025-11-21 05:00:00
TXN,2025-12-05 05:00:00,2,0.0074619977,-0.5191176574013248,2025-11-21 05:00:00
TXT,2025-12-05 05:00:00,2,0.0050160214,0.0068448819532031,2025-11-21 05:00:00
TYL,2025-12-05 05:00:00,2,0.0078991065,-0.3970083283045119,2025-11-21 05:00:00
UAL,2025-12-05 05:00:00,2,0.009573404,-0.4101124417081988,2025-11-21 05:00:00
UBER,2025-12-05 05:00:00,2,0.0083147455,-0.3632164979060906,2025-11-21 05:00:00
UDR,2025-12-05 05:00:00,2,0.007274755,-0.1556688833982279,2025-11-21 05:00:00
UHS,2025-12-05 05:00:00,2,0.008552235,0.7460650217440327,2025-11-21 05:00:00
ULTA,2025-12-05 05:00:00,2,0.008428605,-0.0072829669310091,2025-11-21 05:00:00
UNH,2025-12-05 05:00:00,2,0.009809897,0.1084498383173522,2025-11-21 05:00:00
UNP,2025-12-05 05:00:00,2,0.0050160214,0.0215923876935096,2025-11-21 05:00:00
UPS,2025-12-05 05:00:00,2,0.008187192,0.217481846904638,2025-11-21 05:00:00
URI,2025-12-05 05:00:00,2,0.008585084,-0.4821807044373036,2025-11-21 05:00:00
USB,2025-12-05 05:00:00,2,0.0056534563,-0.0306351579087734,2025-11-21 05:00:00
V,2025-12-05 05:00:00,2,0.0061044586,-0.3113713394267989,2025-11-21 05:00:00
VICI,2025-12-05 05:00:00,2,0.007547085,-0.4085956002438631,2025-11-21 05:00:00
VLO,2025-12-05 05:00:00,2,0.0095951855,0.2069379139883443,2025-11-21 05:00:00
VLTO,2025-12-05 05:00:00,2,0.007096083,-0.1716032332561082,2025-11-21 05:00:00
VMC,2025-12-05 05:00:00,2,0.0056534563,-0.037622848816623,2025-11-21 05:00:00
VRSK,2025-12-05 05:00:00,2,0.0074619977,-0.3550426673761126,2025-11-21 05:00:00
VRSN,2025-12-05 05:00:00,2,0.007977604,-0.1725709987465451,2025-11-21 05:00:00
VRTX,2025-12-05 05:00:00,2,0.006188772,0.2287659996866566,2025-11-21 05:00:00
VST,2025-12-05 05:00:00,2,0.010720231,-0.2525578957182787,2025-11-21 05:00:00
VTR,2025-12-05 05:00:00,2,0.007199271,0.553265184470739,2025-11-21 05:00:00
VTRS,2025-12-05 05:00:00,2,0.0071752816,0.0019127048887042,2025-11-21 05:00:00
VZ,2025-12-05 05:00:00,2,0.007793299,0.0102301266682567,2025-11-21 05:00:00
WAB,2025-12-05 05:00:00,2,0.0056534563,0.0497625500091243,2025-11-21 05:00:00
WAT,2025-12-05 05:00:00,2,0.009173113,0.5391978714568798,2025-11-21 05:00:00
WBD,2025-12-05 05:00:00,2,0.042837195,0.4006934664597275,2025-11-21 05:00:00
WDAY,2025-12-05 05:00:00,2,0.009367867,-0.0165953284325764,2025-11-21 05:00:00
WDC,2025-12-05 05:00:00,2,0.04606519,0.3058572913169358,2025-11-21 05:00:00
WEC,2025-12-05 05:00:00,2,0.0056534563,0.2415585476796012,2025-11-21 05:00:00
WELL,2025-12-05 05:00:00,2,0.007345963,0.4680407799990162,2025-11-21 05:00:00
WFC,2025-12-05 05:00:00,2,0.0073347418,0.0386610590346661,2025-11-21 05:00:00
WM,2025-12-05 05:00:00,2,0.007793299,-0.0613802012171053,2025-11-21 05:00:00
WMB,2025-12-05 05:00:00,2,0.006296434,0.0829504545784704,2025-11-21 05:00:00
WMT,2025-12-05 05:00:00,2,0.00657675,0.2630567006641762,2025-11-21 05:00:00
WRB,2025-12-05 05:00:00,2,0.007834475,0.2701562877316747,2025-11-21 05:00:00
WSM,2025-12-05 05:00:00,2,0.010174672,-0.0671642399331632,2025-11-21 05:00:00
WST,2025-12-05 05:00:00,2,0.008972713,0.1876116857860763,2025-11-21 05:00:00
WTW,2025-12-05 05:00:00,2,0.0061044586,-0.0717716252835707,2025-11-21 05:00:00
WY,2025-12-05 05:00:00,2,0.007155008,-0.454122555425878,2025-11-21 05:00:00
WYNN,2025-12-05 05:00:00,2,0.008835017,-0.1917622757700528,2025-11-21 05:00:00
XEL,2025-12-05 05:00:00,2,0.0066890824,0.2546310194204365,2025-11-21 05:00:00
XOM,2025-12-05 05:00:00,2,0.0056534563,0.1187062422528336,2025-11-21 05:00:00
XYL,2025-12-05 05:00:00,2,0.0061044586,-0.0556924173440027,2025-11-21 05:00:00
XYZ,2025-12-05 05:00:00,2,0.013245597,-0.4224382352616057,2025-11-21 05:00:00
YUM,2025-12-05 05:00:00,2,0.0063376077,0.1434395313887242,2025-11-21 05:00:00
ZBH,2025-12-05 05:00:00,2,0.0071213967,-0.1814625776088293,2025-11-21 05:00:00
ZBRA,2025-12-05 05:00:00,2,0.010811429,-0.4313965020657683,2025-11-21 05:00:00
ZTS,2025-12-05 05:00:00,2,0.0064755804,-0.3744414027011514,2025-11-21 05:00:00
A,2025-12-19 05:00:00,4,0.01935732,0.3605987246197111,2025-11-21 05:00:00
AAPL,2025-12-19 05:00:00,4,0.013673478,0.4064472316004506,2025-11-21 05:00:00
ABBV,2025-12-19 05:00:00,4,0.01852443,0.3994006073152109,2025-11-21 05:00:00
ABNB,2025-12-19 05:00:00,4,0.015291163,-0.3118465324398876,2025-11-21 05:00:00
ABT,2025-12-19 05:00:00,4,0.014091015,0.0177238325847321,2025-11-21 05:00:00
ACGL,2025-12-19 05:00:00,4,0.012965366,0.0203562386998011,2025-11-21 05:00:00
ACN,2025-12-19 05:00:00,4,0.014836389,-0.1841637141346662,2025-11-21 05:00:00
ADBE,2025-12-19 05:00:00,4,0.019292276,-0.2419612224007398,2025-11-21 05:00:00
ADI,2025-12-19 05:00:00,4,0.019477345,-0.1983167608648323,2025-11-21 05:00:00
ADM,2025-12-19 05:00:00,4,0.020058867,-0.1906163950610264,2025-11-21 05:00:00
ADP,2025-12-19 05:00:00,4,0.016071532,-0.6315291545186699,2025-11-21 05:00:00
ADSK,2025-12-19 05:00:00,4,0.014309592,-0.2771923135693213,2025-11-21 05:00:00
AEE,2025-12-19 05:00:00,4,0.012366853,0.2609776903502278,2025-11-21 05:00:00
AEP,2025-12-19 05:00:00,4,0.01387786,0.3031185064345967,2025-11-21 05:00:00
AES,2025-12-19 05:00:00,4,0.016486958,-0.050288115526677,2025-11-21 05:00:00
AFL,2025-12-19 05:00:00,4,0.012007392,0.2079437869780605,2025-11-21 05:00:00
AIG,2025-12-19 05:00:00,4,0.013045545,-0.1930790415056891,2025-11-21 05:00:00
AIZ,2025-12-19 05:00:00,4,0.0138271535,0.1966669425042344,2025-11-21 05:00:00
AJG,2025-12-19 05:00:00,4,0.021384727,-0.3140511588796243,2025-11-21 05:00:00
AKAM,2025-12-19 05:00:00,4,0.019145422,0.1728637892551152,2025-11-21 05:00:00
ALB,2025-12-19 05:00:00,4,0.061206646,0.2815700808483307,2025-11-21 05:00:00
ALGN,2025-12-19 05:00:00,4,0.027104067,-0.0619084423310689,2025-11-21 05:00:00
ALL,2025-12-19 05:00:00,4,0.013388323,0.1751721761398742,2025-11-21 05:00:00
ALLE,2025-12-19 05:00:00,4,0.01498424,-0.0991037732045031,2025-11-21 05:00:00
AMAT,2025-12-19 05:00:00,4,0.025520038,0.3484354790444187,2025-11-21 05:00:00
AMCR,2025-12-19 05:00:00,4,0.015742335,-0.0781388264223525,2025-11-21 05:00:00
AMD,2025-12-19 05:00:00,4,0.072905734,-0.1805969353996546,2025-11-21 05:00:00
AME,2025-12-19 05:00:00,4,0.012946467,0.0598109849529377,2025-11-21 05:00:00
AMGN,2025-12-19 05:00:00,4,0.016756058,0.368342566543679,2025-11-21 05:00:00
AMP,2025-12-19 05:00:00,4,0.01894054,-0.4556513527027706,2025-11-21 05:00:00
AMT,2025-12-19 05:00:00,4,0.015435897,-0.1954901975109999,2025-11-21 05:00:00
AMZN,2025-12-19 05:00:00,4,0.023859935,-0.2119029072154671,2025-11-21 05:00:00
ANET,2025-12-19 05:00:00,4,0.07333833,-0.2997137571185322,2025-11-21 05:00:00
AON,2025-12-19 05:00:00,4,0.013040734,-0.0999462831243688,2025-11-21 05:00:00
AOS,2025-12-19 05:00:00,4,0.014092873,-0.2025911417542692,2025-11-21 05:00:00
APA,2025-12-19 05:00:00,4,0.025196346,-0.0043009746635962,2025-11-21 05:00:00
APD,2025-12-19 05:00:00,4,0.01883897,-0.2628128784904181,2025-11-21 05:00:00
APH,2025-12-19 05:00:00,4,0.025021313,0.3318259967938827,2025-11-21 05:00:00
APO,2025-12-19 05:00:00,4,0.02652331,-0.1632219432903929,2025-11-21 05:00:00
APTV,2025-12-19 05:00:00,4,0.029012976,-0.1332172352034294,2025-11-21 05:00:00
ARE,2025-12-19 05:00:00,4,0.037324347,-0.406019025843018,2025-11-21 05:00:00
ATO,2025-12-19 05:00:00,4,0.012853344,0.2306729422733151,2025-11-21 05:00:00
AVB,2025-12-19 05:00:00,4,0.012061654,-0.1416297539385254,2025-11-21 05:00:00
AVGO,2025-12-19 05:00:00,4,0.04628536,0.0390879989280848,2025-11-21 05:00:00
AVY,2025-12-19 05:00:00,4,0.012700387,0.0300216440352919,2025-11-21 05:00:00
AWK,2025-12-19 05:00:00,4,0.018388912,-0.0516371280017713,2025-11-21 05:00:00
AXON,2025-12-19 05:00:00,4,0.041786794,-0.4519766195341741,2025-11-21 05:00:00
AXP,2025-12-19 05:00:00,4,0.016232226,0.1185737311507932,2025-11-21 05:00:00
AZO,2025-12-19 05:00:00,4,0.01579927,-0.1439640821031982,2025-11-21 05:00:00
BA,2025-12-19 05:00:00,4,0.031705227,-0.6125779442742874,2025-11-21 05:00:00
BAC,2025-12-19 05:00:00,4,0.012366853,0.0387152496622503,2025-11-21 05:00:00
BALL,2025-12-19 05:00:00,4,0.018790819,-0.0265585673415756,2025-11-21 05:00:00
BAX,2025-12-19 05:00:00,4,0.02846008,-0.2910423987115025,2025-11-21 05:00:00
BBY,2025-12-19 05:00:00,4,0.015315689,0.0110459479686417,2025-11-21 05:00:00
BDX,2025-12-19 05:00:00,4,0.01739923,0.0503187513110938,2025-11-21 05:00:00
BEN,2025-12-19 05:00:00,4,0.017538868,-0.5728619953430498,2025-11-21 05:00:00
BG,2025-12-19 05:00:00,4,0.019288365,0.1519013545202961,2025-11-21 05:00:00
BIIB,2025-12-19 05:00:00,4,0.024624933,0.4146604225713767,2025-11-21 05:00:00
BK,2025-12-19 05:00:00,4,0.01514887,-0.0095318314084372,2025-11-21 05:00:00
BKNG,2025-12-19 05:00:00,4,0.030508222,-0.635226282744872,2025-11-21 05:00:00
BKR,2025-12-19 05:00:00,4,0.016439438,0.0675773984880813,2025-11-21 05:00:00
BLDR,2025-12-19 05:00:00,4,0.035875317,-0.3487676534790693,2025-11-21 05:00:00
BLK,2025-12-19 05:00:00,4,0.021280766,-0.4125310027741133,2025-11-21 05:00:00
BMY,2025-12-19 05:00:00,4,0.013709028,0.0443718004469642,2025-11-21 05:00:00
BR,2025-12-19 05:00:00,4,0.016669711,-0.339534558792592,2025-11-21 05:00:00
BRO,2025-12-19 05:00:00,4,0.016589766,-0.2988568392398102,2025-11-21 05:00:00
BSX,2025-12-19 05:00:00,4,0.0130933765,-0.2076142667028039,2025-11-21 05:00:00
BX,2025-12-19 05:00:00,4,0.030231757,-0.3560935029420306,2025-11-21 05:00:00
BXP,2025-12-19 05:00:00,4,0.015389213,0.0420437043133846,2025-11-21 05:00:00
C,2025-12-19 05:00:00,4,0.018554403,-0.0059045730102662,2025-11-21 05:00:00
CAG,2025-12-19 05:00:00,4,0.014245328,-0.1827222818822839,2025-11-21 05:00:00
CAH,2025-12-19 05:00:00,4,0.021359451,0.6661629218824578,2025-11-21 05:00:00
CARR,2025-12-19 05:00:00,4,0.026743356,-0.6532928424270469,2025-11-21 05:00:00
CAT,2025-12-19 05:00:00,4,0.021795535,0.4746649150617333,2025-11-21 05:00:00
CB,2025-12-19 05:00:00,4,0.013051384,0.2847847761449124,2025-11-21 05:00:00
CBOE,2025-12-19 05:00:00,4,0.013430264,0.1946677267623663,2025-11-21 05:00:00
CBRE,2025-12-19 05:00:00,4,0.016733214,-0.0069011981504283,2025-11-21 05:00:00
CCI,2025-12-19 05:00:00,4,0.014518283,-0.0105723472333488,2025-11-21 05:00:00
CCL,2025-12-19 05:00:00,4,0.0367875,-0.453129568732775,2025-11-21 05:00:00
CDNS,2025-12-19 05:00:00,4,0.027474575,-0.3402283396408843,2025-11-21 05:00:00
CDW,2025-12-19 05:00:00,4,0.021309191,-0.3132290093815718,2025-11-21 05:00:00
CEG,2025-12-19 05:00:00,4,0.045986854,-0.0151926092869895,2025-11-21 05:00:00
CF,2025-12-19 05:00:00,4,0.023644144,-0.2256335313180711,2025-11-21 05:00:00
CFG,2025-12-19 05:00:00,4,0.017768413,-0.0290409425312646,2025-11-21 05:00:00
CHD,2025-12-19 05:00:00,4,0.014553851,-0.2219559224090727,2025-11-21 05:00:00
CHRW,2025-12-19 05:00:00,4,0.028821597,0.2249294003818941,2025-11-21 05:00:00
CHTR,2025-12-19 05:00:00,4,0.027796132,-0.4911764959262586,2025-11-21 05:00:00
CI,2025-12-19 05:00:00,4,0.022718735,-0.0192385757523889,2025-11-21 05:00:00
CINF,2025-12-19 05:00:00,4,0.014338537,0.2371614561942286,2025-11-21 05:00:00
CL,2025-12-19 05:00:00,4,0.015523312,-0.0536713737779441,2025-11-21 05:00:00
CLX,2025-12-19 05:00:00,4,0.019645648,-0.3079926784967033,2025-11-21 05:00:00
CMCSA,2025-12-19 05:00:00,4,0.015045156,-0.5007518026524934,2025-11-21 05:00:00
CME,2025-12-19 05:00:00,4,0.013137538,0.1703608198453991,2025-11-21 05:00:00
CMG,2025-12-19 05:00:00,4,0.03621555,-0.2989707984214705,2025-11-21 05:00:00
CMI,2025-12-19 05:00:00,4,0.020353679,0.3316301991399484,2025-11-21 05:00:00
CMS,2025-12-19 05:00:00,4,0.012007392,0.4408405354609611,2025-11-21 05:00:00
CNC,2025-12-19 05:00:00,4,0.035956487,0.3721839220648193,2025-11-21 05:00:00
CNP,2025-12-19 05:00:00,4,0.013940726,0.262029633825638,2025-11-21 05:00:00
COF,2025-12-19 05:00:00,4,0.019999351,-0.262746081203414,2025-11-21 05:00:00
COIN,2025-12-19 05:00:00,4,0.07452133,-0.222675710353459,2025-11-21 05:00:00
COO,2025-12-19 05:00:00,4,0.018444886,0.1365872872605383,2025-11-21 05:00:00
COP,2025-12-19 05:00:00,4,0.014783179,-0.2384267806586282,2025-11-21 05:00:00
COR,2025-12-19 05:00:00,4,0.016162656,0.7295535476958431,2025-11-21 05:00:00
COST,2025-12-19 05:00:00,4,0.012310656,-0.1370336953471539,2025-11-21 05:00:00
CPAY,2025-12-19 05:00:00,4,0.024232296,-0.2871571878135743,2025-11-21 05:00:00
CPB,2025-12-19 05:00:00,4,0.012577128,0.0716712569991291,2025-11-21 05:00:00
CPRT,2025-12-19 05:00:00,4,0.0137408925,-0.6216587694729108,2025-11-21 05:00:00
CPT,2025-12-19 05:00:00,4,0.013562337,-0.0609582288378705,2025-11-21 05:00:00
CRL,2025-12-19 05:00:00,4,0.03161329,0.0712589236194652,2025-11-21 05:00:00
CRM,2025-12-19 05:00:00,4,0.016490089,-0.2839888820487633,2025-11-21 05:00:00
CRWD,2025-12-19 05:00:00,4,0.027816938,0.1463339944821722,2025-11-21 05:00:00
CSCO,2025-12-19 05:00:00,4,0.017350664,0.1958034366396073,2025-11-21 05:00:00
CSGP,2025-12-19 05:00:00,4,0.030297576,-0.4599070508518709,2025-11-21 05:00:00
CSX,2025-12-19 05:00:00,4,0.012117415,0.1304208244324298,2025-11-21 05:00:00
CTAS,2025-12-19 05:00:00,4,0.016435778,-0.2893585206882226,2025-11-21 05:00:00
CTRA,2025-12-19 05:00:00,4,0.016094217,0.1051949365511763,2025-11-21 05:00:00
CTSH,2025-12-19 05:00:00,4,0.021049395,0.1333175565085086,2025-11-21 05:00:00
CTVA,2025-12-19 05:00:00,4,0.018069716,-0.2811015068407139,2025-11-21 05:00:00
CVS,2025-12-19 05:00:00,4,0.017940767,0.4110595880005337,2025-11-21 05:00:00
CVX,2025-12-19 05:00:00,4,0.011942678,-0.1896358641782303,2025-11-21 05:00:00
CZR,2025-12-19 05:00:00,4,0.032546487,-0.2462920052143559,2025-11-21 05:00:00
D,2025-12-19 05:00:00,4,0.011946686,0.1896235540631528,2025-11-21 05:00:00
DAL,2025-12-19 05:00:00,4,0.023035787,-0.2368963247544986,2025-11-21 05:00:00
DASH,2025-12-19 05:00:00,4,0.04327477,-0.400779120593589,2025-11-21 05:00:00
DAY,2025-12-19 05:00:00,4,0.0115972655,-0.2569512322873024,2025-11-21 05:00:00
DD,2025-12-19 05:00:00,4,0.021829436,0.24859144745627,2025-11-21 05:00:00
DDOG,2025-12-19 05:00:00,4,0.050336722,0.1328979341635634,2025-11-21 05:00:00
DE,2025-12-19 05:00:00,4,0.0142736435,0.0339331995718793,2025-11-21 05:00:00
DECK,2025-12-19 05:00:00,4,0.026131911,-0.5686465979618324,2025-11-21 05:00:00
DELL,2025-12-19 05:00:00,4,0.03505521,-0.0465112603993185,2025-11-21 05:00:00
DG,2025-12-19 05:00:00,4,0.019164303,-0.1451182506849617,2025-11-21 05:00:00
DGX,2025-12-19 05:00:00,4,0.013929023,0.2358979710930695,2025-11-21 05:00:00
DHI,2025-12-19 05:00:00,4,0.02802126,-0.1465992284577209,2025-11-21 05:00:00
DHR,2025-12-19 05:00:00,4,0.020079628,0.2223356307718158,2025-11-21 05:00:00
DIS,2025-12-19 05:00:00,4,0.016979527,-0.53378362422419,2025-11-21 05:00:00
DLR,2025-12-19 05:00:00,4,0.019652866,-0.1112982492394977,2025-11-21 05:00:00
DLTR,2025-12-19 05:00:00,4,0.022028198,-0.1483984398925143,2025-11-21 05:00:00
DOC,2025-12-19 05:00:00,4,0.013752912,0.0621808823591902,2025-11-21 05:00:00
DOV,2025-12-19 05:00:00,4,0.013161407,0.007296517377248,2025-11-21 05:00:00
DOW,2025-12-19 05:00:00,4,0.027174529,-0.1280668729844561,2025-11-21 05:00:00
DPZ,2025-12-19 05:00:00,4,0.014597114,-0.3361811409670334,2025-11-21 05:00:00
DRI,2025-12-19 05:00:00,4,0.021347435,-0.3364536609218351,2025-11-21 05:00:00
DTE,2025-12-19 05:00:00,4,0.012248518,-0.0133404596152021,2025-11-21 05:00:00
DUK,2025-12-19 05:00:00,4,0.012007392,0.1422088698059245,2025-11-21 05:00:00
DVA,2025-12-19 05:00:00,4,0.020771299,-0.2108784219859986,2025-11-21 05:00:00
DVN,2025-12-19 05:00:00,4,0.016429435,-0.0403927385894052,2025-11-21 05:00:00
DXCM,2025-12-19 05:00:00,4,0.030998606,-0.2401380559749133,2025-11-21 05:00:00
EA,2025-12-19 05:00:00,4,0.012853344,0.2876080258875492,2025-11-21 05:00:00
EBAY,2025-12-19 05:00:00,4,0.035613418,-0.1290488246764246,2025-11-21 05:00:00
ECL,2025-12-19 05:00:00,4,0.014259599,-0.101352454759311,2025-11-21 05:00:00
ED,2025-12-19 05:00:00,4,0.011819063,0.1632400185833874,2025-11-21 05:00:00
EFX,2025-12-19 05:00:00,4,0.020577936,-0.2751102899253833,2025-11-21 05:00:00
EG,2025-12-19 05:00:00,4,0.01696475,-0.1244639475431897,2025-11-21 05:00:00
EIX,2025-12-19 05:00:00,4,0.01344538,0.1987686688751803,2025-11-21 05:00:00
EL,2025-12-19 05:00:00,4,0.023300676,-0.2096761896623995,2025-11-21 05:00:00
ELV,2025-12-19 05:00:00,4,0.0166024,0.0941552817484814,2025-11-21 05:00:00
EMN,2025-12-19 05:00:00,4,0.021572603,-0.4043523123380652,2025-11-21 05:00:00
EMR,2025-12-19 05:00:00,4,0.020918958,-0.1126114364454156,2025-11-21 05:00:00
ENPH,2025-12-19 05:00:00,4,0.06285701,-0.454448181309129,2025-11-21 05:00:00
EOG,2025-12-19 05:00:00,4,0.0129616,-0.4825097711721605,2025-11-21 05:00:00
EPAM,2025-12-19 05:00:00,4,0.02256525,0.0455212083862032,2025-11-21 05:00:00
EQIX,2025-12-19 05:00:00,4,0.013520982,-0.0571290488310276,2025-11-21 05:00:00
EQR,2025-12-19 05:00:00,4,0.0145845935,-0.1790789073518062,2025-11-21 05:00:00
EQT,2025-12-19 05:00:00,4,0.021362262,0.1211105416280346,2025-11-21 05:00:00
ERIE,2025-12-19 05:00:00,4,0.020214843,-0.3646940379138899,2025-11-21 05:00:00
ES,2025-12-19 05:00:00,4,0.014755527,0.0892876841312487,2025-11-21 05:00:00
ESS,2025-12-19 05:00:00,4,0.013009167,0.073531645217459,2025-11-21 05:00:00
ETN,2025-12-19 05:00:00,4,0.037032314,-0.3231016213692274,2025-11-21 05:00:00
ETR,2025-12-19 05:00:00,4,0.0130377775,0.2334805988772973,2025-11-21 05:00:00
EVRG,2025-12-19 05:00:00,4,0.012998181,0.3210768126164851,2025-11-21 05:00:00
EW,2025-12-19 05:00:00,4,0.01928311,0.1770532616964266,2025-11-21 05:00:00
EXC,2025-12-19 05:00:00,4,0.012366853,0.2622393386826677,2025-11-21 05:00:00
EXE,2025-12-19 05:00:00,4,0.018528039,0.2538516155060039,2025-11-21 05:00:00
EXPD,2025-12-19 05:00:00,4,0.01898167,0.2769847378758964,2025-11-21 05:00:00
EXPE,2025-12-19 05:00:00,4,0.026225666,0.2095549589744737,2025-11-21 05:00:00
EXR,2025-12-19 05:00:00,4,0.015573607,-0.0826052522065808,2025-11-21 05:00:00
F,2025-12-19 05:00:00,4,0.024543,0.1440518678787945,2025-11-21 05:00:00
FANG,2025-12-19 05:00:00,4,0.015141773,-0.0562515665164423,2025-11-21 05:00:00
FAST,2025-12-19 05:00:00,4,0.01987334,-0.7288710484937455,2025-11-21 05:00:00
FCX,2025-12-19 05:00:00,4,0.026022939,-0.2148642725601783,2025-11-21 05:00:00
FDS,2025-12-19 05:00:00,4,0.01981715,-0.390284073364855,2025-11-21 05:00:00
FDX,2025-12-19 05:00:00,4,0.016012311,0.4041490497915472,2025-11-21 05:00:00
FE,2025-12-19 05:00:00,4,0.013314019,0.4928460322203685,2025-11-21 05:00:00
FFIV,2025-12-19 05:00:00,4,0.037268095,-0.4088757925559496,2025-11-21 05:00:00
FI,2025-12-19 05:00:00,4,0.04642714,-0.4130249665305079,2025-11-21 05:00:00
FICO,2025-12-19 05:00:00,4,0.025721915,0.1911402293916541,2025-11-21 05:00:00
FIS,2025-12-19 05:00:00,4,0.01685545,-0.2214568748518565,2025-11-21 05:00:00
FITB,2025-12-19 05:00:00,4,0.012194262,-0.2067323221189411,2025-11-21 05:00:00
FOX,2025-12-19 05:00:00,4,0.017284267,0.1334104447310795,2025-11-21 05:00:00
FOXA,2025-12-19 05:00:00,4,0.016961176,0.1255166878428912,2025-11-21 05:00:00
FRT,2025-12-19 05:00:00,4,0.012992122,0.0623011884048292,2025-11-21 05:00:00
FSLR,2025-12-19 05:00:00,4,0.028734162,0.3984846778817765,2025-11-21 05:00:00
FTNT,2025-12-19 05:00:00,4,0.019107886,0.0522625129907644,2025-11-21 05:00:00
FTV,2025-12-19 05:00:00,4,0.016717263,0.3803633330978478,2025-11-21 05:00:00
GD,2025-12-19 05:00:00,4,0.012007392,0.0974028683544925,2025-11-21 05:00:00
GDDY,2025-12-19 05:00:00,4,0.014900229,-0.7423450746150964,2025-11-21 05:00:00
GE,2025-12-19 05:00:00,4,0.0217691,-0.0080020837301706,2025-11-21 05:00:00
GEHC,2025-12-19 05:00:00,4,0.021977969,0.0483684118231867,2025-11-21 05:00:00
GEN,2025-12-19 05:00:00,4,0.019355578,-0.3930178808999799,2025-11-21 05:00:00
GEV,2025-12-19 05:00:00,4,0.043753013,-0.5940558457389805,2025-11-21 05:00:00
GILD,2025-12-19 05:00:00,4,0.017793387,0.3746244938427475,2025-11-21 05:00:00
GIS,2025-12-19 05:00:00,4,0.013951037,0.0165519093292812,2025-11-21 05:00:00
GL,2025-12-19 05:00:00,4,0.013676731,-0.1417490627403266,2025-11-21 05:00:00
GLW,2025-12-19 05:00:00,4,0.03125859,0.1631102694935374,2025-11-21 05:00:00
GM,2025-12-19 05:00:00,4,0.021223668,0.2734480060441401,2025-11-21 05:00:00
GNRC,2025-12-19 05:00:00,4,0.041665755,-0.361796553304597,2025-11-21 05:00:00
GOOG,2025-12-19 05:00:00,4,0.022635613,0.4640533251372247,2025-11-21 05:00:00
GOOGL,2025-12-19 05:00:00,4,0.024352591,0.4540677559510772,2025-11-21 05:00:00
GPC,2025-12-19 05:00:00,4,0.013948144,-0.2471268814224213,2025-11-21 05:00:00
GPN,2025-12-19 05:00:00,4,0.019831298,-0.4148864560306249,2025-11-21 05:00:00
GRMN,2025-12-19 05:00:00,4,0.026184516,-0.3550162701996192,2025-11-21 05:00:00
GS,2025-12-19 05:00:00,4,0.017234882,-0.008777051747497,2025-11-21 05:00:00
GWW,2025-12-19 05:00:00,4,0.011985476,-0.1403384439340264,2025-11-21 05:00:00
HAL,2025-12-19 05:00:00,4,0.022079868,0.1538483614201601,2025-11-21 05:00:00
HAS,2025-12-19 05:00:00,4,0.015854817,-0.1043849073197868,2025-11-21 05:00:00
HBAN,2025-12-19 05:00:00,4,0.015780088,-0.2549335353063563,2025-11-21 05:00:00
HCA,2025-12-19 05:00:00,4,0.018934146,0.765890830787099,2025-11-21 05:00:00
HD,2025-12-19 05:00:00,4,0.01786034,-0.4059719843297821,2025-11-21 05:00:00
HIG,2025-12-19 05:00:00,4,0.013755176,0.1544623096180879,2025-11-21 05:00:00
HII,2025-12-19 05:00:00,4,0.019321093,0.2677489484543764,2025-11-21 05:00:00
HLT,2025-12-19 05:00:00,4,0.013713253,0.0113909881520026,2025-11-21 05:00:00
HOLX,2025-12-19 05:00:00,4,0.012555762,0.2784746703045929,2025-11-21 05:00:00
HON,2025-12-19 05:00:00,4,0.013854511,-0.2973298205934019,2025-11-21 05:00:00
HPE,2025-12-19 05:00:00,4,0.025679665,-0.2273128607282066,2025-11-21 05:00:00
HPQ,2025-12-19 05:00:00,4,0.020023977,-0.3201731507019459,2025-11-21 05:00:00
HRL,2025-12-19 05:00:00,4,0.016126541,-0.220740575112167,2025-11-21 05:00:00
HSIC,2025-12-19 05:00:00,4,0.017004013,0.0773025242867265,2025-11-21 05:00:00
HST,2025-12-19 05:00:00,4,0.017757535,0.0078013145397635,2025-11-21 05:00:00
HSY,2025-12-19 05:00:00,4,0.014563566,0.097652568579411,2025-11-21 05:00:00
HUBB,2025-12-19 05:00:00,4,0.023993934,-0.1638396086268056,2025-11-21 05:00:00
HUM,2025-12-19 05:00:00,4,0.020641234,-0.3262002482619178,2025-11-21 05:00:00
HWM,2025-12-19 05:00:00,4,0.020030009,0.1930835639135685,2025-11-21 05:00:00
IBM,2025-12-19 05:00:00,4,0.019478014,0.4367740092483166,2025-11-21 05:00:00
ICE,2025-12-19 05:00:00,4,0.01854957,-0.3086144077554893,2025-11-21 05:00:00
IDXX,2025-12-19 05:00:00,4,0.01614822,0.0301601807590155,2025-11-21 05:00:00
IEX,2025-12-19 05:00:00,4,0.015291702,0.068583146714638,2025-11-21 05:00:00
IFF,2025-12-19 05:00:00,4,0.021752663,0.0113689527963757,2025-11-21 05:00:00
INCY,2025-12-19 05:00:00,4,0.023281379,0.2610633882344532,2025-11-21 05:00:00
INTC,2025-12-19 05:00:00,4,0.07512559,0.3406721845105928,2025-11-21 05:00:00
INTU,2025-12-19 05:00:00,4,0.020588547,0.0407463140840076,2025-11-21 05:00:00
INVH,2025-12-19 05:00:00,4,0.014840139,-0.3084733666028711,2025-11-21 05:00:00
IP,2025-12-19 05:00:00,4,0.028996063,-0.214392111113391,2025-11-21 05:00:00
IPG,2025-12-19 05:00:00,4,0.0155153135,-0.0964856609236367,2025-11-21 05:00:00
IQV,2025-12-19 05:00:00,4,0.020589486,0.3084498224443899,2025-11-21 05:00:00
IR,2025-12-19 05:00:00,4,0.02060366,-0.0446156415603549,2025-11-21 05:00:00
IRM,2025-12-19 05:00:00,4,0.03685062,-0.1271339981442058,2025-11-21 05:00:00
ISRG,2025-12-19 05:00:00,4,0.022419378,0.2148653221891697,2025-11-21 05:00:00
IT,2025-12-19 05:00:00,4,0.020070544,-0.2027559061872379,2025-11-21 05:00:00
ITW,2025-12-19 05:00:00,4,0.013224363,-0.2938502321461385,2025-11-21 05:00:00
IVZ,2025-12-19 05:00:00,4,0.023594623,0.1214272837757231,2025-11-21 05:00:00
J,2025-12-19 05:00:00,4,0.02295393,-0.2329747157379315,2025-11-21 05:00:00
JBHT,2025-12-19 05:00:00,4,0.020070005,0.179670960020958,2025-11-21 05:00:00
JBL,2025-12-19 05:00:00,4,0.038964704,-0.1947129392641864,2025-11-21 05:00:00
JCI,2025-12-19 05:00:00,4,0.016733183,0.0801010655031348,2025-11-21 05:00:00
JKHY,2025-12-19 05:00:00,4,0.015959438,0.1140327133148113,2025-11-21 05:00:00
JNJ,2025-12-19 05:00:00,4,0.015075272,0.5580816396907551,2025-11-21 05:00:00
JPM,2025-12-19 05:00:00,4,0.016117027,-0.0675503451747776,2025-11-21 05:00:00
K,2025-12-19 05:00:00,4,0.013100953,0.1663708220446729,2025-11-21 05:00:00
KDP,2025-12-19 05:00:00,4,0.020512866,-0.1934257969983942,2025-11-21 05:00:00
KEY,2025-12-19 05:00:00,4,0.015867881,-0.2143151440394899,2025-11-21 05:00:00
KEYS,2025-12-19 05:00:00,4,0.017977396,0.0781488235203147,2025-11-21 05:00:00
KHC,2025-12-19 05:00:00,4,0.015605469,-0.3638738576328852,2025-11-21 05:00:00
KIM,2025-12-19 05:00:00,4,0.01319055,-0.1795606625707913,2025-11-21 05:00:00
KKR,2025-12-19 05:00:00,4,0.031278975,-0.3664563219523096,2025-11-21 05:00:00
KLAC,2025-12-19 05:00:00,4,0.030053517,0.1908680397388511,2025-11-21 05:00:00
KMB,2025-12-19 05:00:00,4,0.016087968,-0.2700543016246503,2025-11-21 05:00:00
KMI,2025-12-19 05:00:00,4,0.012088513,-0.0073295870486293,2025-11-21 05:00:00
KMX,2025-12-19 05:00:00,4,0.06189797,-0.4229119887283771,2025-11-21 05:00:00
KO,2025-12-19 05:00:00,4,0.013314019,0.4454788254055976,2025-11-21 05:00:00
KR,2025-12-19 05:00:00,4,0.015450559,0.0308751449881306,2025-11-21 05:00:00
KVUE,2025-12-19 05:00:00,4,0.02329111,-0.6275351722014932,2025-11-21 05:00:00
L,2025-12-19 05:00:00,4,0.0143048065,0.4336517153544746,2025-11-21 05:00:00
LDOS,2025-12-19 05:00:00,4,0.013638459,0.1045909603904601,2025-11-21 05:00:00
LEN,2025-12-19 05:00:00,4,0.0149984425,-0.0284003155198602,2025-11-21 05:00:00
LH,2025-12-19 05:00:00,4,0.016415883,-0.0339869423783985,2025-11-21 05:00:00
LHX,2025-12-19 05:00:00,4,0.014382782,-0.0405962365365623,2025-11-21 05:00:00
LII,2025-12-19 05:00:00,4,0.03126061,-0.3962014646849676,2025-11-21 05:00:00
LIN,2025-12-19 05:00:00,4,0.016476296,-0.5815469341616335,2025-11-21 05:00:00
LKQ,2025-12-19 05:00:00,4,0.018850055,-0.1624176314242712,2025-11-21 05:00:00
LLY,2025-12-19 05:00:00,4,0.023180079,0.6004834766707462,2025-11-21 05:00:00
LMT,2025-12-19 05:00:00,4,0.011392624,0.016118996971714,2025-11-21 05:00:00
LNT,2025-12-19 05:00:00,4,0.013314019,0.399365980040455,2025-11-21 05:00:00
LOW,2025-12-19 05:00:00,4,0.015861945,-0.1616677005207936,2025-11-21 05:00:00
LRCX,2025-12-19 05:00:00,4,0.036406662,0.2063987281383908,2025-11-21 05:00:00
LULU,2025-12-19 05:00:00,4,0.023142168,-0.314403067557389,2025-11-21 05:00:00
LUV,2025-12-19 05:00:00,4,0.024908155,-0.005733728940238,2025-11-21 05:00:00
LVS,2025-12-19 05:00:00,4,0.02038095,0.0766871884884632,2025-11-21 05:00:00
LW,2025-12-19 05:00:00,4,0.019089244,0.0115620115723123,2025-11-21 05:00:00
LYB,2025-12-19 05:00:00,4,0.02473302,-0.4478095442632434,2025-11-21 05:00:00
LYV,2025-12-19 05:00:00,4,0.026255839,-0.5692334091838126,2025-11-21 05:00:00
MA,2025-12-19 05:00:00,4,0.013425175,-0.3640039663900351,2025-11-21 05:00:00
MAA,2025-12-19 05:00:00,4,0.0145845935,-0.1726134822242495,2025-11-21 05:00:00
MAR,2025-12-19 05:00:00,4,0.017549373,0.1736057477035094,2025-11-21 05:00:00
MAS,2025-12-19 05:00:00,4,0.01885779,-0.3646779221108848,2025-11-21 05:00:00
MCD,2025-12-19 05:00:00,4,0.013897442,0.0543073294070292,2025-11-21 05:00:00
MCHP,2025-12-19 05:00:00,4,0.034686796,-0.5080524172841833,2025-11-21 05:00:00
MCK,2025-12-19 05:00:00,4,0.01704152,0.6668757002952916,2025-11-21 05:00:00
MCO,2025-12-19 05:00:00,4,0.015382037,-0.2005671009725595,2025-11-21 05:00:00
MDLZ,2025-12-19 05:00:00,4,0.015602642,-0.1673536615127215,2025-11-21 05:00:00
MDT,2025-12-19 05:00:00,4,0.01396438,0.2944425288134457,2025-11-21 05:00:00
MET,2025-12-19 05:00:00,4,0.015062441,-0.228445610804878,2025-11-21 05:00:00
META,2025-12-19 05:00:00,4,0.03038341,-0.4410555578045035,2025-11-21 05:00:00
MGM,2025-12-19 05:00:00,4,0.023988271,-0.4252579158570131,2025-11-21 05:00:00
MHK,2025-12-19 05:00:00,4,0.024884475,-0.2843630351557246,2025-11-21 05:00:00
MKC,2025-12-19 05:00:00,4,0.012992991,-0.0213615469044914,2025-11-21 05:00:00
MKTX,2025-12-19 05:00:00,4,0.018522523,-0.2502688199776229,2025-11-21 05:00:00
MLM,2025-12-19 05:00:00,4,0.013185085,-0.155656786341654,2025-11-21 05:00:00
MMC,2025-12-19 05:00:00,4,0.01433789,-0.2404724459276492,2025-11-21 05:00:00
MMM,2025-12-19 05:00:00,4,0.0147665525,0.1876688601218406,2025-11-21 05:00:00
MNST,2025-12-19 05:00:00,4,0.014043373,0.4347838176058672,2025-11-21 05:00:00
MO,2025-12-19 05:00:00,4,0.019039787,-0.1864669450262827,2025-11-21 05:00:00
MOH,2025-12-19 05:00:00,4,0.025066806,-0.2290471962618011,2025-11-21 05:00:00
MOS,2025-12-19 05:00:00,4,0.035350744,-0.5023470666768672,2025-11-21 05:00:00
MPC,2025-12-19 05:00:00,4,0.02068012,0.1414229793306352,2025-11-21 05:00:00
MPWR,2025-12-19 05:00:00,4,0.04614544,-0.1468956337797131,2025-11-21 05:00:00
MRK,2025-12-19 05:00:00,4,0.019940745,0.2804888217202571,2025-11-21 05:00:00
MRNA,2025-12-19 05:00:00,4,0.05880516,-0.016224323561506,2025-11-21 05:00:00
MS,2025-12-19 05:00:00,4,0.015412326,0.0737732337842421,2025-11-21 05:00:00
MSCI,2025-12-19 05:00:00,4,0.013989785,0.0250958334565653,2025-11-21 05:00:00
MSFT,2025-12-19 05:00:00,4,0.023071306,-0.2577496155353471,2025-11-21 05:00:00
MSI,2025-12-19 05:00:00,4,0.023545856,-0.7815164890549879,2025-11-21 05:00:00
MTB,2025-12-19 05:00:00,4,0.013922613,-0.1660082125561992,2025-11-21 05:00:00
MTCH,2025-12-19 05:00:00,4,0.017879141,-0.3316913868512974,2025-11-21 05:00:00
MTD,2025-12-19 05:00:00,4,0.018781729,0.2716128062340466,2025-11-21 05:00:00
MU,2025-12-19 05:00:00,4,0.072987236,0.3157801778632243,2025-11-21 05:00:00
NCLH,2025-12-19 05:00:00,4,0.0338939,-0.4754883908627241,2025-11-21 05:00:00
NDAQ,2025-12-19 05:00:00,4,0.015582164,-0.3467302983230246,2025-11-21 05:00:00
NDSN,2025-12-19 05:00:00,4,0.01171206,0.1410440500580949,2025-11-21 05:00:00
NEE,2025-12-19 05:00:00,4,0.013032996,0.4353056067246876,2025-11-21 05:00:00
NEM,2025-12-19 05:00:00,4,0.03205553,0.0402976787530805,2025-11-21 05:00:00
NFLX,2025-12-19 05:00:00,4,0.03565019,-0.28929001134117,2025-11-21 05:00:00
NI,2025-12-19 05:00:00,4,0.0130127715,-0.0057961469402645,2025-11-21 05:00:00
NKE,2025-12-19 05:00:00,4,0.021918932,-0.3980250013974544,2025-11-21 05:00:00
NOC,2025-12-19 05:00:00,4,0.0128073795,-0.0946096168203537,2025-11-21 05:00:00
NOW,2025-12-19 05:00:00,4,0.016816193,-0.339209060302987,2025-11-21 05:00:00
NRG,2025-12-19 05:00:00,4,0.04185943,0.0184595595806157,2025-11-21 05:00:00
NSC,2025-12-19 05:00:00,4,0.011871488,0.0826712315533937,2025-11-21 05:00:00
NTAP,2025-12-19 05:00:00,4,0.019264854,-0.1288097624082682,2025-11-21 05:00:00
NTRS,2025-12-19 05:00:00,4,0.01488112,-0.128751716777879,2025-11-21 05:00:00
NUE,2025-12-19 05:00:00,4,0.018138476,0.0142083434994662,2025-11-21 05:00:00
NVDA,2025-12-19 05:00:00,4,0.04498984,-0.0153738310248586,2025-11-21 05:00:00
NVR,2025-12-19 05:00:00,4,0.013145682,-0.1671979946085448,2025-11-21 05:00:00
NWS,2025-12-19 05:00:00,4,0.029311227,-0.4560426078119635,2025-11-21 05:00:00
NWSA,2025-12-19 05:00:00,4,0.020240625,-0.3262955707903638,2025-11-21 05:00:00
NXPI,2025-12-19 05:00:00,4,0.03102834,-0.4743707504641111,2025-11-21 05:00:00
O,2025-12-19 05:00:00,4,0.012825125,-0.0180697616542347,2025-11-21 05:00:00
ODFL,2025-12-19 05:00:00,4,0.01823205,-0.3397978763313265,2025-11-21 05:00:00
OKE,2025-12-19 05:00:00,4,0.014885368,-0.2290676918200178,2025-11-21 05:00:00
OMC,2025-12-19 05:00:00,4,0.0155153135,-0.1025068062571768,2025-11-21 05:00:00
ON,2025-12-19 05:00:00,4,0.027667208,-0.2459847580619556,2025-11-21 05:00:00
ORCL,2025-12-19 05:00:00,4,0.06546837,-0.1962422427318755,2025-11-21 05:00:00
ORLY,2025-12-19 05:00:00,4,0.014975328,-0.0362945021740849,2025-11-21 05:00:00
OTIS,2025-12-19 05:00:00,4,0.011806616,0.1820092285508259,2025-11-21 05:00:00
OXY,2025-12-19 05:00:00,4,0.019416738,-0.3645686853316666,2025-11-21 05:00:00
PANW,2025-12-19 05:00:00,4,0.031637534,-0.1567020081694193,2025-11-21 05:00:00
PAYC,2025-12-19 05:00:00,4,0.030705104,-0.5654421799168263,2025-11-21 05:00:00
PAYX,2025-12-19 05:00:00,4,0.0145063065,-0.8058147198565023,2025-11-21 05:00:00
PCAR,2025-12-19 05:00:00,4,0.01858385,0.0452652223970138,2025-11-21 05:00:00
PCG,2025-12-19 05:00:00,4,0.010797077,0.096462363929047,2025-11-21 05:00:00
PEG,2025-12-19 05:00:00,4,0.01267283,-0.0389938258737677,2025-11-21 05:00:00
PEP,2025-12-19 05:00:00,4,0.01167157,-0.0907382122051223,2025-11-21 05:00:00
PFE,2025-12-19 05:00:00,4,0.016776722,0.029096517067115,2025-11-21 05:00:00
PFG,2025-12-19 05:00:00,4,0.015490601,0.2151275765885905,2025-11-21 05:00:00
PG,2025-12-19 05:00:00,4,0.011719772,-0.0586762445612503,2025-11-21 05:00:00
PGR,2025-12-19 05:00:00,4,0.01674172,-0.1294541042073595,2025-11-21 05:00:00
PH,2025-12-19 05:00:00,4,0.016156446,0.1904892800310992,2025-11-21 05:00:00
PHM,2025-12-19 05:00:00,4,0.02027347,-0.1047134778970647,2025-11-21 05:00:00
PKG,2025-12-19 05:00:00,4,0.013993754,-0.307662078264477,2025-11-21 05:00:00
PLD,2025-12-19 05:00:00,4,0.012137261,0.2827059111707847,2025-11-21 05:00:00
PLTR,2025-12-19 05:00:00,4,0.112888195,-0.0900232892688734,2025-11-21 05:00:00
PM,2025-12-19 05:00:00,4,0.020017177,0.0012127825135582,2025-11-21 05:00:00
PNC,2025-12-19 05:00:00,4,0.013224363,-0.2730311902010731,2025-11-21 05:00:00
PNR,2025-12-19 05:00:00,4,0.015640717,-0.1474305993787437,2025-11-21 05:00:00
PNW,2025-12-19 05:00:00,4,0.0116039775,-0.0309809642317594,2025-11-21 05:00:00
PODD,2025-12-19 05:00:00,4,0.019430794,-0.0950485911293114,2025-11-21 05:00:00
POOL,2025-12-19 05:00:00,4,0.029468967,-0.4388147851677778,2025-11-21 05:00:00
PPG,2025-12-19 05:00:00,4,0.016915327,-0.273404032503515,2025-11-21 05:00:00
PPL,2025-12-19 05:00:00,4,0.011768918,0.0303848893925887,2025-11-21 05:00:00
PRU,2025-12-19 05:00:00,4,0.014013949,-0.0354144158135938,2025-11-21 05:00:00
PSA,2025-12-19 05:00:00,4,0.0123018,-0.1737690227839575,2025-11-21 05:00:00
PSKY,2025-12-19 05:00:00,4,0.053869076,0.077743215451298,2025-11-21 05:00:00
PSX,2025-12-19 05:00:00,4,0.01955202,0.0217423762202605,2025-11-21 05:00:00
PTC,2025-12-19 05:00:00,4,0.026374716,-0.5301469010228177,2025-11-21 05:00:00
PWR,2025-12-19 05:00:00,4,0.0252386,0.2364032943167704,2025-11-21 05:00:00
PYPL,2025-12-19 05:00:00,4,0.025394894,-0.5630389804113037,2025-11-21 05:00:00
QCOM,2025-12-19 05:00:00,4,0.0252161,0.0166500303170294,2025-11-21 05:00:00
RCL,2025-12-19 05:00:00,4,0.03642587,-0.5821295540309069,2025-11-21 05:00:00
REG,2025-12-19 05:00:00,4,0.012016218,-0.0619014761589191,2025-11-21 05:00:00
REGN,2025-12-19 05:00:00,4,0.026854783,0.4334158097773322,2025-11-21 05:00:00
RF,2025-12-19 05:00:00,4,0.014576724,-0.2573639860762688,2025-11-21 05:00:00
RJF,2025-12-19 05:00:00,4,0.016939035,-0.3335943606497224,2025-11-21 05:00:00
RL,2025-12-19 05:00:00,4,0.022642203,0.2017359116418373,2025-11-21 05:00:00
RMD,2025-12-19 05:00:00,4,0.015358344,-0.2572189239897736,2025-11-21 05:00:00
ROK,2025-12-19 05:00:00,4,0.016654491,0.2370643585756351,2025-11-21 05:00:00
ROL,2025-12-19 05:00:00,4,0.014860439,0.3189767776831091,2025-11-21 05:00:00
ROP,2025-12-19 05:00:00,4,0.016058931,-0.5464420364981223,2025-11-21 05:00:00
ROST,2025-12-19 05:00:00,4,0.01570594,0.3475055572183272,2025-11-21 05:00:00
RSG,2025-12-19 05:00:00,4,0.015015567,-0.0735827463012066,2025-11-21 05:00:00
RTX,2025-12-19 05:00:00,4,0.013835375,0.0757373789766177,2025-11-21 05:00:00
RVTY,2025-12-19 05:00:00,4,0.026854783,0.2715859989775824,2025-11-21 05:00:00
SBAC,2025-12-19 05:00:00,4,0.0131437015,0.0839093463656119,2025-11-21 05:00:00
SBUX,2025-12-19 05:00:00,4,0.019693408,-0.0521361643358421,2025-11-21 05:00:00
SCHW,2025-12-19 05:00:00,4,0.014337631,-0.2563671946217457,2025-11-21 05:00:00
SHW,2025-12-19 05:00:00,4,0.012966431,-0.17468264039805,2025-11-21 05:00:00
SJM,2025-12-19 05:00:00,4,0.013566906,-0.0921324585811533,2025-11-21 05:00:00
SLB,2025-12-19 05:00:00,4,0.018435534,-0.041767809366754,2025-11-21 05:00:00
SMCI,2025-12-19 05:00:00,4,0.079742305,-0.2859796865063262,2025-11-21 05:00:00
SNA,2025-12-19 05:00:00,4,0.011835568,0.0556934385645463,2025-11-21 05:00:00
SNPS,2025-12-19 05:00:00,4,0.036101233,-0.3256409789053697,2025-11-21 05:00:00
SO,2025-12-19 05:00:00,4,0.013295784,-0.0445397204338926,2025-11-21 05:00:00
SOLV,2025-12-19 05:00:00,4,0.016858745,0.3030291170552452,2025-11-21 05:00:00
SPG,2025-12-19 05:00:00,4,0.012455807,0.1476268468619778,2025-11-21 05:00:00
SPGI,2025-12-19 05:00:00,4,0.016884094,-0.3288788999965607,2025-11-21 05:00:00
SRE,2025-12-19 05:00:00,4,0.01197694,0.3495651216741859,2025-11-21 05:00:00
STE,2025-12-19 05:00:00,4,0.015040965,0.2167890371598615,2025-11-21 05:00:00
STLD,2025-12-19 05:00:00,4,0.016774703,0.3700796654708499,2025-11-21 05:00:00
STT,2025-12-19 05:00:00,4,0.014364482,-0.0325790297194604,2025-11-21 05:00:00
STX,2025-12-19 05:00:00,4,0.08572094,0.1433506320086987,2025-11-21 05:00:00
STZ,2025-12-19 05:00:00,4,0.014837761,-0.2292449696496486,2025-11-21 05:00:00
SW,2025-12-19 05:00:00,4,0.024032725,-0.6165937896944654,2025-11-21 05:00:00
SWK,2025-12-19 05:00:00,4,0.024132805,-0.152127471764702,2025-11-21 05:00:00
SWKS,2025-12-19 05:00:00,4,0.026588555,-0.2522093474567727,2025-11-21 05:00:00
SYF,2025-12-19 05:00:00,4,0.01892788,-0.1011447127588422,2025-11-21 05:00:00
SYK,2025-12-19 05:00:00,4,0.013390264,-0.1348698336839497,2025-11-21 05:00:00
SYY,2025-12-19 05:00:00,4,0.012826687,-0.0641621416845959,2025-11-21 05:00:00
T,2025-12-19 05:00:00,4,0.015734937,-0.0915636843332284,2025-11-21 05:00:00
TAP,2025-12-19 05:00:00,4,0.018054456,-0.0723567046488196,2025-11-21 05:00:00
TDG,2025-12-19 05:00:00,4,0.012262774,0.1233304479300402,2025-11-21 05:00:00
TDY,2025-12-19 05:00:00,4,0.0143882455,-0.2696984986573734,2025-11-21 05:00:00
TECH,2025-12-19 05:00:00,4,0.034413118,0.1608680539312916,2025-11-21 05:00:00
TEL,2025-12-19 05:00:00,4,0.023130441,0.0251808270453527,2025-11-21 05:00:00
TER,2025-12-19 05:00:00,4,0.06486032,0.1380139761398416,2025-11-21 05:00:00
TFC,2025-12-19 05:00:00,4,0.013424042,-0.1143402209511218,2025-11-21 05:00:00
TGT,2025-12-19 05:00:00,4,0.020232242,-0.3306316147748014,2025-11-21 05:00:00
TJX,2025-12-19 05:00:00,4,0.013673478,0.4656457552670335,2025-11-21 05:00:00
TKO,2025-12-19 05:00:00,4,0.026839493,-0.270800172238305,2025-11-21 05:00:00
TMO,2025-12-19 05:00:00,4,0.017492335,0.3597660633662015,2025-11-21 05:00:00
TMUS,2025-12-19 05:00:00,4,0.014183063,-0.3515378300187176,2025-11-21 05:00:00
TPL,2025-12-19 05:00:00,4,0.026469657,-0.0765491626081227,2025-11-21 05:00:00
TPR,2025-12-19 05:00:00,4,0.03448244,-0.0439886999238223,2025-11-21 05:00:00
TRGP,2025-12-19 05:00:00,4,0.017791871,0.0108121709670686,2025-11-21 05:00:00
TRMB,2025-12-19 05:00:00,4,0.019163374,-0.2224102085381964,2025-11-21 05:00:00
TROW,2025-12-19 05:00:00,4,0.016084297,-0.5689786171751579,2025-11-21 05:00:00
TRV,2025-12-19 05:00:00,4,0.013897442,0.262607136931209,2025-11-21 05:00:00
TSCO,2025-12-19 05:00:00,4,0.015682725,-0.5138383262100307,2025-11-21 05:00:00
TSLA,2025-12-19 05:00:00,4,0.035227343,0.0200130483638488,2025-11-21 05:00:00
TSN,2025-12-19 05:00:00,4,0.015123661,-0.3089754269274691,2025-11-21 05:00:00
TT,2025-12-19 05:00:00,4,0.016040158,-0.1156633234812196,2025-11-21 05:00:00
TTD,2025-12-19 05:00:00,4,0.044843055,-0.3915827128703417,2025-11-21 05:00:00
TTWO,2025-12-19 05:00:00,4,0.019010246,-0.010064716516295,2025-11-21 05:00:00
TXN,2025-12-19 05:00:00,4,0.021887885,-0.5191176574013248,2025-11-21 05:00:00
TXT,2025-12-19 05:00:00,4,0.011719772,0.0068448819532031,2025-11-21 05:00:00
TYL,2025-12-19 05:00:00,4,0.015381686,-0.3970083283045119,2025-11-21 05:00:00
UAL,2025-12-19 05:00:00,4,0.037343822,-0.4101124417081988,2025-11-21 05:00:00
UBER,2025-12-19 05:00:00,4,0.03241931,-0.3632164979060906,2025-11-21 05:00:00
UDR,2025-12-19 05:00:00,4,0.015462204,-0.1556688833982279,2025-11-21 05:00:00
UHS,2025-12-19 05:00:00,4,0.018104564,0.7460650217440327,2025-11-21 05:00:00
ULTA,2025-12-19 05:00:00,4,0.021853248,-0.0072829669310091,2025-11-21 05:00:00
UNH,2025-12-19 05:00:00,4,0.020972993,0.1084498383173522,2025-11-21 05:00:00
UNP,2025-12-19 05:00:00,4,0.01180147,0.0215923876935096,2025-11-21 05:00:00
UPS,2025-12-19 05:00:00,4,0.022764388,0.217481846904638,2025-11-21 05:00:00
URI,2025-12-19 05:00:00,4,0.027463183,-0.4821807044373036,2025-11-21 05:00:00
USB,2025-12-19 05:00:00,4,0.014980811,-0.0306351579087734,2025-11-21 05:00:00
V,2025-12-19 05:00:00,4,0.01371033,-0.3113713394267989,2025-11-21 05:00:00
VICI,2025-12-19 05:00:00,4,0.013359373,-0.4085956002438631,2025-11-21 05:00:00
VLO,2025-12-19 05:00:00,4,0.024964599,0.2069379139883443,2025-11-21 05:00:00
VLTO,2025-12-19 05:00:00,4,0.0141019765,-0.1716032332561082,2025-11-21 05:00:00
VMC,2025-12-19 05:00:00,4,0.0143997045,-0.037622848816623,2025-11-21 05:00:00
VRSK,2025-12-19 05:00:00,4,0.017654175,-0.3550426673761126,2025-11-21 05:00:00
VRSN,2025-12-19 05:00:00,4,0.018978365,-0.1725709987465451,2025-11-21 05:00:00
VRTX,2025-12-19 05:00:00,4,0.0132458,0.2287659996866566,2025-11-21 05:00:00
VST,2025-12-19 05:00:00,4,0.04676116,-0.2525578957182787,2025-11-21 05:00:00
VTR,2025-12-19 05:00:00,4,0.015022048,0.553265184470739,2025-11-21 05:00:00
VTRS,2025-12-19 05:00:00,4,0.020698963,0.0019127048887042,2025-11-21 05:00:00
VZ,2025-12-19 05:00:00,4,0.012986308,0.0102301266682567,2025-11-21 05:00:00
WAB,2025-12-19 05:00:00,4,0.011975315,0.0497625500091243,2025-11-21 05:00:00
WAT,2025-12-19 05:00:00,4,0.021062136,0.5391978714568798,2025-11-21 05:00:00
WBD,2025-12-19 05:00:00,4,0.067611374,0.4006934664597275,2025-11-21 05:00:00
WDAY,2025-12-19 05:00:00,4,0.021926748,-0.0165953284325764,2025-11-21 05:00:00
WDC,2025-12-19 05:00:00,4,0.08286375,0.3058572913169358,2025-11-21 05:00:00
WEC,2025-12-19 05:00:00,4,0.012366853,0.2415585476796012,2025-11-21 05:00:00
WELL,2025-12-19 05:00:00,4,0.01718717,0.4680407799990162,2025-11-21 05:00:00
WFC,2025-12-19 05:00:00,4,0.0139250895,0.0386610590346661,2025-11-21 05:00:00
WM,2025-12-19 05:00:00,4,0.013887681,-0.0613802012171053,2025-11-21 05:00:00
WMB,2025-12-19 05:00:00,4,0.0140061965,0.0829504545784704,2025-11-21 05:00:00
WMT,2025-12-19 05:00:00,4,0.014350845,0.2630567006641762,2025-11-21 05:00:00
WRB,2025-12-19 05:00:00,4,0.012718334,0.2701562877316747,2025-11-21 05:00:00
WSM,2025-12-19 05:00:00,4,0.02328922,-0.0671642399331632,2025-11-21 05:00:00
WST,2025-12-19 05:00:00,4,0.025558487,0.1876116857860763,2025-11-21 05:00:00
WTW,2025-12-19 05:00:00,4,0.012080802,-0.0717716252835707,2025-11-21 05:00:00
WY,2025-12-19 05:00:00,4,0.013657655,-0.454122555425878,2025-11-21 05:00:00
WYNN,2025-12-19 05:00:00,4,0.021852646,-0.1917622757700528,2025-11-21 05:00:00
XEL,2025-12-19 05:00:00,4,0.012366853,0.2546310194204365,2025-11-21 05:00:00
XOM,2025-12-19 05:00:00,4,0.01184707,0.1187062422528336,2025-11-21 05:00:00
XYL,2025-12-19 05:00:00,4,0.013660148,-0.0556924173440027,2025-11-21 05:00:00
XYZ,2025-12-19 05:00:00,4,0.038360666,-0.4224382352616057,2025-11-21 05:00:00
YUM,2025-12-19 05:00:00,4,0.014999815,0.1434395313887242,2025-11-21 05:00:00
ZBH,2025-12-19 05:00:00,4,0.020565094,-0.1814625776088293,2025-11-21 05:00:00
ZBRA,2025-12-19 05:00:00,4,0.040583927,-0.4313965020657683,2025-11-21 05:00:00
ZTS,2025-12-19 05:00:00,4,0.019816346,-0.3744414027011514,2025-11-21 05:00:00
A,2026-01-16 05:00:00,8,0.051885992,0.3605987246197111,2025-11-21 05:00:00
AAPL,2026-01-16 05:00:00,8,0.04505379,0.4064472316004506,2025-11-21 05:00:00
ABBV,2026-01-16 05:00:00,8,0.046021577,0.3994006073152109,2025-11-21 05:00:00
ABNB,2026-01-16 05:00:00,8,0.050955795,-0.3118465324398876,2025-11-21 05:00:00
ABT,2026-01-16 05:00:00,8,0.04505379,0.0177238325847321,2025-11-21 05:00:00
ACGL,2026-01-16 05:00:00,8,0.04505379,0.0203562386998011,2025-11-21 05:00:00
ACN,2026-01-16 05:00:00,8,0.048255153,-0.1841637141346662,2025-11-21 05:00:00
ADBE,2026-01-16 05:00:00,8,0.049145803,-0.2419612224007398,2025-11-21 05:00:00
ADI,2026-01-16 05:00:00,8,0.067489535,-0.1983167608648323,2025-11-21 05:00:00
ADM,2026-01-16 05:00:00,8,0.05412858,-0.1906163950610264,2025-11-21 05:00:00
ADP,2026-01-16 05:00:00,8,0.069544986,-0.6315291545186699,2025-11-21 05:00:00
ADSK,2026-01-16 05:00:00,8,0.058973555,-0.2771923135693213,2025-11-21 05:00:00
AEE,2026-01-16 05:00:00,8,0.04505379,0.2609776903502278,2025-11-21 05:00:00
AEP,2026-01-16 05:00:00,8,0.04505379,0.3031185064345967,2025-11-21 05:00:00
AES,2026-01-16 05:00:00,8,0.05395858,-0.050288115526677,2025-11-21 05:00:00
AFL,2026-01-16 05:00:00,8,0.04505379,0.2079437869780605,2025-11-21 05:00:00
AIG,2026-01-16 05:00:00,8,0.04734403,-0.1930790415056891,2025-11-21 05:00:00
AIZ,2026-01-16 05:00:00,8,0.04505379,0.1966669425042344,2025-11-21 05:00:00
AJG,2026-01-16 05:00:00,8,0.06972176,-0.3140511588796243,2025-11-21 05:00:00
AKAM,2026-01-16 05:00:00,8,0.055999413,0.1728637892551152,2025-11-21 05:00:00
ALB,2026-01-16 05:00:00,8,0.09959902,0.2815700808483307,2025-11-21 05:00:00
ALGN,2026-01-16 05:00:00,8,0.059930623,-0.0619084423310689,2025-11-21 05:00:00
ALL,2026-01-16 05:00:00,8,0.04505379,0.1751721761398742,2025-11-21 05:00:00
ALLE,2026-01-16 05:00:00,8,0.06581133,-0.0991037732045031,2025-11-21 05:00:00
AMAT,2026-01-16 05:00:00,8,0.0591722,0.3484354790444187,2025-11-21 05:00:00
AMCR,2026-01-16 05:00:00,8,0.047427498,-0.0781388264223525,2025-11-21 05:00:00
AMD,2026-01-16 05:00:00,8,0.12082098,-0.1805969353996546,2025-11-21 05:00:00
AME,2026-01-16 05:00:00,8,0.04505379,0.0598109849529377,2025-11-21 05:00:00
AMGN,2026-01-16 05:00:00,8,0.048964813,0.368342566543679,2025-11-21 05:00:00
AMP,2026-01-16 05:00:00,8,0.068542175,-0.4556513527027706,2025-11-21 05:00:00
AMT,2026-01-16 05:00:00,8,0.050354164,-0.1954901975109999,2025-11-21 05:00:00
AMZN,2026-01-16 05:00:00,8,0.074048586,-0.2119029072154671,2025-11-21 05:00:00
ANET,2026-01-16 05:00:00,8,0.13579163,-0.2997137571185322,2025-11-21 05:00:00
AON,2026-01-16 05:00:00,8,0.04505379,-0.0999462831243688,2025-11-21 05:00:00
AOS,2026-01-16 05:00:00,8,0.061736394,-0.2025911417542692,2025-11-21 05:00:00
APA,2026-01-16 05:00:00,8,0.06270313,-0.0043009746635962,2025-11-21 05:00:00
APD,2026-01-16 05:00:00,8,0.05422336,-0.2628128784904181,2025-11-21 05:00:00
APH,2026-01-16 05:00:00,8,0.07054955,0.3318259967938827,2025-11-21 05:00:00
APO,2026-01-16 05:00:00,8,0.066991515,-0.1632219432903929,2025-11-21 05:00:00
APTV,2026-01-16 05:00:00,8,0.07586851,-0.1332172352034294,2025-11-21 05:00:00
ARE,2026-01-16 05:00:00,8,0.10173169,-0.406019025843018,2025-11-21 05:00:00
ATO,2026-01-16 05:00:00,8,0.04505379,0.2306729422733151,2025-11-21 05:00:00
AVB,2026-01-16 05:00:00,8,0.047029797,-0.1416297539385254,2025-11-21 05:00:00
AVGO,2026-01-16 05:00:00,8,0.08481278,0.0390879989280848,2025-11-21 05:00:00
AVY,2026-01-16 05:00:00,8,0.04736231,0.0300216440352919,2025-11-21 05:00:00
AWK,2026-01-16 05:00:00,8,0.04729696,-0.0516371280017713,2025-11-21 05:00:00
AXON,2026-01-16 05:00:00,8,0.09966853,-0.4519766195341741,2025-11-21 05:00:00
AXP,2026-01-16 05:00:00,8,0.045386303,0.1185737311507932,2025-11-21 05:00:00
AZO,2026-01-16 05:00:00,8,0.06279169,-0.1439640821031982,2025-11-21 05:00:00
BA,2026-01-16 05:00:00,8,0.0790541,-0.6125779442742874,2025-11-21 05:00:00
BAC,2026-01-16 05:00:00,8,0.04505379,0.0387152496622503,2025-11-21 05:00:00
BALL,2026-01-16 05:00:00,8,0.051000074,-0.0265585673415756,2025-11-21 05:00:00
BAX,2026-01-16 05:00:00,8,0.07936464,-0.2910423987115025,2025-11-21 05:00:00
BBY,2026-01-16 05:00:00,8,0.053226724,0.0110459479686417,2025-11-21 05:00:00
BDX,2026-01-16 05:00:00,8,0.050099596,0.0503187513110938,2025-11-21 05:00:00
BEN,2026-01-16 05:00:00,8,0.067806564,-0.5728619953430498,2025-11-21 05:00:00
BG,2026-01-16 05:00:00,8,0.05395657,0.1519013545202961,2025-11-21 05:00:00
BIIB,2026-01-16 05:00:00,8,0.054395095,0.4146604225713767,2025-11-21 05:00:00
BK,2026-01-16 05:00:00,8,0.058973555,-0.0095318314084372,2025-11-21 05:00:00
BKNG,2026-01-16 05:00:00,8,0.07316356,-0.635226282744872,2025-11-21 05:00:00
BKR,2026-01-16 05:00:00,8,0.050390728,0.0675773984880813,2025-11-21 05:00:00
BLDR,2026-01-16 05:00:00,8,0.08526556,-0.3487676534790693,2025-11-21 05:00:00
BLK,2026-01-16 05:00:00,8,0.06771968,-0.4125310027741133,2025-11-21 05:00:00
BMY,2026-01-16 05:00:00,8,0.050135,0.0443718004469642,2025-11-21 05:00:00
BR,2026-01-16 05:00:00,8,0.06715114,-0.339534558792592,2025-11-21 05:00:00
BRO,2026-01-16 05:00:00,8,0.06739747,-0.2988568392398102,2025-11-21 05:00:00
BSX,2026-01-16 05:00:00,8,0.04834718,-0.2076142667028039,2025-11-21 05:00:00
BX,2026-01-16 05:00:00,8,0.082620084,-0.3560935029420306,2025-11-21 05:00:00
BXP,2026-01-16 05:00:00,8,0.046192117,0.0420437043133846,2025-11-21 05:00:00
C,2026-01-16 05:00:00,8,0.06581133,-0.0059045730102662,2025-11-21 05:00:00
CAG,2026-01-16 05:00:00,8,0.047816627,-0.1827222818822839,2025-11-21 05:00:00
CAH,2026-01-16 05:00:00,8,0.05125072,0.6661629218824578,2025-11-21 05:00:00
CARR,2026-01-16 05:00:00,8,0.0768638,-0.6532928424270469,2025-11-21 05:00:00
CAT,2026-01-16 05:00:00,8,0.053119205,0.4746649150617333,2025-11-21 05:00:00
CB,2026-01-16 05:00:00,8,0.04505379,0.2847847761449124,2025-11-21 05:00:00
CBOE,2026-01-16 05:00:00,8,0.04505379,0.1946677267623663,2025-11-21 05:00:00
CBRE,2026-01-16 05:00:00,8,0.06279169,-0.0069011981504283,2025-11-21 05:00:00
CCI,2026-01-16 05:00:00,8,0.050069652,-0.0105723472333488,2025-11-21 05:00:00
CCL,2026-01-16 05:00:00,8,0.08501538,-0.453129568732775,2025-11-21 05:00:00
CDNS,2026-01-16 05:00:00,8,0.07716815,-0.3402283396408843,2025-11-21 05:00:00
CDW,2026-01-16 05:00:00,8,0.074164204,-0.3132290093815718,2025-11-21 05:00:00
CEG,2026-01-16 05:00:00,8,0.09892441,-0.0151926092869895,2025-11-21 05:00:00
CF,2026-01-16 05:00:00,8,0.05853595,-0.2256335313180711,2025-11-21 05:00:00
CFG,2026-01-16 05:00:00,8,0.052052155,-0.0290409425312646,2025-11-21 05:00:00
CHD,2026-01-16 05:00:00,8,0.047029797,-0.2219559224090727,2025-11-21 05:00:00
CHRW,2026-01-16 05:00:00,8,0.05395657,0.2249294003818941,2025-11-21 05:00:00
CHTR,2026-01-16 05:00:00,8,0.08484974,-0.4911764959262586,2025-11-21 05:00:00
CI,2026-01-16 05:00:00,8,0.06459419,-0.0192385757523889,2025-11-21 05:00:00
CINF,2026-01-16 05:00:00,8,0.04505379,0.2371614561942286,2025-11-21 05:00:00
CL,2026-01-16 05:00:00,8,0.047029797,-0.0536713737779441,2025-11-21 05:00:00
CLX,2026-01-16 05:00:00,8,0.054265037,-0.3079926784967033,2025-11-21 05:00:00
CMCSA,2026-01-16 05:00:00,8,0.06230953,-0.5007518026524934,2025-11-21 05:00:00
CME,2026-01-16 05:00:00,8,0.04505379,0.1703608198453991,2025-11-21 05:00:00
CMG,2026-01-16 05:00:00,8,0.08852381,-0.2989707984214705,2025-11-21 05:00:00
CMI,2026-01-16 05:00:00,8,0.048758864,0.3316301991399484,2025-11-21 05:00:00
CMS,2026-01-16 05:00:00,8,0.04505379,0.4408405354609611,2025-11-21 05:00:00
CNC,2026-01-16 05:00:00,8,0.081310555,0.3721839220648193,2025-11-21 05:00:00
CNP,2026-01-16 05:00:00,8,0.04505379,0.262029633825638,2025-11-21 05:00:00
COF,2026-01-16 05:00:00,8,0.066289075,-0.262746081203414,2025-11-21 05:00:00
COIN,2026-01-16 05:00:00,8,0.13054085,-0.222675710353459,2025-11-21 05:00:00
COO,2026-01-16 05:00:00,8,0.050396286,0.1365872872605383,2025-11-21 05:00:00
COP,2026-01-16 05:00:00,8,0.04837373,-0.2384267806586282,2025-11-21 05:00:00
COR,2026-01-16 05:00:00,8,0.04505379,0.7295535476958431,2025-11-21 05:00:00
COST,2026-01-16 05:00:00,8,0.04729696,-0.1370336953471539,2025-11-21 05:00:00
CPAY,2026-01-16 05:00:00,8,0.06348075,-0.2871571878135743,2025-11-21 05:00:00
CPB,2026-01-16 05:00:00,8,0.047029797,0.0716712569991291,2025-11-21 05:00:00
CPRT,2026-01-16 05:00:00,8,0.05168315,-0.6216587694729108,2025-11-21 05:00:00
CPT,2026-01-16 05:00:00,8,0.04505379,-0.0609582288378705,2025-11-21 05:00:00
CRL,2026-01-16 05:00:00,8,0.07853786,0.0712589236194652,2025-11-21 05:00:00
CRM,2026-01-16 05:00:00,8,0.053235576,-0.2839888820487633,2025-11-21 05:00:00
CRWD,2026-01-16 05:00:00,8,0.064911105,0.1463339944821722,2025-11-21 05:00:00
CSCO,2026-01-16 05:00:00,8,0.047018237,0.1958034366396073,2025-11-21 05:00:00
CSGP,2026-01-16 05:00:00,8,0.08224771,-0.4599070508518709,2025-11-21 05:00:00
CSX,2026-01-16 05:00:00,8,0.047029797,0.1304208244324298,2025-11-21 05:00:00
CTAS,2026-01-16 05:00:00,8,0.067785524,-0.2893585206882226,2025-11-21 05:00:00
CTRA,2026-01-16 05:00:00,8,0.046794422,0.1051949365511763,2025-11-21 05:00:00
CTSH,2026-01-16 05:00:00,8,0.047800835,0.1333175565085086,2025-11-21 05:00:00
CTVA,2026-01-16 05:00:00,8,0.06386091,-0.2811015068407139,2025-11-21 05:00:00
CVS,2026-01-16 05:00:00,8,0.048158996,0.4110595880005337,2025-11-21 05:00:00
CVX,2026-01-16 05:00:00,8,0.04505379,-0.1896358641782303,2025-11-21 05:00:00
CZR,2026-01-16 05:00:00,8,0.0947673,-0.2462920052143559,2025-11-21 05:00:00
D,2026-01-16 05:00:00,8,0.04505379,0.1896235540631528,2025-11-21 05:00:00
DAL,2026-01-16 05:00:00,8,0.059898682,-0.2368963247544986,2025-11-21 05:00:00
DASH,2026-01-16 05:00:00,8,0.09197709,-0.400779120593589,2025-11-21 05:00:00
DAY,2026-01-16 05:00:00,8,0.047029797,-0.2569512322873024,2025-11-21 05:00:00
DD,2026-01-16 05:00:00,8,0.054395095,0.24859144745627,2025-11-21 05:00:00
DDOG,2026-01-16 05:00:00,8,0.09574978,0.1328979341635634,2025-11-21 05:00:00
DE,2026-01-16 05:00:00,8,0.045451492,0.0339331995718793,2025-11-21 05:00:00
DECK,2026-01-16 05:00:00,8,0.086826265,-0.5686465979618324,2025-11-21 05:00:00
DELL,2026-01-16 05:00:00,8,0.090471126,-0.0465112603993185,2025-11-21 05:00:00
DG,2026-01-16 05:00:00,8,0.052311927,-0.1451182506849617,2025-11-21 05:00:00
DGX,2026-01-16 05:00:00,8,0.04505379,0.2358979710930695,2025-11-21 05:00:00
DHI,2026-01-16 05:00:00,8,0.07976472,-0.1465992284577209,2025-11-21 05:00:00
DHR,2026-01-16 05:00:00,8,0.05395657,0.2223356307718158,2025-11-21 05:00:00
DIS,2026-01-16 05:00:00,8,0.07138412,-0.53378362422419,2025-11-21 05:00:00
DLR,2026-01-16 05:00:00,8,0.07040704,-0.1112982492394977,2025-11-21 05:00:00
DLTR,2026-01-16 05:00:00,8,0.05243525,-0.1483984398925143,2025-11-21 05:00:00
DOC,2026-01-16 05:00:00,8,0.047029797,0.0621808823591902,2025-11-21 05:00:00
DOV,2026-01-16 05:00:00,8,0.047029797,0.007296517377248,2025-11-21 05:00:00
DOW,2026-01-16 05:00:00,8,0.06503632,-0.1280668729844561,2025-11-21 05:00:00
DPZ,2026-01-16 05:00:00,8,0.048704337,-0.3361811409670334,2025-11-21 05:00:00
DRI,2026-01-16 05:00:00,8,0.07073751,-0.3364536609218351,2025-11-21 05:00:00
DTE,2026-01-16 05:00:00,8,0.04834718,-0.0133404596152021,2025-11-21 05:00:00
DUK,2026-01-16 05:00:00,8,0.04505379,0.1422088698059245,2025-11-21 05:00:00
DVA,2026-01-16 05:00:00,8,0.05226393,-0.2108784219859986,2025-11-21 05:00:00
DVN,2026-01-16 05:00:00,8,0.053226724,-0.0403927385894052,2025-11-21 05:00:00
DXCM,2026-01-16 05:00:00,8,0.097646005,-0.2401380559749133,2025-11-21 05:00:00
EA,2026-01-16 05:00:00,8,0.04505379,0.2876080258875492,2025-11-21 05:00:00
EBAY,2026-01-16 05:00:00,8,0.081623815,-0.1290488246764246,2025-11-21 05:00:00
ECL,2026-01-16 05:00:00,8,0.06361137,-0.101352454759311,2025-11-21 05:00:00
ED,2026-01-16 05:00:00,8,0.04505379,0.1632400185833874,2025-11-21 05:00:00
EFX,2026-01-16 05:00:00,8,0.07533045,-0.2751102899253833,2025-11-21 05:00:00
EG,2026-01-16 05:00:00,8,0.0503468,-0.1244639475431897,2025-11-21 05:00:00
EIX,2026-01-16 05:00:00,8,0.04736231,0.1987686688751803,2025-11-21 05:00:00
EL,2026-01-16 05:00:00,8,0.061957516,-0.2096761896623995,2025-11-21 05:00:00
ELV,2026-01-16 05:00:00,8,0.055999413,0.0941552817484814,2025-11-21 05:00:00
EMN,2026-01-16 05:00:00,8,0.05777716,-0.4043523123380652,2025-11-21 05:00:00
EMR,2026-01-16 05:00:00,8,0.06533105,-0.1126114364454156,2025-11-21 05:00:00
ENPH,2026-01-16 05:00:00,8,0.09670559,-0.454448181309129,2025-11-21 05:00:00
EOG,2026-01-16 05:00:00,8,0.05068,-0.4825097711721605,2025-11-21 05:00:00
EPAM,2026-01-16 05:00:00,8,0.058705263,0.0455212083862032,2025-11-21 05:00:00
EQIX,2026-01-16 05:00:00,8,0.049472738,-0.0571290488310276,2025-11-21 05:00:00
EQR,2026-01-16 05:00:00,8,0.047294717,-0.1790789073518062,2025-11-21 05:00:00
EQT,2026-01-16 05:00:00,8,0.052922457,0.1211105416280346,2025-11-21 05:00:00
ERIE,2026-01-16 05:00:00,8,0.058072664,-0.3646940379138899,2025-11-21 05:00:00
ES,2026-01-16 05:00:00,8,0.045492318,0.0892876841312487,2025-11-21 05:00:00
ESS,2026-01-16 05:00:00,8,0.04505379,0.073531645217459,2025-11-21 05:00:00
ETN,2026-01-16 05:00:00,8,0.07760405,-0.3231016213692274,2025-11-21 05:00:00
ETR,2026-01-16 05:00:00,8,0.04505379,0.2334805988772973,2025-11-21 05:00:00
EVRG,2026-01-16 05:00:00,8,0.04505379,0.3210768126164851,2025-11-21 05:00:00
EW,2026-01-16 05:00:00,8,0.04761803,0.1770532616964266,2025-11-21 05:00:00
EXC,2026-01-16 05:00:00,8,0.04505379,0.2622393386826677,2025-11-21 05:00:00
EXE,2026-01-16 05:00:00,8,0.05125072,0.2538516155060039,2025-11-21 05:00:00
EXPD,2026-01-16 05:00:00,8,0.05125072,0.2769847378758964,2025-11-21 05:00:00
EXPE,2026-01-16 05:00:00,8,0.06270313,0.2095549589744737,2025-11-21 05:00:00
EXR,2026-01-16 05:00:00,8,0.050655697,-0.0826052522065808,2025-11-21 05:00:00
F,2026-01-16 05:00:00,8,0.052922457,0.1440518678787945,2025-11-21 05:00:00
FANG,2026-01-16 05:00:00,8,0.05022931,-0.0562515665164423,2025-11-21 05:00:00
FAST,2026-01-16 05:00:00,8,0.06828397,-0.7288710484937455,2025-11-21 05:00:00
FCX,2026-01-16 05:00:00,8,0.082804486,-0.2148642725601783,2025-11-21 05:00:00
FDS,2026-01-16 05:00:00,8,0.058578216,-0.390284073364855,2025-11-21 05:00:00
FDX,2026-01-16 05:00:00,8,0.050674602,0.4041490497915472,2025-11-21 05:00:00
FE,2026-01-16 05:00:00,8,0.04505379,0.4928460322203685,2025-11-21 05:00:00
FFIV,2026-01-16 05:00:00,8,0.08271465,-0.4088757925559496,2025-11-21 05:00:00
FI,2026-01-16 05:00:00,8,0.12002213,-0.4130249665305079,2025-11-21 05:00:00
FICO,2026-01-16 05:00:00,8,0.062103197,0.1911402293916541,2025-11-21 05:00:00
FIS,2026-01-16 05:00:00,8,0.051840227,-0.2214568748518565,2025-11-21 05:00:00
FITB,2026-01-16 05:00:00,8,0.050323185,-0.2067323221189411,2025-11-21 05:00:00
FOX,2026-01-16 05:00:00,8,0.048497,0.1334104447310795,2025-11-21 05:00:00
FOXA,2026-01-16 05:00:00,8,0.046794422,0.1255166878428912,2025-11-21 05:00:00
FRT,2026-01-16 05:00:00,8,0.04505379,0.0623011884048292,2025-11-21 05:00:00
FSLR,2026-01-16 05:00:00,8,0.078484684,0.3984846778817765,2025-11-21 05:00:00
FTNT,2026-01-16 05:00:00,8,0.053226724,0.0522625129907644,2025-11-21 05:00:00
FTV,2026-01-16 05:00:00,8,0.04505379,0.3803633330978478,2025-11-21 05:00:00
GD,2026-01-16 05:00:00,8,0.04505379,0.0974028683544925,2025-11-21 05:00:00
GDDY,2026-01-16 05:00:00,8,0.052672092,-0.7423450746150964,2025-11-21 05:00:00
GE,2026-01-16 05:00:00,8,0.06736253,-0.0080020837301706,2025-11-21 05:00:00
GEHC,2026-01-16 05:00:00,8,0.05366525,0.0483684118231867,2025-11-21 05:00:00
GEN,2026-01-16 05:00:00,8,0.06655819,-0.3930178808999799,2025-11-21 05:00:00
GEV,2026-01-16 05:00:00,8,0.0958907,-0.5940558457389805,2025-11-21 05:00:00
GILD,2026-01-16 05:00:00,8,0.045386303,0.3746244938427475,2025-11-21 05:00:00
GIS,2026-01-16 05:00:00,8,0.047029797,0.0165519093292812,2025-11-21 05:00:00
GL,2026-01-16 05:00:00,8,0.050354164,-0.1417490627403266,2025-11-21 05:00:00
GLW,2026-01-16 05:00:00,8,0.07738733,0.1631102694935374,2025-11-21 05:00:00
GM,2026-01-16 05:00:00,8,0.05125072,0.2734480060441401,2025-11-21 05:00:00
GNRC,2026-01-16 05:00:00,8,0.09190786,-0.361796553304597,2025-11-21 05:00:00
GOOG,2026-01-16 05:00:00,8,0.054461934,0.4640533251372247,2025-11-21 05:00:00
GOOGL,2026-01-16 05:00:00,8,0.054461934,0.4540677559510772,2025-11-21 05:00:00
GPC,2026-01-16 05:00:00,8,0.051140994,-0.2471268814224213,2025-11-21 05:00:00
GPN,2026-01-16 05:00:00,8,0.07333372,-0.4148864560306249,2025-11-21 05:00:00
GRMN,2026-01-16 05:00:00,8,0.075511485,-0.3550162701996192,2025-11-21 05:00:00
GS,2026-01-16 05:00:00,8,0.06858401,-0.008777051747497,2025-11-21 05:00:00
GWW,2026-01-16 05:00:00,8,0.047029797,-0.1403384439340264,2025-11-21 05:00:00
HAL,2026-01-16 05:00:00,8,0.06467916,0.1538483614201601,2025-11-21 05:00:00
HAS,2026-01-16 05:00:00,8,0.050686676,-0.1043849073197868,2025-11-21 05:00:00
HBAN,2026-01-16 05:00:00,8,0.06331705,-0.2549335353063563,2025-11-21 05:00:00
HCA,2026-01-16 05:00:00,8,0.048158996,0.765890830787099,2025-11-21 05:00:00
HD,2026-01-16 05:00:00,8,0.069157906,-0.4059719843297821,2025-11-21 05:00:00
HIG,2026-01-16 05:00:00,8,0.04505379,0.1544623096180879,2025-11-21 05:00:00
HII,2026-01-16 05:00:00,8,0.04956712,0.2677489484543764,2025-11-21 05:00:00
HLT,2026-01-16 05:00:00,8,0.045386303,0.0113909881520026,2025-11-21 05:00:00
HOLX,2026-01-16 05:00:00,8,0.047029797,0.2784746703045929,2025-11-21 05:00:00
HON,2026-01-16 05:00:00,8,0.049893513,-0.2973298205934019,2025-11-21 05:00:00
HPE,2026-01-16 05:00:00,8,0.08207804,-0.2273128607282066,2025-11-21 05:00:00
HPQ,2026-01-16 05:00:00,8,0.063106336,-0.3201731507019459,2025-11-21 05:00:00
HRL,2026-01-16 05:00:00,8,0.052843034,-0.220740575112167,2025-11-21 05:00:00
HSIC,2026-01-16 05:00:00,8,0.04761803,0.0773025242867265,2025-11-21 05:00:00
HST,2026-01-16 05:00:00,8,0.05125072,0.0078013145397635,2025-11-21 05:00:00
HSY,2026-01-16 05:00:00,8,0.045925908,0.097652568579411,2025-11-21 05:00:00
HUBB,2026-01-16 05:00:00,8,0.066449545,-0.1638396086268056,2025-11-21 05:00:00
HUM,2026-01-16 05:00:00,8,0.07281237,-0.3262002482619178,2025-11-21 05:00:00
HWM,2026-01-16 05:00:00,8,0.068586774,0.1930835639135685,2025-11-21 05:00:00
IBM,2026-01-16 05:00:00,8,0.049132273,0.4367740092483166,2025-11-21 05:00:00
ICE,2026-01-16 05:00:00,8,0.06756899,-0.3086144077554893,2025-11-21 05:00:00
IDXX,2026-01-16 05:00:00,8,0.049360607,0.0301601807590155,2025-11-21 05:00:00
IEX,2026-01-16 05:00:00,8,0.047468323,0.068583146714638,2025-11-21 05:00:00
IFF,2026-01-16 05:00:00,8,0.055999413,0.0113689527963757,2025-11-21 05:00:00
INCY,2026-01-16 05:00:00,8,0.05753982,0.2610633882344532,2025-11-21 05:00:00
INTC,2026-01-16 05:00:00,8,0.09803098,0.3406721845105928,2025-11-21 05:00:00
INTU,2026-01-16 05:00:00,8,0.051261578,0.0407463140840076,2025-11-21 05:00:00
INVH,2026-01-16 05:00:00,8,0.047029797,-0.3084733666028711,2025-11-21 05:00:00
IP,2026-01-16 05:00:00,8,0.081144474,-0.214392111113391,2025-11-21 05:00:00
IPG,2026-01-16 05:00:00,8,0.047800835,-0.0964856609236367,2025-11-21 05:00:00
IQV,2026-01-16 05:00:00,8,0.05395657,0.3084498224443899,2025-11-21 05:00:00
IR,2026-01-16 05:00:00,8,0.05693493,-0.0446156415603549,2025-11-21 05:00:00
IRM,2026-01-16 05:00:00,8,0.079801865,-0.1271339981442058,2025-11-21 05:00:00
ISRG,2026-01-16 05:00:00,8,0.056729257,0.2148653221891697,2025-11-21 05:00:00
IT,2026-01-16 05:00:00,8,0.056289732,-0.2027559061872379,2025-11-21 05:00:00
ITW,2026-01-16 05:00:00,8,0.053101763,-0.2938502321461385,2025-11-21 05:00:00
IVZ,2026-01-16 05:00:00,8,0.057891697,0.1214272837757231,2025-11-21 05:00:00
J,2026-01-16 05:00:00,8,0.06719496,-0.2329747157379315,2025-11-21 05:00:00
JBHT,2026-01-16 05:00:00,8,0.054459937,0.179670960020958,2025-11-21 05:00:00
JBL,2026-01-16 05:00:00,8,0.08266625,-0.1947129392641864,2025-11-21 05:00:00
JCI,2026-01-16 05:00:00,8,0.04867969,0.0801010655031348,2025-11-21 05:00:00
JKHY,2026-01-16 05:00:00,8,0.045386303,0.1140327133148113,2025-11-21 05:00:00
JNJ,2026-01-16 05:00:00,8,0.04505379,0.5580816396907551,2025-11-21 05:00:00
JPM,2026-01-16 05:00:00,8,0.06342698,-0.0675503451747776,2025-11-21 05:00:00
K,2026-01-16 05:00:00,8,0.04505379,0.1663708220446729,2025-11-21 05:00:00
KDP,2026-01-16 05:00:00,8,0.056652077,-0.1934257969983942,2025-11-21 05:00:00
KEY,2026-01-16 05:00:00,8,0.059597306,-0.2143151440394899,2025-11-21 05:00:00
KEYS,2026-01-16 05:00:00,8,0.04761803,0.0781488235203147,2025-11-21 05:00:00
KHC,2026-01-16 05:00:00,8,0.047816627,-0.3638738576328852,2025-11-21 05:00:00
KIM,2026-01-16 05:00:00,8,0.05233017,-0.1795606625707913,2025-11-21 05:00:00
KKR,2026-01-16 05:00:00,8,0.08011676,-0.3664563219523096,2025-11-21 05:00:00
KLAC,2026-01-16 05:00:00,8,0.06547077,0.1908680397388511,2025-11-21 05:00:00
KMB,2026-01-16 05:00:00,8,0.048214328,-0.2700543016246503,2025-11-21 05:00:00
KMI,2026-01-16 05:00:00,8,0.04834718,-0.0073295870486293,2025-11-21 05:00:00
KMX,2026-01-16 05:00:00,8,0.12208529,-0.4229119887283771,2025-11-21 05:00:00
KO,2026-01-16 05:00:00,8,0.04505379,0.4454788254055976,2025-11-21 05:00:00
KR,2026-01-16 05:00:00,8,0.045451492,0.0308751449881306,2025-11-21 05:00:00
KVUE,2026-01-16 05:00:00,8,0.07798426,-0.6275351722014932,2025-11-21 05:00:00
L,2026-01-16 05:00:00,8,0.04505379,0.4336517153544746,2025-11-21 05:00:00
LDOS,2026-01-16 05:00:00,8,0.04505379,0.1045909603904601,2025-11-21 05:00:00
LEN,2026-01-16 05:00:00,8,0.05366525,-0.0284003155198602,2025-11-21 05:00:00
LH,2026-01-16 05:00:00,8,0.051861554,-0.0339869423783985,2025-11-21 05:00:00
LHX,2026-01-16 05:00:00,8,0.05111987,-0.0405962365365623,2025-11-21 05:00:00
LII,2026-01-16 05:00:00,8,0.08011676,-0.3962014646849676,2025-11-21 05:00:00
LIN,2026-01-16 05:00:00,8,0.06756899,-0.5815469341616335,2025-11-21 05:00:00
LKQ,2026-01-16 05:00:00,8,0.053226724,-0.1624176314242712,2025-11-21 05:00:00
LLY,2026-01-16 05:00:00,8,0.05395657,0.6004834766707462,2025-11-21 05:00:00
LMT,2026-01-16 05:00:00,8,0.047029797,0.016118996971714,2025-11-21 05:00:00
LNT,2026-01-16 05:00:00,8,0.04505379,0.399365980040455,2025-11-21 05:00:00
LOW,2026-01-16 05:00:00,8,0.054130428,-0.1616677005207936,2025-11-21 05:00:00
LRCX,2026-01-16 05:00:00,8,0.07102135,0.2063987281383908,2025-11-21 05:00:00
LULU,2026-01-16 05:00:00,8,0.057638183,-0.314403067557389,2025-11-21 05:00:00
LUV,2026-01-16 05:00:00,8,0.056729257,-0.005733728940238,2025-11-21 05:00:00
LVS,2026-01-16 05:00:00,8,0.05395657,0.0766871884884632,2025-11-21 05:00:00
LW,2026-01-16 05:00:00,8,0.058375515,0.0115620115723123,2025-11-21 05:00:00
LYB,2026-01-16 05:00:00,8,0.061485812,-0.4478095442632434,2025-11-21 05:00:00
LYV,2026-01-16 05:00:00,8,0.07218255,-0.5692334091838126,2025-11-21 05:00:00
MA,2026-01-16 05:00:00,8,0.06361137,-0.3640039663900351,2025-11-21 05:00:00
MAA,2026-01-16 05:00:00,8,0.047029797,-0.1726134822242495,2025-11-21 05:00:00
MAR,2026-01-16 05:00:00,8,0.051689245,0.1736057477035094,2025-11-21 05:00:00
MAS,2026-01-16 05:00:00,8,0.0694798,-0.3646779221108848,2025-11-21 05:00:00
MCD,2026-01-16 05:00:00,8,0.04505379,0.0543073294070292,2025-11-21 05:00:00
MCHP,2026-01-16 05:00:00,8,0.089284614,-0.5080524172841833,2025-11-21 05:00:00
MCK,2026-01-16 05:00:00,8,0.04505379,0.6668757002952916,2025-11-21 05:00:00
MCO,2026-01-16 05:00:00,8,0.050354164,-0.2005671009725595,2025-11-21 05:00:00
MDLZ,2026-01-16 05:00:00,8,0.050354164,-0.1673536615127215,2025-11-21 05:00:00
MDT,2026-01-16 05:00:00,8,0.045492318,0.2944425288134457,2025-11-21 05:00:00
MET,2026-01-16 05:00:00,8,0.049118217,-0.228445610804878,2025-11-21 05:00:00
META,2026-01-16 05:00:00,8,0.07637612,-0.4410555578045035,2025-11-21 05:00:00
MGM,2026-01-16 05:00:00,8,0.07390862,-0.4252579158570131,2025-11-21 05:00:00
MHK,2026-01-16 05:00:00,8,0.07705886,-0.2843630351557246,2025-11-21 05:00:00
MKC,2026-01-16 05:00:00,8,0.047029797,-0.0213615469044914,2025-11-21 05:00:00
MKTX,2026-01-16 05:00:00,8,0.057666086,-0.2502688199776229,2025-11-21 05:00:00
MLM,2026-01-16 05:00:00,8,0.050354164,-0.155656786341654,2025-11-21 05:00:00
MMC,2026-01-16 05:00:00,8,0.052510522,-0.2404724459276492,2025-11-21 05:00:00
MMM,2026-01-16 05:00:00,8,0.046192117,0.1876688601218406,2025-11-21 05:00:00
MNST,2026-01-16 05:00:00,8,0.04505379,0.4347838176058672,2025-11-21 05:00:00
MO,2026-01-16 05:00:00,8,0.06771083,-0.1864669450262827,2025-11-21 05:00:00
MOH,2026-01-16 05:00:00,8,0.0699381,-0.2290471962618011,2025-11-21 05:00:00
MOS,2026-01-16 05:00:00,8,0.08233486,-0.5023470666768672,2025-11-21 05:00:00
MPC,2026-01-16 05:00:00,8,0.05232452,0.1414229793306352,2025-11-21 05:00:00
MPWR,2026-01-16 05:00:00,8,0.08876688,-0.1468956337797131,2025-11-21 05:00:00
MRK,2026-01-16 05:00:00,8,0.05232452,0.2804888217202571,2025-11-21 05:00:00
MRNA,2026-01-16 05:00:00,8,0.094468884,-0.016224323561506,2025-11-21 05:00:00
MS,2026-01-16 05:00:00,8,0.048982453,0.0737732337842421,2025-11-21 05:00:00
MSCI,2026-01-16 05:00:00,8,0.045386303,0.0250958334565653,2025-11-21 05:00:00
MSFT,2026-01-16 05:00:00,8,0.06860214,-0.2577496155353471,2025-11-21 05:00:00
MSI,2026-01-16 05:00:00,8,0.0737564,-0.7815164890549879,2025-11-21 05:00:00
MTB,2026-01-16 05:00:00,8,0.052314933,-0.1660082125561992,2025-11-21 05:00:00
MTCH,2026-01-16 05:00:00,8,0.0679015,-0.3316913868512974,2025-11-21 05:00:00
MTD,2026-01-16 05:00:00,8,0.048497,0.2716128062340466,2025-11-21 05:00:00
MU,2026-01-16 05:00:00,8,0.10738876,0.3157801778632243,2025-11-21 05:00:00
NCLH,2026-01-16 05:00:00,8,0.08779636,-0.4754883908627241,2025-11-21 05:00:00
NDAQ,2026-01-16 05:00:00,8,0.06699585,-0.3467302983230246,2025-11-21 05:00:00
NDSN,2026-01-16 05:00:00,8,0.047029797,0.1410440500580949,2025-11-21 05:00:00
NEE,2026-01-16 05:00:00,8,0.04505379,0.4353056067246876,2025-11-21 05:00:00
NEM,2026-01-16 05:00:00,8,0.07808877,0.0402976787530805,2025-11-21 05:00:00
NFLX,2026-01-16 05:00:00,8,0.08058342,-0.28929001134117,2025-11-21 05:00:00
NI,2026-01-16 05:00:00,8,0.04729696,-0.0057961469402645,2025-11-21 05:00:00
NKE,2026-01-16 05:00:00,8,0.07773733,-0.3980250013974544,2025-11-21 05:00:00
NOC,2026-01-16 05:00:00,8,0.050354164,-0.0946096168203537,2025-11-21 05:00:00
NOW,2026-01-16 05:00:00,8,0.068229765,-0.339209060302987,2025-11-21 05:00:00
NRG,2026-01-16 05:00:00,8,0.08437225,0.0184595595806157,2025-11-21 05:00:00
NSC,2026-01-16 05:00:00,8,0.04729696,0.0826712315533937,2025-11-21 05:00:00
NTAP,2026-01-16 05:00:00,8,0.069161676,-0.1288097624082682,2025-11-21 05:00:00
NTRS,2026-01-16 05:00:00,8,0.06177072,-0.128751716777879,2025-11-21 05:00:00
NUE,2026-01-16 05:00:00,8,0.053861998,0.0142083434994662,2025-11-21 05:00:00
NVDA,2026-01-16 05:00:00,8,0.08379735,-0.0153738310248586,2025-11-21 05:00:00
NVR,2026-01-16 05:00:00,8,0.06655734,-0.1671979946085448,2025-11-21 05:00:00
NWS,2026-01-16 05:00:00,8,0.071780376,-0.4560426078119635,2025-11-21 05:00:00
NWSA,2026-01-16 05:00:00,8,0.06914729,-0.3262955707903638,2025-11-21 05:00:00
NXPI,2026-01-16 05:00:00,8,0.082162015,-0.4743707504641111,2025-11-21 05:00:00
O,2026-01-16 05:00:00,8,0.04834718,-0.0180697616542347,2025-11-21 05:00:00
ODFL,2026-01-16 05:00:00,8,0.056026824,-0.3397978763313265,2025-11-21 05:00:00
OKE,2026-01-16 05:00:00,8,0.047427498,-0.2290676918200178,2025-11-21 05:00:00
OMC,2026-01-16 05:00:00,8,0.048587665,-0.1025068062571768,2025-11-21 05:00:00
ON,2026-01-16 05:00:00,8,0.08177729,-0.2459847580619556,2025-11-21 05:00:00
ORCL,2026-01-16 05:00:00,8,0.12626058,-0.1962422427318755,2025-11-21 05:00:00
ORLY,2026-01-16 05:00:00,8,0.050354164,-0.0362945021740849,2025-11-21 05:00:00
OTIS,2026-01-16 05:00:00,8,0.047029797,0.1820092285508259,2025-11-21 05:00:00
OXY,2026-01-16 05:00:00,8,0.05274699,-0.3645686853316666,2025-11-21 05:00:00
PANW,2026-01-16 05:00:00,8,0.07782586,-0.1567020081694193,2025-11-21 05:00:00
PAYC,2026-01-16 05:00:00,8,0.08334226,-0.5654421799168263,2025-11-21 05:00:00
PAYX,2026-01-16 05:00:00,8,0.07096558,-0.8058147198565023,2025-11-21 05:00:00
PCAR,2026-01-16 05:00:00,8,0.048268206,0.0452652223970138,2025-11-21 05:00:00
PCG,2026-01-16 05:00:00,8,0.04736231,0.096462363929047,2025-11-21 05:00:00
PEG,2026-01-16 05:00:00,8,0.04531871,-0.0389938258737677,2025-11-21 05:00:00
PEP,2026-01-16 05:00:00,8,0.04505379,-0.0907382122051223,2025-11-21 05:00:00
PFE,2026-01-16 05:00:00,8,0.050390728,0.029096517067115,2025-11-21 05:00:00
PFG,2026-01-16 05:00:00,8,0.04505379,0.2151275765885905,2025-11-21 05:00:00
PG,2026-01-16 05:00:00,8,0.047029797,-0.0586762445612503,2025-11-21 05:00:00
PGR,2026-01-16 05:00:00,8,0.04874488,-0.1294541042073595,2025-11-21 05:00:00
PH,2026-01-16 05:00:00,8,0.046192117,0.1904892800310992,2025-11-21 05:00:00
PHM,2026-01-16 05:00:00,8,0.07493452,-0.1047134778970647,2025-11-21 05:00:00
PKG,2026-01-16 05:00:00,8,0.05233017,-0.307662078264477,2025-11-21 05:00:00
PLD,2026-01-16 05:00:00,8,0.04505379,0.2827059111707847,2025-11-21 05:00:00
PLTR,2026-01-16 05:00:00,8,0.15318328,-0.0900232892688734,2025-11-21 05:00:00
PM,2026-01-16 05:00:00,8,0.05694879,0.0012127825135582,2025-11-21 05:00:00
PNC,2026-01-16 05:00:00,8,0.059979394,-0.2730311902010731,2025-11-21 05:00:00
PNR,2026-01-16 05:00:00,8,0.06581133,-0.1474305993787437,2025-11-21 05:00:00
PNW,2026-01-16 05:00:00,8,0.04505379,-0.0309809642317594,2025-11-21 05:00:00
PODD,2026-01-16 05:00:00,8,0.05125072,-0.0950485911293114,2025-11-21 05:00:00
POOL,2026-01-16 05:00:00,8,0.08011676,-0.4388147851677778,2025-11-21 05:00:00
PPG,2026-01-16 05:00:00,8,0.052015662,-0.273404032503515,2025-11-21 05:00:00
PPL,2026-01-16 05:00:00,8,0.04505379,0.0303848893925887,2025-11-21 05:00:00
PRU,2026-01-16 05:00:00,8,0.047029797,-0.0354144158135938,2025-11-21 05:00:00
PSA,2026-01-16 05:00:00,8,0.050323185,-0.1737690227839575,2025-11-21 05:00:00
PSKY,2026-01-16 05:00:00,8,0.11901307,0.077743215451298,2025-11-21 05:00:00
PSX,2026-01-16 05:00:00,8,0.048935525,0.0217423762202605,2025-11-21 05:00:00
PTC,2026-01-16 05:00:00,8,0.07218255,-0.5301469010228177,2025-11-21 05:00:00
PWR,2026-01-16 05:00:00,8,0.07681243,0.2364032943167704,2025-11-21 05:00:00
PYPL,2026-01-16 05:00:00,8,0.07855999,-0.5630389804113037,2025-11-21 05:00:00
QCOM,2026-01-16 05:00:00,8,0.054395095,0.0166500303170294,2025-11-21 05:00:00
RCL,2026-01-16 05:00:00,8,0.08763836,-0.5821295540309069,2025-11-21 05:00:00
REG,2026-01-16 05:00:00,8,0.04505379,-0.0619014761589191,2025-11-21 05:00:00
REGN,2026-01-16 05:00:00,8,0.059299603,0.4334158097773322,2025-11-21 05:00:00
RF,2026-01-16 05:00:00,8,0.06538166,-0.2573639860762688,2025-11-21 05:00:00
RJF,2026-01-16 05:00:00,8,0.06582019,-0.3335943606497224,2025-11-21 05:00:00
RL,2026-01-16 05:00:00,8,0.053911507,0.2017359116418373,2025-11-21 05:00:00
RMD,2026-01-16 05:00:00,8,0.067998655,-0.2572189239897736,2025-11-21 05:00:00
ROK,2026-01-16 05:00:00,8,0.048158996,0.2370643585756351,2025-11-21 05:00:00
ROL,2026-01-16 05:00:00,8,0.04505379,0.3189767776831091,2025-11-21 05:00:00
ROP,2026-01-16 05:00:00,8,0.069544986,-0.5464420364981223,2025-11-21 05:00:00
ROST,2026-01-16 05:00:00,8,0.047053866,0.3475055572183272,2025-11-21 05:00:00
RSG,2026-01-16 05:00:00,8,0.050354164,-0.0735827463012066,2025-11-21 05:00:00
RTX,2026-01-16 05:00:00,8,0.04505379,0.0757373789766177,2025-11-21 05:00:00
RVTY,2026-01-16 05:00:00,8,0.0563711,0.2715859989775824,2025-11-21 05:00:00
SBAC,2026-01-16 05:00:00,8,0.047826484,0.0839093463656119,2025-11-21 05:00:00
SBUX,2026-01-16 05:00:00,8,0.051648416,-0.0521361643358421,2025-11-21 05:00:00
SCHW,2026-01-16 05:00:00,8,0.058973555,-0.2563671946217457,2025-11-21 05:00:00
SHW,2026-01-16 05:00:00,8,0.047029797,-0.17468264039805,2025-11-21 05:00:00
SJM,2026-01-16 05:00:00,8,0.045492318,-0.0921324585811533,2025-11-21 05:00:00
SLB,2026-01-16 05:00:00,8,0.055999413,-0.041767809366754,2025-11-21 05:00:00
SMCI,2026-01-16 05:00:00,8,0.12750232,-0.2859796865063262,2025-11-21 05:00:00
SNA,2026-01-16 05:00:00,8,0.047029797,0.0556934385645463,2025-11-21 05:00:00
SNPS,2026-01-16 05:00:00,8,0.09828812,-0.3256409789053697,2025-11-21 05:00:00
SO,2026-01-16 05:00:00,8,0.050354164,-0.0445397204338926,2025-11-21 05:00:00
SOLV,2026-01-16 05:00:00,8,0.0462922,0.3030291170552452,2025-11-21 05:00:00
SPG,2026-01-16 05:00:00,8,0.04505379,0.1476268468619778,2025-11-21 05:00:00
SPGI,2026-01-16 05:00:00,8,0.05211183,-0.3288788999965607,2025-11-21 05:00:00
SRE,2026-01-16 05:00:00,8,0.04505379,0.3495651216741859,2025-11-21 05:00:00
STE,2026-01-16 05:00:00,8,0.045386303,0.2167890371598615,2025-11-21 05:00:00
STLD,2026-01-16 05:00:00,8,0.048464954,0.3700796654708499,2025-11-21 05:00:00
STT,2026-01-16 05:00:00,8,0.050354164,-0.0325790297194604,2025-11-21 05:00:00
STX,2026-01-16 05:00:00,8,0.13676572,0.1433506320086987,2025-11-21 05:00:00
STZ,2026-01-16 05:00:00,8,0.048787463,-0.2292449696496486,2025-11-21 05:00:00
SW,2026-01-16 05:00:00,8,0.0804272,-0.6165937896944654,2025-11-21 05:00:00
SWK,2026-01-16 05:00:00,8,0.06015802,-0.152127471764702,2025-11-21 05:00:00
SWKS,2026-01-16 05:00:00,8,0.08444127,-0.2522093474567727,2025-11-21 05:00:00
SYF,2026-01-16 05:00:00,8,0.060420573,-0.1011447127588422,2025-11-21 05:00:00
SYK,2026-01-16 05:00:00,8,0.05111987,-0.1348698336839497,2025-11-21 05:00:00
SYY,2026-01-16 05:00:00,8,0.04834718,-0.0641621416845959,2025-11-21 05:00:00
T,2026-01-16 05:00:00,8,0.06581133,-0.0915636843332284,2025-11-21 05:00:00
TAP,2026-01-16 05:00:00,8,0.047029797,-0.0723567046488196,2025-11-21 05:00:00
TDG,2026-01-16 05:00:00,8,0.045386303,0.1233304479300402,2025-11-21 05:00:00
TDY,2026-01-16 05:00:00,8,0.066598155,-0.2696984986573734,2025-11-21 05:00:00
TECH,2026-01-16 05:00:00,8,0.081154615,0.1608680539312916,2025-11-21 05:00:00
TEL,2026-01-16 05:00:00,8,0.066340946,0.0251808270453527,2025-11-21 05:00:00
TER,2026-01-16 05:00:00,8,0.099003434,0.1380139761398416,2025-11-21 05:00:00
TFC,2026-01-16 05:00:00,8,0.04505379,-0.1143402209511218,2025-11-21 05:00:00
TGT,2026-01-16 05:00:00,8,0.048787463,-0.3306316147748014,2025-11-21 05:00:00
TJX,2026-01-16 05:00:00,8,0.04505379,0.4656457552670335,2025-11-21 05:00:00
TKO,2026-01-16 05:00:00,8,0.07048768,-0.270800172238305,2025-11-21 05:00:00
TMO,2026-01-16 05:00:00,8,0.04761803,0.3597660633662015,2025-11-21 05:00:00
TMUS,2026-01-16 05:00:00,8,0.066384465,-0.3515378300187176,2025-11-21 05:00:00
TPL,2026-01-16 05:00:00,8,0.062541716,-0.0765491626081227,2025-11-21 05:00:00
TPR,2026-01-16 05:00:00,8,0.0823091,-0.0439886999238223,2025-11-21 05:00:00
TRGP,2026-01-16 05:00:00,8,0.053861998,0.0108121709670686,2025-11-21 05:00:00
TRMB,2026-01-16 05:00:00,8,0.06970335,-0.2224102085381964,2025-11-21 05:00:00
TROW,2026-01-16 05:00:00,8,0.05326223,-0.5689786171751579,2025-11-21 05:00:00
TRV,2026-01-16 05:00:00,8,0.04505379,0.262607136931209,2025-11-21 05:00:00
TSCO,2026-01-16 05:00:00,8,0.064151675,-0.5138383262100307,2025-11-21 05:00:00
TSLA,2026-01-16 05:00:00,8,0.08545526,0.0200130483638488,2025-11-21 05:00:00
TSN,2026-01-16 05:00:00,8,0.04980249,-0.3089754269274691,2025-11-21 05:00:00
TT,2026-01-16 05:00:00,8,0.06825426,-0.1156633234812196,2025-11-21 05:00:00
TTD,2026-01-16 05:00:00,8,0.10612595,-0.3915827128703417,2025-11-21 05:00:00
TTWO,2026-01-16 05:00:00,8,0.0666112,-0.010064716516295,2025-11-21 05:00:00
TXN,2026-01-16 05:00:00,8,0.070176445,-0.5191176574013248,2025-11-21 05:00:00
TXT,2026-01-16 05:00:00,8,0.047029797,0.0068448819532031,2025-11-21 05:00:00
TYL,2026-01-16 05:00:00,8,0.06735586,-0.3970083283045119,2025-11-21 05:00:00
UAL,2026-01-16 05:00:00,8,0.08614999,-0.4101124417081988,2025-11-21 05:00:00
UBER,2026-01-16 05:00:00,8,0.07680791,-0.3632164979060906,2025-11-21 05:00:00
UDR,2026-01-16 05:00:00,8,0.047029797,-0.1556688833982279,2025-11-21 05:00:00
UHS,2026-01-16 05:00:00,8,0.045853674,0.7460650217440327,2025-11-21 05:00:00
ULTA,2026-01-16 05:00:00,8,0.06671874,-0.0072829669310091,2025-11-21 05:00:00
UNH,2026-01-16 05:00:00,8,0.058705263,0.1084498383173522,2025-11-21 05:00:00
UNP,2026-01-16 05:00:00,8,0.04505379,0.0215923876935096,2025-11-21 05:00:00
UPS,2026-01-16 05:00:00,8,0.05022931,0.217481846904638,2025-11-21 05:00:00
URI,2026-01-16 05:00:00,8,0.073581345,-0.4821807044373036,2025-11-21 05:00:00
USB,2026-01-16 05:00:00,8,0.04505379,-0.0306351579087734,2025-11-21 05:00:00
V,2026-01-16 05:00:00,8,0.050354164,-0.3113713394267989,2025-11-21 05:00:00
VICI,2026-01-16 05:00:00,8,0.062394857,-0.4085956002438631,2025-11-21 05:00:00
VLO,2026-01-16 05:00:00,8,0.055695146,0.2069379139883443,2025-11-21 05:00:00
VLTO,2026-01-16 05:00:00,8,0.050354164,-0.1716032332561082,2025-11-21 05:00:00
VMC,2026-01-16 05:00:00,8,0.053126857,-0.037622848816623,2025-11-21 05:00:00
VRSK,2026-01-16 05:00:00,8,0.07041709,-0.3550426673761126,2025-11-21 05:00:00
VRSN,2026-01-16 05:00:00,8,0.06708113,-0.1725709987465451,2025-11-21 05:00:00
VRTX,2026-01-16 05:00:00,8,0.046192117,0.2287659996866566,2025-11-21 05:00:00
VST,2026-01-16 05:00:00,8,0.100592606,-0.2525578957182787,2025-11-21 05:00:00
VTR,2026-01-16 05:00:00,8,0.04505379,0.553265184470739,2025-11-21 05:00:00
VTRS,2026-01-16 05:00:00,8,0.055999413,0.0019127048887042,2025-11-21 05:00:00
VZ,2026-01-16 05:00:00,8,0.04505379,0.0102301266682567,2025-11-21 05:00:00
WAB,2026-01-16 05:00:00,8,0.04505379,0.0497625500091243,2025-11-21 05:00:00
WAT,2026-01-16 05:00:00,8,0.054395095,0.5391978714568798,2025-11-21 05:00:00
WBD,2026-01-16 05:00:00,8,0.11370127,0.4006934664597275,2025-11-21 05:00:00
WDAY,2026-01-16 05:00:00,8,0.053226724,-0.0165953284325764,2025-11-21 05:00:00
WDC,2026-01-16 05:00:00,8,0.117350176,0.3058572913169358,2025-11-21 05:00:00
WEC,2026-01-16 05:00:00,8,0.04505379,0.2415585476796012,2025-11-21 05:00:00
WELL,2026-01-16 05:00:00,8,0.04505379,0.4680407799990162,2025-11-21 05:00:00
WFC,2026-01-16 05:00:00,8,0.045386303,0.0386610590346661,2025-11-21 05:00:00
WM,2026-01-16 05:00:00,8,0.049747687,-0.0613802012171053,2025-11-21 05:00:00
WMB,2026-01-16 05:00:00,8,0.04867969,0.0829504545784704,2025-11-21 05:00:00
WMT,2026-01-16 05:00:00,8,0.045492318,0.2630567006641762,2025-11-21 05:00:00
WRB,2026-01-16 05:00:00,8,0.04505379,0.2701562877316747,2025-11-21 05:00:00
WSM,2026-01-16 05:00:00,8,0.07403973,-0.0671642399331632,2025-11-21 05:00:00
WST,2026-01-16 05:00:00,8,0.057006374,0.1876116857860763,2025-11-21 05:00:00
WTW,2026-01-16 05:00:00,8,0.04834718,-0.0717716252835707,2025-11-21 05:00:00
WY,2026-01-16 05:00:00,8,0.052672092,-0.454122555425878,2025-11-21 05:00:00
WYNN,2026-01-16 05:00:00,8,0.076315925,-0.1917622757700528,2025-11-21 05:00:00
XEL,2026-01-16 05:00:00,8,0.04505379,0.2546310194204365,2025-11-21 05:00:00
XOM,2026-01-16 05:00:00,8,0.04505379,0.1187062422528336,2025-11-21 05:00:00
XYL,2026-01-16 05:00:00,8,0.05079012,-0.0556924173440027,2025-11-21 05:00:00
XYZ,2026-01-16 05:00:00,8,0.102618426,-0.4224382352616057,2025-11-21 05:00:00
YUM,2026-01-16 05:00:00,8,0.045386303,0.1434395313887242,2025-11-21 05:00:00
ZBH,2026-01-16 05:00:00,8,0.06112027,-0.1814625776088293,2025-11-21 05:00:00
ZBRA,2026-01-16 05:00:00,8,0.090966746,-0.4313965020657683,2025-11-21 05:00:00
ZTS,2026-01-16 05:00:00,8,0.07692825,-0.3744414027011514,2025-11-21 05:00:00
